timestamp_s,trajectory_id,wind_speed_mps,wind_direction_deg,current_speed_mps,current_direction_deg,wave_height_m,scenario
0.0,SYNTH_000,2.7456228634783346,212.99497535067906,0.15413515993756177,44.01957168905565,0.25,calm
2.0,SYNTH_000,2.546885148209778,213.35501690994894,0.15485817389027323,44.096590293982004,0.2563128740005687,calm
4.0,SYNTH_000,2.88952553325679,213.71097220927808,0.1555376978073143,44.17060184446142,0.2626082648519139,calm
6.0,SYNTH_000,2.8256592020931683,214.06270498005262,0.15617348105120013,44.241581874539655,0.26886873782341003,calm
8.0,SYNTH_000,2.7429325878610897,214.41008103877192,0.1567653726639753,44.30950692039035,0.27507695488753425,calm
10.0,SYNTH_000,2.7496549615300783,214.75296835330977,0.1573133330052693,44.374354528071464,0.28121572273655804,calm
12.0,SYNTH_000,2.8183329406230215,215.09123710811238,0.15781744691300967,44.436103260947874,0.287268040398445,calm
14.0,SYNTH_000,2.766655168768496,215.4247597683024,0.1582779384992884,44.49473270677765,0.2932171463200863,calm
16.0,SYNTH_000,2.774663090249454,215.7534111426565,0.15869518767822774,44.550223484459735,0.2990465647874783,calm
18.0,SYNTH_000,2.871446600379838,216.07706844542554,0.1590697484999569,44.602557250440725,0.30474015155428547,calm
20.0,SYNTH_000,2.8514447301832684,216.3956113569671,0.15940236933396496,44.65171670477871,0.3102821385524215,calm
22.0,SYNTH_000,2.792443252563579,216.7089220831601,0.15969401490515128,44.69768559686207,0.3156571775608268,calm
24.0,SYNTH_000,2.7875399814885737,217.0168854135725,0.15994589013597652,44.74044873078151,0.32085038271150235,calm
26.0,SYNTH_000,2.8077663357930747,217.31938877835265,0.1601594656875151,44.77999197035322,0.325847371715084,calm
28.0,SYNTH_000,2.724224519918434,217.61632230381747,0.16033650502045035,44.81630224379203,0.33063430569178254,calm
30.0,SYNTH_000,2.7375800733380045,217.9075788667085,0.16047909271397917,44.84936754803242,0.335197927497383,calm
32.0,SYNTH_000,2.823502789891577,218.19305414709024,0.16058966368644603,44.87917695269642,0.33952559843815877,calm
34.0,SYNTH_000,2.74476226316274,218.47264667986408,0.16067103285701934,44.90572060370684,0.3436053332730233,calm
36.0,SYNTH_000,2.6079362412512985,218.74625790487235,0.1607264246741351,44.92898972654475,0.34742583340597977,calm
38.0,SYNTH_000,2.6836795300979817,219.01379221556815,0.16075950181566256,44.948976629150046,0.3509765181769476,calm
40.0,SYNTH_000,2.7815871948819186,219.27515700622627,0.16077439224038215,44.965674704464206,0.3542475541643043,calm
42.0,SYNTH_000,2.675735462105796,219.53026271767285,0.160775713643718,44.9790784326144,0.3572298824179939,calm
44.0,SYNTH_000,2.6656852751183817,219.77902288151006,0.160768594246789,44.989183382738176,0.3599152435477785,calm
46.0,SYNTH_000,2.7249311703096457,220.0213541628149,0.16075868873150445,44.99598621444819,0.3622962005971551,calm
48.0,SYNTH_000,2.8220325518413407,220.25717640129048,0.16075218803108202,44.99948467893639,0.3643661596395882,calm
50.0,SYNTH_000,2.5457554799232587,220.48641265084987,0.1607558216010284,44.99967761971746,0.36611938804001765,calm
52.0,SYNTH_000,2.7281231475065235,220.70898921761244,0.16077685073676418,44.99656497301108,0.3675510303310692,calm
54.0,SYNTH_000,2.445303719776689,220.92483569629445,0.16082305147741824,44.99014776776302,0.36865712165999803,calm
56.0,SYNTH_000,2.5596313597149023,221.13388500497575,0.16090268564761798,44.98042812530501,0.36943459876912527,calm
58.0,SYNTH_000,2.397889406028762,221.3360734182251,0.1610244586468683,44.967409258653475,0.3698813084793575,calm
60.0,SYNTH_000,2.6216335162321633,221.53134059856856,0.16119746270530536,44.95109547144742,0.3699960136532955,calm
62.0,SYNTH_000,2.540520552966641,221.7196296262841,0.16143110449028927,44.93149215652579,0.3697783966214161,calm
64.0,SYNTH_000,2.5405964455551886,221.90088702750933,0.1617350161742761,44.90860579414476,0.3692290600618406,calm
66.0,SYNTH_000,2.307086660680911,222.07506280064695,0.16211894936287344,44.88244394983553,0.3683495253312512,calm
68.0,SYNTH_000,2.4320940041770824,222.24211044105627,0.16259265163316772,44.853015271903416,0.3671422282515795,calm
70.0,SYNTH_000,2.278985409676978,222.4019869640171,0.16316572584425118,44.820329488569,0.36561051236413467,calm
72.0,SYNTH_000,2.251714245592238,222.55465292595613,0.16384747284976467,44.784397404752255,0.36375861966985423,calm
74.0,SYNTH_000,2.3140599786110245,222.70007244392448,0.16464671875884868,44.74523089850077,0.3615916788813209,calm
76.0,SYNTH_000,2.316490224440539,222.83821321331672,0.1655716284469546,44.702842917063236,0.3591156912190818,calm
78.0,SYNTH_000,2.2142038536824358,222.96904652382335,0.16662950759845827,44.65724747260948,0.35633751379160616,calm
80.0,SYNTH_000,2.0955119203864996,223.09254727360798,0.16782659615319423,44.60845963759848,0.35326484060490926,calm
82.0,SYNTH_000,2.039958687275008,223.20869398170294,0.16916785661070005,44.556495539795854,0.3499061812544357,calm
84.0,SYNTH_000,2.2309597113540662,223.31746879861652,0.17065676119893342,44.50137235694254,0.3462708373582139,calm
86.0,SYNTH_000,2.1097469132994044,223.41885751514732,0.17229508241683622,44.443108311076315,0.34236887679654854,calm
88.0,SYNTH_000,2.0860665850887377,223.5128495694009,0.1740826918899458,44.3817226625082,0.33821110582959263,calm
90.0,SYNTH_000,2.196183855140862,223.59943805200518,0.17601737281289745,44.31723570345556,0.33380903917001836,calm
92.0,SYNTH_000,1.8600749044267515,223.67861970952237,0.1780946514706775,44.24966875133412,0.32917486809366836,calm
94.0,SYNTH_000,2.1616061964900863,223.7503949460556,0.18030765341229754,44.17904414171108,0.32432142667650343,calm
96.0,SYNTH_000,2.1850153375620067,223.8147678230493,0.1826469897794955,44.105385220921676,0.3192621562513518,calm
98.0,SYNTH_000,1.9963911671790466,223.87174605728367,0.18510067905626246,44.028716338351565,0.3140110681828939,calm
100.0,SYNTH_000,1.882348893209847,223.92134101706415,0.18765410909432137,43.94906283838769,0.30858270506397706,calm
102.0,SYNTH_000,1.6989159914573722,223.96356771660746,0.1902900436825084,43.866451052040205,0.30299210044072283,calm
104.0,SYNTH_000,1.8310948115644097,223.9984448086277,0.192988677167795,43.78090828823821,0.2972547371779671,calm
106.0,SYNTH_000,1.6545393562901676,224.02599457512545,0.19572773971240964,43.69246282480229,0.2913865045803377,calm
108.0,SYNTH_000,1.6647575216903419,224.04624291638467,0.1984826547017955,43.60114389909674,0.2854036543877193,calm
110.0,SYNTH_000,1.6070955992427742,224.05921933818308,0.2012267486251368,43.50698169836454,0.27932275576697463,calm
112.0,SYNTH_000,1.6350061304598156,224.06495693722195,0.20393151246318775,43.41000734974843,0.2731606494245696,calm
114.0,SYNTH_000,1.7073655684981441,224.06349238478276,0.20656691227186708,43.310252910001196,0.26693440096718407,calm
116.0,SYNTH_000,1.4965857518702856,224.05486590861858,0.20910174528369538,43.2077513548887,0.2606612536394755,calm
118.0,SYNTH_000,1.4290633457216595,224.03912127308948,0.21150403650502916,43.102536568289075,0.2543585805698829,calm
120.0,SYNTH_000,1.40488378391265,224.0163057575512,0.21374146950930714,42.99464333099181,0.24804383665672539,calm
122.0,SYNTH_000,1.3883084930961873,223.98647013300848,0.21578184395944394,42.88410730920023,0.2417345102278441,calm
124.0,SYNTH_000,1.3246505783826028,223.94966863704383,0.21759355137878073,42.77096504274136,0.23544807460766237,calm
126.0,SYNTH_000,1.36206750148532,223.90595894703472,0.21914605986902352,42.65525393298697,0.22920193972579717,calm
128.0,SYNTH_000,1.5715888481544678,223.85540215167214,0.22041039787978048,42.53701223048985,0.22301340390123914,calm
130.0,SYNTH_000,1.375474585857697,223.79806272079443,0.2213596267955143,42.41627902233931,0.21689960593563157,calm
132.0,SYNTH_000,1.4570525878790501,223.73400847355182,0.2219692920419719,42.293094219240224,0.2108774776483241,calm
134.0,SYNTH_000,1.310534283806024,223.66331054491675,0.22221784263650113,42.16749854231971,0.204963696984652,calm
136.0,SYNTH_000,1.4547640403022621,223.5860433505569,0.22208700961655825,42.03953350966607,0.1991746418273051,calm
138.0,SYNTH_000,1.2743213716890887,223.50228455008846,0.22156213456957916,41.909241422604076,0.19352634463870377,calm
140.0,SYNTH_000,1.3944538932560664,223.4121150087269,0.2206324405367665,41.776665351711515,0.18803444805999658,calm
142.0,SYNTH_000,1.7113062872520302,223.31561875735554,0.21929123884532564,41.641849122581334,0.18271416158964587,calm
144.0,SYNTH_000,1.4548800035131504,223.21288295103025,0.2175360669018147,41.50483730133429,0.1775802194615781,calm
146.0,SYNTH_000,1.6584401323822813,223.103997825942,0.21536875360982366,41.36567517988668,0.17264683983955215,calm
148.0,SYNTH_000,1.631209568597085,222.98905665485717,0.21279541080872283,41.22440876097829,0.16792768544075515,calm
150.0,SYNTH_000,1.615620551714943,222.86815570105924,0.20982635091339683,41.08108474296525,0.16343582569767617,calm
152.0,SYNTH_000,1.6167233482658632,222.74139417081312,0.2064759327125103,40.93575050438302,0.15918370056304862,calm
154.0,SYNTH_000,1.8671655368958686,222.60887416437637,0.2027623389999501,40.78845408828447,0.15518308605810127,calm
156.0,SYNTH_000,1.7823999964561092,222.47070062558163,0.19870729131794734,40.639244186358304,0.1514450616595303,calm
158.0,SYNTH_000,2.0191333630125095,222.32698129001426,0.19433570853256665,40.48817012283315,0.1479799796155123,calm
160.0,SYNTH_000,1.8646588975075886,222.17782663181225,0.18967531720036168,40.335281838172364,0.1447974362757354,calm
162.0,SYNTH_000,2.015608743423224,222.02334980911283,0.1847562226842056,40.180629872565355,0.14190624551484915,calm
164.0,SYNTH_000,2.131958808376992,221.86366660817464,0.17961045071053433,40.02426534922048,0.13931441432293468,calm
166.0,SYNTH_000,2.1994796352832546,221.6988953862014,0.1742714695129765,39.866239957465275,0.13702912063059636,calm
168.0,SYNTH_000,2.115675129503998,221.5291570128965,0.1687737028720298,39.706605935659574,0.13505669343008692,calm
170.0,SYNTH_000,2.2485407724973845,221.35457481077648,0.16315204424047935,39.5454160539271,0.1334025952475199,calm
172.0,SYNTH_000,2.369079991355491,221.17527449427382,0.15744138175257139,39.38272359671123,0.13207140701471065,calm
174.0,SYNTH_000,2.3737250989468475,220.9913841076581,0.15167614327322548,39.218582345160875,0.13106681538254378,calm
176.0,SYNTH_000,2.592818583908719,220.80303396180685,0.1458898697810863,39.05304655935198,0.130391602511001,calm
178.0,SYNTH_000,2.6444157578884315,220.61035656985732,0.1401148243315177,38.88617096035089,0.13004763836412556,calm
180.0,SYNTH_000,2.444039679470947,220.41348658177037,0.1343816426529162,38.71801071212518,0.13003587553126217,calm
182.0,SYNTH_000,2.506170128364565,220.2125607178396,0.12871903013512292,38.548621403308154,0.13035634658891435,calm
184.0,SYNTH_000,2.5976688535522836,220.0077177011778,0.12315350861661438,38.37805902882296,0.1310081640105257,calm
186.0,SYNTH_000,2.7684150853337255,219.7990981892145,0.11770921501145956,38.20637997137235,0.13198952262443475,calm
188.0,SYNTH_000,2.982353919996946,219.58684470423856,0.11240775247957807,38.033640982800314,0.13329770461319618,calm
190.0,SYNTH_000,2.7545859755663904,219.37110156301944,0.10726809357299147,37.85989916533164,0.1349290870404234,calm
192.0,SYNTH_000,2.8232675360000585,219.15201480554285,0.10230653362022704,37.68521195269565,0.13687915188430677,calm
194.0,SYNTH_000,2.6892240594708636,218.92973212289493,0.09753669156892075,37.50963709114042,0.13914249855002092,calm
196.0,SYNTH_000,2.680675664019683,218.70440278433168,0.09296955461485124,37.333232620343566,0.14171285882636797,calm
198.0,SYNTH_000,2.5726544520463164,218.47617756356846,0.08861356221941338,37.156056854226165,0.14458311424523573,calm
200.0,SYNTH_000,2.7425948990909674,218.2452086643272,0.08447472456555488,36.97816836167591,0.14774531579579453,calm
202.0,SYNTH_000,2.8121856105195646,218.011649645177,0.08055677012666088,36.79962594718606,0.151190705938835,calm
204.0,SYNTH_000,2.649833985986243,217.77565534370578,0.07686131681999127,36.62048863141645,0.15490974286028036,calm
206.0,SYNTH_000,2.79026591972353,217.53738180006067,0.07338806117691009,36.440815631683094,0.15889212689670346,calm
208.0,SYNTH_000,2.6336711965172825,217.29698617989408,0.07013498007260355,36.26066634238271,0.16312682905966436,calm
210.0,SYNTH_000,2.572713353663364,217.05462669675438,0.06709853980092063,36.08010031535881,0.1676021215798737,calm
212.0,SYNTH_000,2.590755378138846,216.8104625339588,0.06427390763537301,35.89917724021562,0.17230561038658934,calm
214.0,SYNTH_000,2.5515760316085023,216.56465376598788,0.0616551614634742,35.71795692458655,0.17722426943229785,calm
216.0,SYNTH_000,2.5833895753460547,216.3173612794393,0.05923549359602198,35.53649927436365,0.1823444767676195,calm
218.0,SYNTH_000,2.35686345014314,216.0687466935812,0.05700740541329037,35.35486427389448,0.18765205226653092,calm
220.0,SYNTH_000,2.1799770014895348,215.8189722805434,0.05496289009498574,35.1731119661532,0.19313229689742573,calm
222.0,SYNTH_000,2.3957181126673457,215.56820088518623,0.053093601270395016,34.99130243289216,0.19877003343125493,calm
224.0,SYNTH_000,2.302612315706818,215.31659584468684,0.05139100600169079,34.809495774780714,0.20454964847400914,calm
226.0,SYNTH_000,2.3448845122322037,215.06432090788198,0.04984652106162646,34.627752091537765,0.21045513570713414,calm
228.0,SYNTH_000,2.5022340494487296,214.81154015440774,0.048451631974371336,34.44613146206468,0.2164701402161289,calm
230.0,SYNTH_000,2.2180871905058597,214.558417913676,0.04719799474536426,34.26469392458498,0.22257800378456138,calm
232.0,SYNTH_000,2.401675375638587,214.3051186837274,0.04607752060600872,34.083499456797604,0.22876181102806104,calm
234.0,SYNTH_000,2.420674452209334,214.05180705000095,0.045082444437708764,33.902607956050076,0.23500443624052336,calm
236.0,SYNTH_000,2.376866136886378,213.79864760406087,0.04420537781557692,33.72207921953828,0.2412885908227898,calm
238.0,SYNTH_000,2.450854764222989,213.54580486231998,0.043439347825778095,33.54197292453935,0.24759687116244952,calm
240.0,SYNTH_000,2.304542714930499,213.29344318480028,0.04277782296445456,33.36234860868419,0.25391180683216424,calm
242.0,SYNTH_000,2.2963997219605115,213.0417266939711,0.0422147275245932,33.183265650276105,0.2602159089730339,calm
244.0,SYNTH_000,2.485038755305954,212.79081919370415,0.04174444592532081,33.004783248662235,0.26649171872900707,calm
246.0,SYNTH_000,2.4717979035352773,212.54088408838604,0.0413618184420365,32.82696040466401,0.2727218555981992,calm
248.0,SYNTH_000,2.559097283329091,212.29208430222806,0.041062129762098526,32.649855901073266,0.2788890655672156,calm
250.0,SYNTH_000,2.462884372757384,212.0445821988133,0.04084109172624321,32.473528283220496,0.28497626889516936,calm
252.0,SYNTH_000,2.6265712216961465,211.79853950092001,0.040694821527215264,32.298035839621534,0.29096660741506314,calm
254.0,SYNTH_000,2.45921170111427,211.55411721066216,0.04061981653062487,32.12343658270917,0.2968434912215331,calm
256.0,SYNTH_000,2.404943632968846,211.31147552998533,0.040612926764732354,31.949788229655965,0.30259064461565865,calm
258.0,SYNTH_000,2.3309091766250485,211.07077378155785,0.04067132600101639,31.7771481832948,0.30819215117959436,calm
260.0,SYNTH_000,2.447963170529564,210.83217033009637,0.04079248222063694,31.605573513143174,0.31363249785619296,calm
262.0,SYNTH_000,2.6630670459596377,210.59582250416398,0.040974128137163945,31.435120936537842,0.3188966179115445,calm
264.0,SYNTH_000,2.4572743902900873,210.3618865184806,0.0412142323263711,31.265846799885736,0.32396993266144763,calm
0.0,SYNTH_001,9.829696802606525,7.615458010878399,0.27461618597754534,14.099742695719584,0.85,crosswind
2.0,SYNTH_001,9.694908456649895,7.872657587306378,0.27388807493579287,14.022849216129728,0.8563128740005687,crosswind
4.0,SYNTH_001,9.628305285916458,8.123540061932374,0.27311726572201334,13.942973058637222,0.8626082648519139,crosswind
6.0,SYNTH_001,9.636395752782459,8.368021051821643,0.2723046915635966,13.860140627855966,0.86886873782341,crosswind
8.0,SYNTH_001,9.543069782286766,8.606019335136637,0.2714513837547319,13.774379305653376,0.8750769548875342,crosswind
10.0,SYNTH_001,9.758326161242428,8.837456891244585,0.2705584823294254,13.68571744209876,0.881215722736558,crosswind
12.0,SYNTH_001,9.735384882579108,9.0622589392446,0.26962724825927925,13.594184346091659,0.887268040398445,crosswind
14.0,SYNTH_001,9.65023531497464,9.280353974895036,0.26865907728931443,13.499810275673214,0.8932171463200863,crosswind
16.0,SYNTH_001,9.572014959487516,9.491673805922971,0.2676555155094661,13.402626428023796,0.8990465647874784,crosswind
18.0,SYNTH_001,9.42287570794025,9.696153585697857,0.2666182767366451,13.302664929150154,0.9047401515542854,crosswind
20.0,SYNTH_001,9.463197150575805,9.893731845253058,0.26554926175140714,13.199958823265568,0.9102821385524215,crosswind
22.0,SYNTH_001,9.419176124665936,10.084350523639898,0.26445057939332295,13.094542061866411,0.9156571775608268,crosswind
24.0,SYNTH_001,9.399173109510329,10.267954996598519,0.2633245694692218,12.986449492508847,0.9208503827115023,crosswind
26.0,SYNTH_001,9.543228186567932,10.444494103531781,0.2621738273678711,12.87571684728928,0.925847371715084,crosswind
28.0,SYNTH_001,9.366565154194882,10.613920172768303,0.26100123020288857,12.762380731032433,0.9306343056917825,crosswind
30.0,SYNTH_001,9.452388030300547,10.77618904510365,0.25980996422260455,12.64647860919089,0.935197927497383,crosswind
32.0,SYNTH_001,9.255118778974264,10.931260095605978,0.25860355313143535,12.528048795460185,0.9395255984381587,crosswind
34.0,SYNTH_001,9.36691747369145,11.079096253677221,0.25738588686281494,12.407130439113452,0.9436053332730233,crosswind
36.0,SYNTH_001,9.216683069101842,11.21966402135854,0.256161250230136,12.283763512059881,0.9474258334059797,crosswind
38.0,SYNTH_001,9.272646665117476,11.3529334898721,0.2549343507613701,12.157988795631228,0.9509765181769476,crosswind
40.0,SYNTH_001,9.328532014762644,11.478878354390076,0.253710344897665,12.029847867100749,0.9542475541643043,crosswind
42.0,SYNTH_001,9.086167918059072,11.59747592702405,0.25249486160955664,11.899383085939021,0.9572298824179939,crosswind
44.0,SYNTH_001,9.096442932832723,11.708707148028793,0.25129402236054593,11.766637579811217,0.9599152435477785,crosswind
46.0,SYNTH_001,9.057745180005982,11.812556595213778,0.25011445623143913,11.631655230320401,0.9622962005971551,crosswind
48.0,SYNTH_001,9.060561358092887,11.90901249155894,0.2489633089154926,11.494480658501617,0.9643661596395882,crosswind
50.0,SYNTH_001,9.044946719988998,11.998066711029992,0.24784824421005006,11.35515921007154,0.9661193880400176,crosswind
52.0,SYNTH_001,9.101159667254082,12.079714782591509,0.24677743657149176,11.213736940438567,0.9675510303310692,crosswind
54.0,SYNTH_001,8.847878648785727,12.153955892414558,0.24575955327364185,11.070260599478328,0.9686571216599981,crosswind
56.0,SYNTH_001,8.805075717552036,12.220792884278353,0.24480372472206963,10.92477761607957,0.9694345987691253,crosswind
58.0,SYNTH_001,8.842521025555818,12.28023225816645,0.24391950153447103,10.777336082465652,0.9698813084793575,crosswind
60.0,SYNTH_001,8.78072361055545,12.332284167056514,0.2431167971064954,10.627984738296703,0.9699960136532955,crosswind
62.0,SYNTH_001,8.71736392448965,12.376962411907243,0.24240581454804438,10.476772954557807,0.9697783966214161,crosswind
64.0,SYNTH_001,8.78730627468161,12.41428443484267,0.24179695710103133,10.323750717238436,0.9692290600618406,crosswind
66.0,SYNTH_001,8.646662859976841,12.444271310539875,0.24130072143803477,10.168968610808635,0.9683495253312512,crosswind
68.0,SYNTH_001,8.64992196864842,12.466947735821634,0.24092757359244962,10.01247780149733,0.9671422282515795,crosswind
70.0,SYNTH_001,8.688033374203004,12.482342017461121,0.24068780768255882,9.854330020378342,0.9656105123641346,crosswind
72.0,SYNTH_001,8.691976632738047,12.490486058203942,0.2405913880598213,9.694577546269688,0.9637586196698542,crosswind
74.0,SYNTH_001,8.675335411332137,12.491415341014147,0.24064777602822918,9.53327318845178,0.9615916788813209,crosswind
76.0,SYNTH_001,8.610400358821948,12.485168911552648,0.24086574283662773,9.370470269210308,0.9591156912190818,crosswind
78.0,SYNTH_001,8.323665879766994,12.471789358896103,0.24125317122636386,9.206222606209533,0.9563375137916061,crosswind
80.0,SYNTH_001,8.678410362612873,12.451322794506211,0.24181684840678577,9.040584494701788,0.9532648406049092,crosswind
82.0,SYNTH_001,8.519884070344393,12.423818829459549,0.24256225391276676,8.873610689579145,0.9499061812544357,crosswind
84.0,SYNTH_001,8.48108191554312,12.38933054994925,0.24349334635138142,8.705356387273127,0.9462708373582138,crosswind
86.0,SYNTH_001,8.424635827555198,12.347914491070696,0.24461235354745275,8.535877207508438,0.9423688767965486,crosswind
88.0,SYNTH_001,8.433538148897425,12.299630608904067,0.2459195710274937,8.365229174916811,0.9382111058295926,crosswind
90.0,SYNTH_001,8.369384974641292,12.24454225090767,0.24741317411619215,8.193468700516954,0.9338090391700183,crosswind
92.0,SYNTH_001,8.330943351720657,12.182716124636556,0.24908904913757907,8.0206525630668,0.9291748680936683,crosswind
94.0,SYNTH_001,8.25830323425244,12.114222264801697,0.2509406492948136,7.846837890294197,0.9243214266765034,crosswind
96.0,SYNTH_001,8.35655643047783,12.039133998686737,0.2529588807314295,7.67208214001221,0.9192621562513518,crosswind
98.0,SYNTH_001,8.410605325503134,11.957527909937994,0.25513202404006063,7.496443081125353,0.9140110681828939,crosswind
100.0,SYNTH_001,8.141422607739218,11.869483800747219,0.2574456960739678,7.319978774532927,0.908582705063977,crosswind
102.0,SYNTH_001,8.245484303862263,11.775084652444832,0.2598828563294928,7.142747553935876,0.9029921004407228,crosswind
104.0,SYNTH_001,8.123518493726024,11.67441658452293,0.26242386140733054,6.964808006553465,0.8972547371779671,crosswind
106.0,SYNTH_001,8.124452074815014,11.56756881210896,0.2650465701372069,6.786218953756109,0.8913865045803376,crosswind
108.0,SYNTH_001,8.298341600521962,11.4546336019107,0.26772650088080996,6.607039431620847,0.8854036543877193,crosswind
110.0,SYNTH_001,8.276299218907425,11.335706226654395,0.27043704133478924,6.427328671415817,0.8793227557669746,crosswind
112.0,SYNTH_001,8.10770455573752,11.21088491803846,0.27314970986862275,6.2471460800202046,0.8731606494245695,crosswind
114.0,SYNTH_001,8.302503888385973,11.0802708182257,0.27583446608585543,6.066551220286163,0.866934400967184,crosswind
116.0,SYNTH_001,8.318456524823922,10.943967929898918,0.27846006693080294,5.885603791349136,0.8606612536394755,crosswind
118.0,SYNTH_001,8.147879104446465,10.80208306490374,0.2809944633186718,5.704363608893156,0.8543585805698829,crosswind
120.0,SYNTH_001,8.189774508956106,10.654725791503722,0.2834052309892844,5.522890585377631,0.8480438366567253,crosswind
122.0,SYNTH_001,8.200498955692607,10.502008380275413,0.285660028117494,5.341244710232068,0.8417345102278441,crosswind
124.0,SYNTH_001,8.062616039566018,10.344045748667952,0.28772707119962804,5.159486030025467,0.8354480746076623,crosswind
126.0,SYNTH_001,8.24924771822929,10.180955404256224,0.2895756199142958,4.97767462861671,0.8292019397257971,crosswind
128.0,SYNTH_001,8.134921321869376,10.0128573867147,0.29117646106205536,4.795870607292698,0.8230134039012391,crosswind
130.0,SYNTH_001,8.321444001310018,9.839874208541005,0.2925023813496175,4.614134064900714,0.8168996059356315,crosswind
132.0,SYNTH_001,8.331019306741421,9.662130794558777,0.2935286187204864,4.432525077981556,0.8108774776483241,crosswind
134.0,SYNTH_001,8.430422221947284,9.47975442022846,0.2942332821562655,4.251103680910088,0.804963696984652,crosswind
136.0,SYNTH_001,8.324089783329947,9.292874648797863,0.2945977303827262,4.069929846049724,0.799174641827305,crosswind
138.0,SYNTH_001,8.359332565451917,9.101623267323362,0.29460690070358625,3.8890634639273562,0.7935263446387038,crosswind
140.0,SYNTH_001,8.489195399905975,8.90613422159214,0.29424958023430187,3.7085643234354384,0.7880344480599966,crosswind
142.0,SYNTH_001,8.48391609947519,8.706543549978903,0.2935186130901377,3.528492092067559,0.7827141615896458,crosswind
144.0,SYNTH_001,8.591928991710127,8.502989316269407,0.2924110385608878,3.3489062961942113,0.7775802194615781,crosswind
146.0,SYNTH_001,8.62514358352338,8.29561154148331,0.29092815693515334,3.169866301385209,0.7726468398395521,crosswind
148.0,SYNTH_001,8.567850714452721,8.084552134731268,0.28907552137058434,2.9914312927852196,0.7679276854407551,crosswind
150.0,SYNTH_001,8.775294449142292,7.869954823138642,0.2868628559896489,2.8136602555489834,0.7634358256976762,crosswind
152.0,SYNTH_001,8.846082730936937,7.651965080872685,0.2843039021581052,2.6366119553426213,0.7591837005630486,crosswind
154.0,SYNTH_001,8.85066090415114,7.4307300573059365,0.2814161966204281,2.4603449189174995,0.7551830860581012,crosswind
156.0,SYNTH_001,9.217466534253761,7.2063985043530465,0.2782207867702826,2.2849174147630946,0.7514450616595303,crosswind
158.0,SYNTH_001,9.047584353785483,6.979120703016235,0.2747418897763009,2.110387433845185,0.7479799796155122,crosswind
160.0,SYNTH_001,9.325410027173099,6.749048389175016,0.2710065035215133,1.9368126704358257,0.7447974362757354,crosswind
162.0,SYNTH_001,9.504263216458957,6.516334678658666,0.2670439783139736,1.7642505030414068,0.7419062455148491,crosswind
164.0,SYNTH_001,9.568069110716008,6.281133991635841,0.262885559060332,1.5927579754350245,0.7393144143229347,crosswind
166.0,SYNTH_001,9.537070509632526,6.043601976361401,0.2585639080468253,1.4223917777996165,0.7370291206305963,crosswind
168.0,SYNTH_001,9.668119914057096,5.8038954323160965,0.2541126186368247,1.2532082279878725,0.735056693430087,crosswind
170.0,SYNTH_001,9.713625448814538,5.562172232777641,0.2495657300741,1.085263252905297,0.7334025952475198,crosswind
172.0,SYNTH_001,9.82497963338313,5.318591246862184,0.24495725318925876,0.9186123700224922,0.7320714070147106,crosswind
174.0,SYNTH_001,9.889503793298093,5.073312261073454,0.2403207161650766,0.7533106690227607,0.7310668153825437,crosswind
176.0,SYNTH_001,9.912674508888603,4.826495900399152,0.23568873865393297,0.5894127935911495,0.730391602511001,crosswind
178.0,SYNTH_001,10.184608880748225,4.578303548993119,0.23109264149285727,0.4269729233509425,0.7300476383641256,crosswind
180.0,SYNTH_001,10.111354346049236,4.328897270482912,0.22656209806894806,0.2660447559534802,0.7300358755312621,crosswind
182.0,SYNTH_001,10.118824563846498,4.078439727941657,0.22212483209331602,0.10668148932742394,0.7303563465889144,crosswind
184.0,SYNTH_001,10.331879413218113,3.827094103563695,0.21780636518959068,359.9489358040931,0.7310081640105257,crosswind
186.0,SYNTH_001,10.323914336040831,3.5750240180843207,0.21362981633732392,359.7928598461479,0.7319895226244347,crosswind
188.0,SYNTH_001,10.42639620305465,3.3223934499827124,0.2096157538731586,359.63850520942856,0.7332977046131962,crosswind
190.0,SYNTH_001,10.512092409958127,3.069366654508258,0.2057820994817759,359.48592291885547,0.7349290870404234,crosswind
192.0,SYNTH_001,10.433449886367455,2.8161080825698264,0.20214408243809187,359.33516341346586,0.7368791518843067,crosswind
194.0,SYNTH_001,10.484199052949782,2.562782299529431,0.19871424132004897,359.18627652973976,0.7391424985500209,crosswind
196.0,SYNTH_001,10.396600649805558,2.3095539039381947,0.19550246951952444,359.03931148512584,0.741712858826368,crosswind
198.0,SYNTH_001,10.537134591872153,2.0565874462569127,0.19251610015264425,358.89431686177153,0.7445831142452357,crosswind
200.0,SYNTH_001,10.521209484881467,1.8040473475991803,0.1897600254187974,358.7513405904633,0.7477453157957945,crosswind
202.0,SYNTH_001,10.437406747481777,1.5520978185400054,0.18723684508209795,358.61042993478225,0.751190705938835,crosswind
204.0,SYNTH_001,10.518542012523902,1.300902778027023,0.18494703854615502,358.47163147548,0.7549097428602803,crosswind
206.0,SYNTH_001,10.393675093096837,1.0506257724360353,0.18288915495363794,358.3349910950808,0.7588921268967035,crosswind
208.0,SYNTH_001,10.30557484980923,0.8014298948111218,0.1810600158525741,358.2005539627139,0.7631268290596643,crosswind
210.0,SYNTH_001,10.15800349003645,0.5534777043279746,0.17945492521425016,358.06836451918235,0.7676021215798736,crosswind
212.0,SYNTH_001,10.336062154362708,0.3069311460210429,0.17806788194298145,357.9384664622719,0.7723056103865893,crosswind
214.0,SYNTH_001,10.177143490438564,0.061951470813937703,0.17689179046415776,357.810902732306,0.7772242694322978,crosswind
216.0,SYNTH_001,10.102067775085963,359.81869915589266,0.1759186654913882,357.685715497951,0.7823444767676195,crosswind
218.0,SYNTH_001,10.212014347171609,359.5773338254611,0.1751398276339321,357.5629461422766,0.7876520522665309,crosswind
0.0,SYNTH_002,7.58895982708795,337.1085285426702,0.5371922494933862,359.52908661502636,1.15,changing_wind_current
2.0,SYNTH_002,7.7415864289406,337.382265995774,0.5366540449690352,359.4723769218804,1.1563128740005686,changing_wind_current
4.0,SYNTH_002,7.627779472153215,337.64992850579733,0.5360708844915332,359.41253595072527,1.1626082648519138,changing_wind_current
6.0,SYNTH_002,7.754369484367682,337.9114234037093,0.535443548116048,359.34958348315524,1.16886873782341,changing_wind_current
8.0,SYNTH_002,7.595573059173552,338.1666610660881,0.534772915932539,359.2835403293301,1.1750769548875342,changing_wind_current
10.0,SYNTH_002,7.61045970689339,338.4155549593778,0.5340599788621967,359.21442832109597,1.1812157227365578,changing_wind_current
12.0,SYNTH_002,7.635835423633245,338.6580216826188,0.5333058509769397,359.1422703047683,1.1872680403984448,changing_wind_current
14.0,SYNTH_002,7.503103092686829,338.89398100863207,0.5325117834551459,359.0670901335797,1.1932171463200862,changing_wind_current
16.0,SYNTH_002,7.733097957944775,339.1233559236358,0.5316791802711552,358.98891265979466,1.1990465647874782,changing_wind_current
18.0,SYNTH_002,7.582678017949853,339.34607266527564,0.5308096156933344,358.9077637264942,1.2047401515542855,changing_wind_current
20.0,SYNTH_002,7.449803486861725,339.56206075904834,0.5299048536346562,358.823670159033,1.2102821385524214,changing_wind_current
22.0,SYNTH_002,7.533423720595674,339.7712530531033,0.5289668688597909,358.73665975617166,1.2156571775608267,changing_wind_current
24.0,SYNTH_002,7.403979374695158,339.9735857514022,0.5279978700027911,358.6467612808874,1.2208503827115023,changing_wind_current
26.0,SYNTH_002,7.514522607840697,340.1689984452221,0.5270003242888431,358.55400445086565,1.225847371715084,changing_wind_current
28.0,SYNTH_002,7.529429160539467,340.35743414298537,0.5259769837817966,358.4584199286767,1.2306343056917826,changing_wind_current
30.0,SYNTH_002,7.621235840621948,340.53883929840293,0.5249309128961004,358.3600393116391,1.2351979274973828,changing_wind_current
32.0,SYNTH_002,7.3046707165314775,340.7131638369156,0.5238655168176258,358.2588951213751,1.2395255984381588,changing_wind_current
34.0,SYNTH_002,7.450813973735853,340.8803611804213,0.5227845703733417,358.15502079305946,1.2436053332730233,changing_wind_current
36.0,SYNTH_002,7.371598242648597,341.0403882702753,0.5216922467762126,358.0484506643672,1.2474258334059798,changing_wind_current
38.0,SYNTH_002,7.488621983659503,341.19320558855344,0.5205931455509165,357.9392199641224,1.2509765181769474,changing_wind_current
40.0,SYNTH_002,7.367705595854903,341.338777177566,0.5194923188206013,357.82736480065273,1.2542475541643043,changing_wind_current
42.0,SYNTH_002,7.223694987169828,341.4770706576138,0.5183952950082485,357.7129221498531,1.2572298824179937,changing_wind_current
44.0,SYNTH_002,7.246324161517055,341.60805724297785,0.5173080988823242,357.59592984296256,1.2599152435477783,changing_wind_current
46.0,SYNTH_002,7.14825954874114,341.7317117561335,0.5162372667600492,357.4764265540585,1.262296200597155,changing_wind_current
48.0,SYNTH_002,7.159620088403739,341.84801264018375,0.5151898555782631,357.354451787272,1.264366159639588,changing_wind_current
50.0,SYNTH_002,7.161570665906382,341.95694196950376,0.514173444457512,357.23004586372934,1.2661193880400174,changing_wind_current
52.0,SYNTH_002,7.028480300865326,342.05848545859277,0.5131961273261157,357.10324990822266,1.267551030331069,changing_wind_current
54.0,SYNTH_002,7.166101862884662,342.15263246912866,0.5122664951443088,356.97410583561566,1.268657121659998,changing_wind_current
56.0,SYNTH_002,7.117752294233058,342.23937601522084,0.5113936062808337,356.8426563369876,1.2694345987691251,changing_wind_current
58.0,SYNTH_002,7.100910158743518,342.3187127668601,0.5105869436521244,356.7089448655211,1.2698813084793574,changing_wind_current
60.0,SYNTH_002,6.789035284645369,342.390643051563,0.5098563573433952,356.573015622138,1.2699960136532953,changing_wind_current
62.0,SYNTH_002,6.9105236015727955,342.4551708542103,0.5092119915966185,356.43491354088724,1.269778396621416,changing_wind_current
64.0,SYNTH_002,6.742422760684007,342.5123038150786,0.508664195276336,356.2946842740919,1.2692290600618406,changing_wind_current
66.0,SYNTH_002,6.74818859899391,342.56205322606843,0.5082234152126994,356.1523741772573,1.2683495253312511,changing_wind_current
68.0,SYNTH_002,6.711731520408781,342.6044340251275,0.5079000721723063,356.00803029374754,1.2671422282515794,changing_wind_current
70.0,SYNTH_002,6.841509905984059,342.63946478887436,0.5077044196192211,355.8617003392345,1.2656105123641346,changing_wind_current
72.0,SYNTH_002,6.733159811176368,342.66716772342545,0.5076463858964493,355.7134326859242,1.2637586196698543,changing_wind_current
74.0,SYNTH_002,6.810098553763981,342.6875686534294,0.5077354009746857,355.5632763465667,1.2615916788813208,changing_wind_current
76.0,SYNTH_002,6.627072457493751,342.70069700931464,0.5079802094702123,355.4112809582538,1.2591156912190817,changing_wind_current
78.0,SYNTH_002,6.714903788089262,342.7065858127561,0.508388672214285,355.2574967660108,1.2563375137916062,changing_wind_current
80.0,SYNTH_002,6.415172233402832,342.70527166036965,0.5089675592465187,355.10197460618656,1.2532648406049092,changing_wind_current
82.0,SYNTH_002,6.5085799534254525,342.6967947056397,0.5097223376864257,354.94476588964915,1.2499061812544356,changing_wind_current
84.0,SYNTH_002,6.772120234443969,342.6811986390918,0.5106569584902265,354.7859225847905,1.2462708373582139,changing_wind_current
86.0,SYNTH_002,6.469637055808703,342.65853066671707,0.5117736466026419,354.6254972003475,1.2423688767965484,changing_wind_current
88.0,SYNTH_002,6.469886390084414,342.62884148666257,0.5130726994431856,354.4635427680442,1.2382111058295926,changing_wind_current
90.0,SYNTH_002,6.3448835870111635,342.5921852641955,0.5145522990011038,354.3001128250609,1.2338090391700183,changing_wind_current
92.0,SYNTH_002,6.279444458365878,342.5486196049563,0.5162083430311037,354.13526139633683,1.2291748680936683,changing_wind_current
94.0,SYNTH_002,6.448955251702721,342.4982055265125,0.5180343009238075,353.96904297671074,1.2243214266765032,changing_wind_current
96.0,SYNTH_002,6.417933748456026,342.4410074282279,0.5200210997537861,353.8015125129068,1.2192621562513517,changing_wind_current
98.0,SYNTH_002,6.347271400358873,342.3770930594618,0.5221570457711981,353.632725385371,1.2140110681828937,changing_wind_current
100.0,SYNTH_002,6.4605191624160065,342.30653348611355,0.5244277861923748,353.46273738996354,1.208582705063977,changing_wind_current
102.0,SYNTH_002,6.400358924788546,342.22940305553016,0.5268163155574885,353.2916047195152,1.2029921004407227,changing_wind_current
104.0,SYNTH_002,6.256020779891504,342.14577935979287,0.5293030301632193,353.1193839452511,1.197254737177967,changing_wind_current
106.0,SYNTH_002,6.285351567615286,342.0557431974015,0.5318658331550313,352.94613199809027,1.1913865045803376,changing_wind_current
108.0,SYNTH_002,6.203700943995693,341.95937853337597,0.5344802917939292,352.7719061498258,1.185403654387719,changing_wind_current
110.0,SYNTH_002,6.201736177588546,341.85677245779345,0.5371198472195428,352.5967639941929,1.1793227557669745,changing_wind_current
112.0,SYNTH_002,6.061389473147444,341.7480151427829,0.5397560757443703,352.4207634278298,1.1731606494245694,changing_wind_current
114.0,SYNTH_002,6.281093558975296,341.63319979799724,0.542358999367719,352.24396263113914,1.166934400967184,changing_wind_current
116.0,SYNTH_002,6.227060717662209,341.51242262458607,0.544897441831478,352.0664200490552,1.1606612536394754,changing_wind_current
118.0,SYNTH_002,6.32890640147172,341.38578276769067,0.5473394251957128,351.8881943717238,1.1543585805698828,changing_wind_current
120.0,SYNTH_002,6.243991158638871,341.2533822674855,0.5496526006343168,351.70934451510124,1.1480438366567254,changing_wind_current
122.0,SYNTH_002,6.355205295132587,341.11532600879013,0.5518047059838521,351.5299296014782,1.141734510227844,changing_wind_current
124.0,SYNTH_002,6.37394948503649,340.9717216692764,0.5537640415649671,351.3500089399362,1.1354480746076623,changing_wind_current
126.0,SYNTH_002,6.360046189244035,340.82267966629627,0.5554999549747802,351.1696420067412,1.129201939725797,changing_wind_current
128.0,SYNTH_002,6.295628552857296,340.6683131023571,0.556983324954783,350.9888884256833,1.123013403901239,changing_wind_current
130.0,SYNTH_002,6.216944397300215,340.508737709271,0.5581870340999934,350.8078079483662,1.1168996059356315,changing_wind_current
132.0,SYNTH_002,6.414382335618189,340.3440717910055,0.559086420111327,350.62646043445574,1.110877477648324,changing_wind_current
134.0,SYNTH_002,6.504525118796108,340.1744361652642,0.5596596955154733,350.4449058318918,1.104963696984652,changing_wind_current
136.0,SYNTH_002,6.363094629967717,339.99995410382627,0.5598883262864438,350.26320415707147,1.099174641827305,changing_wind_current
138.0,SYNTH_002,6.396394854991403,339.82075127167394,0.5597573605918061,350.08141547500935,1.0935263446387038,changing_wind_current
140.0,SYNTH_002,6.381767628912823,339.6369556649385,0.5592556999359822,349.8995998794821,1.0880344480599966,changing_wind_current
142.0,SYNTH_002,6.526849711176288,339.4486975476944,0.5583763062549449,349.71781747316294,1.0827141615896458,changing_wind_current
144.0,SYNTH_002,6.4928863048749115,339.2561093876346,0.5571163399947661,349.53612834775396,1.077580219461578,changing_wind_current
146.0,SYNTH_002,6.500206514037235,339.0593257906566,0.5554772258369972,349.3545925641214,1.0726468398395521,changing_wind_current
148.0,SYNTH_002,6.743415135080931,338.8584834343935,0.5534646444673736,349.1732701324413,1.0679276854407551,changing_wind_current
150.0,SYNTH_002,6.790189261677538,338.6537210007214,0.5510884505674856,348.9922209923622,1.0634358256976761,changing_wind_current
152.0,SYNTH_002,6.9997184973724655,338.4451791072775,0.5483625189866788,348.8115049931906,1.0591837005630484,changing_wind_current
154.0,SYNTH_002,6.849004768336932,338.233000238022,0.5453045227685226,348.6311818741071,1.0551830860581013,changing_wind_current
156.0,SYNTH_002,6.996629467069828,338.01732867287865,0.5419356483100258,348.45131124441787,1.0514450616595301,changing_wind_current
158.0,SYNTH_002,7.1246026561133755,337.7983104164884,0.53828025437395,348.27195256385016,1.0479799796155123,changing_wind_current
160.0,SYNTH_002,7.213326649514835,337.57609312611106,0.534365482912661,348.0931651228963,1.0447974362757353,changing_wind_current
162.0,SYNTH_002,7.258754038193283,337.3508260387115,0.5302208306611542,347.91500802321445,1.0419062455148491,changing_wind_current
164.0,SYNTH_002,7.476339433109472,337.12265989726507,0.5258776911911042,347.7375401580912,1.0393144143229347,changing_wind_current
166.0,SYNTH_002,7.455227276443407,336.8917468763198,0.5213688775705033,347.56082019297315,1.0370291206305962,changing_wind_current
168.0,SYNTH_002,7.447642660104634,336.6582405068519,0.5167281359381315,347.3849065460742,1.0350566934300869,changing_wind_current
170.0,SYNTH_002,7.8395439623482295,336.42229560045035,0.5119896601821131,347.209857369064,1.0334025952475199,changing_wind_current
172.0,SYNTH_002,7.8870623678502785,336.18406817287075,0.5071876175201258,347.03573052784503,1.0320714070147106,changing_wind_current
174.0,SYNTH_002,7.89539623877664,335.94371536699305,0.5023556941370755,346.86258358342366,1.0310668153825437,changing_wind_current
176.0,SYNTH_002,8.09759732088472,335.7013953752236,0.4975266691735601,346.6904737728824,1.030391602511001,changing_wind_current
178.0,SYNTH_002,8.05412672470584,335.45726736137857,0.49273202431073004,346.51945799045905,1.0300476383641255,changing_wind_current
180.0,SYNTH_002,8.055263546591325,335.2114913820879,0.48800159500441476,346.34959276873906,1.030035875531262,changing_wind_current
182.0,SYNTH_002,8.211594616958802,334.96422830775793,0.4833632681267741,346.18093425996796,1.0303563465889143,changing_wind_current
184.0,SYNTH_002,8.195564935422576,334.71563974313295,0.47884272942162104,346.01353821748864,1.0310081640105255,changing_wind_current
186.0,SYNTH_002,8.384552751599678,334.46588794749323,0.4744632628138588,345.8474599773114,1.0319895226244347,changing_wind_current
188.0,SYNTH_002,8.197229216239444,334.21513575453054,0.4702456022760094,345.6827544398215,1.0332977046131961,changing_wind_current
190.0,SYNTH_002,8.30414700841096,333.9635464919397,0.4662078356839572,345.5194760516304,1.0349290870404233,changing_wind_current
192.0,SYNTH_002,8.365559044002682,333.71128390076626,0.4623653589234883,345.3576787875779,1.0368791518843066,changing_wind_current
194.0,SYNTH_002,8.350309643454507,333.4585120545499,0.4587308774670825,345.1974161328895,1.0391424985500208,changing_wind_current
196.0,SYNTH_002,8.406249176249428,333.2053952783041,0.45531445174859075,345.03874106549557,1.0417128588263678,changing_wind_current
198.0,SYNTH_002,8.162604392279766,332.952098067371,0.4521235819371972,344.8817060385189,1.0445831142452358,changing_wind_current
200.0,SYNTH_002,8.425196100201084,332.6987850061928,0.4491633271600731,344.7263629629351,1.0477453157957943,changing_wind_current
202.0,SYNTH_002,8.277880536281273,332.4456206870384,0.4464364538475806,344.5727631904122,1.0511907059388348,changing_wind_current
204.0,SYNTH_002,8.187121912812119,332.19276962872715,0.44394360767199775,344.4209574963358,1.0549097428602803,changing_wind_current
206.0,SYNTH_002,8.203967884577638,331.9403961953878,0.4416835035113635,344.270996063024,1.0588921268967033,changing_wind_current
0.0,SYNTH_003,2.4662002528706974,218.85276931537095,0.14252414294459675,42.084402190228154,0.25,calm
2.0,SYNTH_003,2.5692682886145137,219.05719022856897,0.14130199595038703,41.954916348873574,0.2563128740005687,calm
4.0,SYNTH_003,2.59169481715658,219.25470910964594,0.14004742443542612,41.8231314249552,0.2626082648519139,calm
6.0,SYNTH_003,2.5067040293422607,219.44526792697482,0.13876175650824088,41.689090982536996,0.26886873782341003,calm
8.0,SYNTH_003,2.397351088900062,219.62881208585543,0.13744640963574437,41.55283933128835,0.27507695488753425,calm
10.0,SYNTH_003,2.6233609892501666,219.80529045547405,0.136102901001031,41.414421511836636,0.28121572273655804,calm
12.0,SYNTH_003,2.371073572540021,219.97465539415194,0.13473285939330026,41.27388328087815,0.287268040398445,calm
14.0,SYNTH_003,2.3825377865146087,220.13686277287132,0.1333380387434404,41.131271096052394,0.2932171463200863,calm
16.0,SYNTH_003,2.2650666708527285,220.29187199706627,0.1319203334031475,40.98663210058452,0.2990465647874783,calm
18.0,SYNTH_003,2.2750377267472395,220.439646026669,0.13048179524271047,40.840014107701315,0.30474015155428547,calm
20.0,SYNTH_003,2.151999638991249,220.58015139440022,0.1290246526117372,40.69146558482553,0.3102821385524215,calm
22.0,SYNTH_003,2.038465524345599,220.71335822229548,0.12755133116713988,40.54103563755408,0.3156571775608268,calm
24.0,SYNTH_003,2.2515666534199466,220.83924023645935,0.12606447652276948,40.38877399342524,0.32085038271150235,calm
26.0,SYNTH_003,2.2201275643776857,220.95777478003944,0.12456697861447401,40.234730985480205,0.325847371715084,calm
28.0,SYNTH_003,2.0545674982831614,221.06894282441465,0.12306199760258028,40.07895753562455,0.33063430569178254,calm
30.0,SYNTH_003,2.035394147306032,221.17272897859146,0.1215529910507137,39.92150513779503,0.335197927497383,calm
32.0,SYNTH_003,1.931569988654861,221.2691214968043,0.12004374202570446,39.76242584093719,0.33952559843815877,calm
34.0,SYNTH_003,2.060266546620329,221.3581122843156,0.11853838765880975,39.60177223179966,0.3436053332730233,calm
36.0,SYNTH_003,1.9169829981716964,221.43969690141293,0.1170414475948737,39.43959741755052,0.34742583340597977,calm
38.0,SYNTH_003,1.7885533981742487,221.51387456560158,0.11555785163526199,39.27595500822173,0.3509765181769476,calm
40.0,SYNTH_003,1.8043809422956294,221.58064815199077,0.1140929657550235,39.11089909898729,0.3542475541643043,calm
42.0,SYNTH_003,1.7359195448782185,221.64002419187403,0.11265261554806619,38.944484252281,0.3572298824179939,calm
44.0,SYNTH_003,1.8670231019076677,221.69201286950386,0.11124310603023554,38.77676547975983,0.3599152435477785,calm
46.0,SYNTH_003,1.7574945937985071,221.73662801706286,0.10987123661382679,38.60779822411874,0.3622962005971551,calm
48.0,SYNTH_003,1.7448352856821638,221.77388710783308,0.10854430996369277,38.43763834076299,0.3643661596395882,calm
50.0,SYNTH_003,1.7049912622582686,221.80381124756786,0.10727013336075017,38.26634207934409,0.36611938804001765,calm
52.0,SYNTH_003,1.6236339618867004,221.82642516406946,0.10605701113980684,38.093966065165375,0.3675510303310692,calm
54.0,SYNTH_003,1.757699361139168,221.84175719497827,0.10491372674195339,37.92056728046339,0.36865712165999803,calm
56.0,SYNTH_003,1.7623751585755698,221.84983927377976,0.10384951293404035,37.74620304557134,0.36943459876912527,calm
58.0,SYNTH_003,1.6363732820250214,221.8507069140352,0.10287400880550518,37.57093099997071,0.3698813084793575,calm
60.0,SYNTH_003,1.5320425836700555,221.844399191845,0.10199720226198211,37.39480908323746,0.3699960136532955,calm
62.0,SYNTH_003,1.6417567554743289,221.83095872655264,0.10122935690078089,37.21789551588891,0.3697783966214161,calm
64.0,SYNTH_003,1.2809673500994214,221.81043165969888,0.10058092237927155,37.04024878013788,0.3692290600618406,calm
66.0,SYNTH_003,1.4636597545337413,221.78286763223676,0.1000624276756508,36.86192760056022,0.3683495253312512,calm
68.0,SYNTH_003,1.4129087432131233,221.74831976001875,0.09968435699272296,36.68299092468228,0.3671422282515795,calm
70.0,SYNTH_003,1.4458715195979477,221.70684460756743,0.09945700846714031,36.503497903494655,0.36561051236413467,calm
72.0,SYNTH_003,1.4408908329025283,221.65850216014383,0.09939033631441108,36.32350787189867,0.36375861966985423,calm
74.0,SYNTH_003,1.4706516352295758,221.6033557941262,0.09949377755653033,36.143080329092086,0.3615916788813209,calm
76.0,SYNTH_003,1.427432071513164,221.5414722457143,0.09977606503412045,35.96227491890052,0.3591156912190818,calm
78.0,SYNTH_003,1.3645030351653238,221.4729215779746,0.10024502898543157,35.78115141006093,0.35633751379160616,calm
80.0,SYNTH_003,1.3920347050373023,221.3977771462428,0.1009073900646974,35.59976967646399,0.35326484060490926,calm
82.0,SYNTH_003,1.339757964506212,221.31611556190026,0.10176854725398649,35.41818967736158,0.3499061812544357,calm
84.0,SYNTH_003,1.2703654031343528,221.22801665454284,0.10283236467563124,35.23647143754608,0.3462708373582139,calm
86.0,SYNTH_003,1.2173955813095942,221.1335634325606,0.10410096181490006,35.05467502750801,0.34236887679654854,calm
88.0,SYNTH_003,1.3794311896748477,221.03284204214762,0.1055745120923734,34.8728605435786,0.33821110582959263,calm
90.0,SYNTH_003,1.2408802394265521,220.92594172476237,0.10725105506010027,34.69108808806372,0.33380903917001836,calm
92.0,SYNTH_003,1.345580205844533,220.81295477305972,0.10912632771359373,34.50941774937598,0.32917486809366836,calm
94.0,SYNTH_003,1.4926754130798223,220.6939764853162,0.11119362049350845,34.327909582171245,0.32432142667650343,calm
96.0,SYNTH_003,1.3297158642193143,220.5691051183711,0.1134436634797454,34.14662358749648,0.3192621562513518,calm
98.0,SYNTH_003,1.031358885604024,220.43844183910642,0.11586454804389307,33.965619692955194,0.3140110681828939,calm
100.0,SYNTH_003,1.3085322232792798,220.3020906744902,0.11844168881520992,33.78495773289721,0.30858270506397706,calm
102.0,SYNTH_003,0.9857647482930825,220.16015846020704,0.12115783022814824,33.60469742863932,0.30299210044072283,calm
104.0,SYNTH_003,1.2241489753973904,220.01275478790205,0.12399310115917447,33.42489836872314,0.2972547371779671,calm
106.0,SYNTH_003,1.1322252373175319,219.85999195106385,0.12692512023733254,33.245619989217055,0.2913865045803377,calm
108.0,SYNTH_003,1.068984300389174,219.701984889573,0.12992915334324318,33.066921554068415,0.2854036543877193,calm
110.0,SYNTH_003,1.1582920849183567,219.5388511329442,0.13297832361819661,32.88886213551273,0.27932275576697463,calm
112.0,SYNTH_003,1.342803894317065,219.37071074228913,0.13604387301796844,32.71150059454615,0.2731606494245696,calm
114.0,SYNTH_003,1.3854503593882264,219.1976862510297,0.13909547309968628,32.53489556146787,0.26693440096718407,calm
116.0,SYNTH_003,1.270978730595538,219.01990260439004,0.1421015813636578,32.3591054164987,0.2606612536394755,calm
118.0,SYNTH_003,1.2425007026611523,218.8374870976978,0.1450298381279183,32.18418827048239,0.2543585805698829,calm
120.0,SYNTH_003,1.4838321779403696,218.65056931352473,0.14784749763548696,32.010201945675924,0.24804383665672539,calm
122.0,SYNTH_003,1.1615159483001427,218.459281057698,0.15052188592721052,31.83720395663529,0.2417345102278441,calm
124.0,SYNTH_003,1.2863114427284152,218.26375629421372,0.1530208769993178,31.665251491202916,0.23544807460766237,calm
126.0,SYNTH_003,1.3375625591274984,218.06413107908423,0.15531337794380057,31.49440139160308,0.22920193972579717,calm
128.0,SYNTH_003,1.3085180594564971,217.8605434931531,0.15736981317588647,31.324710135651678,0.22301340390123914,calm
130.0,SYNTH_003,1.5740172003184913,217.6531335739096,0.15916259751404754,31.15623381808633,0.21689960593563157,calm
132.0,SYNTH_003,1.4151389145560755,217.44204324633742,0.16066658781420276,30.989028132023194,0.2108774776483241,calm
134.0,SYNTH_003,1.3888349242565246,217.22741625283098,0.1618595030820943,30.823148350546543,0.204963696984652,calm
136.0,SYNTH_003,1.571934559144472,217.0093980822145,0.1627223034976824,30.65864930843714,0.1991746418273051,calm
138.0,SYNTH_003,1.725619296863112,216.78813589789874,0.16323951957424526,30.495585384045572,0.19352634463870377,calm
140.0,SYNTH_003,1.5656541212920816,216.56377846521053,0.16339952372422226,30.33401048131641,0.18803444805999658,calm
142.0,SYNTH_003,1.6834427750343623,216.3364760779316,0.16319473778579374,30.173978011969204,0.18271416158964587,calm
144.0,SYNTH_003,1.5476887558560486,216.10638048408228,0.162621771542295,30.015540877842245,0.1775802194615781,calm
146.0,SYNTH_003,1.9231034479421936,215.87364481098754,0.16168148889708747,29.85875145340479,0.17264683983955215,calm
148.0,SYNTH_003,1.9780638332464924,215.6384234896614,0.16037900010000872,29.70366156844368,0.16792768544075515,calm
150.0,SYNTH_003,1.9995445378058947,215.4008721785481,0.15872358020467497,29.55032249093003,0.16343582569767617,calm
152.0,SYNTH_003,2.0366716329385057,215.16114768665668,0.15672851571351487,29.398784910071527,0.15918370056304862,calm
154.0,SYNTH_003,2.2228569219394,214.91940789612775,0.15441088308448772,29.249098919556232,0.15518308605810127,calm
156.0,SYNTH_003,2.3248710603496776,214.67581168427017,0.15179126437727536,29.10131400099306,0.1514450616595303,calm
158.0,SYNTH_003,2.421908521043596,214.43051884510632,0.14889340675889814,28.955479007554693,0.1479799796155123,calm
160.0,SYNTH_003,2.651343537786443,214.1836900104648,0.1457438338267944,28.811642147828252,0.1447974362757354,calm
162.0,SYNTH_003,2.5052151502939943,213.93548657065918,0.1423714177065915,28.669850969878954,0.14190624551484915,calm
164.0,SYNTH_003,2.578018138904685,213.68607059479262,0.1388069216160048,28.530152345532223,0.13931441432293468,calm
166.0,SYNTH_003,2.9009218786209847,213.43560475072672,0.13508252303901713,28.392592454879292,0.13702912063059636,calm
168.0,SYNTH_003,2.782008333523522,213.1842522247553,0.13123132781915628,28.257216771011436,0.13505669343008692,calm
170.0,SYNTH_003,3.039104139717039,212.93217664102167,0.12728688536070742,28.124070044988024,0.1334025952475199,calm
172.0,SYNTH_003,3.0677022453039866,212.67954198072005,0.1232827147349945,27.993196291043134,0.13207140701471065,calm
174.0,SYNTH_003,3.2320380177594212,212.4265125011205,0.1192518508471187,27.86463877203583,0.13106681538254378,calm
176.0,SYNTH_003,3.2029943027994796,212.17325265445754,0.11522641895604308,27.73843998514876,0.130391602511001,calm
178.0,SYNTH_003,3.6000799760167546,211.91992700672256,0.11123724479319738,27.614641647839896,0.13004763836412556,calm
180.0,SYNTH_003,3.5475358538494315,211.66670015639988,0.10731350633203768,27.493284684052025,0.13003587553126217,calm
182.0,SYNTH_003,3.4897934649004867,211.41373665318707,0.10348243196638099,27.37440921068454,0.13035634658891435,calm
184.0,SYNTH_003,3.626829142293733,211.16120091673906,0.09976904850322543,27.258054524332014,0.1310081640105257,calm
186.0,SYNTH_003,3.622993813373622,210.9092571554766,0.09619598101005794,27.14425908829396,0.13198952262443475,calm
188.0,SYNTH_003,3.660489882707303,210.65806928549912,0.09278330521918901,27.033060519860044,0.13329770461319618,calm
190.0,SYNTH_003,3.574439583138137,210.40780084964166,0.08954845192079891,26.92449557787493,0.1349290870404234,calm
192.0,SYNTH_003,3.74099282821524,210.1586149367165,0.08650616160583686,26.818600150586974,0.13687915188430677,calm
194.0,SYNTH_003,3.8455985221724043,209.91067410097864,0.08366848657779283,26.715409243784627,0.13914249855002092,calm
196.0,SYNTH_003,3.809450450221511,209.66414028185548,0.08104483686053784,26.61495696922463,0.14171285882636797,calm
198.0,SYNTH_003,3.7606553656999195,209.41917472397992,0.07864206550319708,26.517276533355663,0.14458311424523573,calm
200.0,SYNTH_003,3.728908257224489,209.17593789756688,0.07646458833102873,26.422400226341374,0.14774531579579453,calm
202.0,SYNTH_003,3.638191254550311,208.93458941917174,0.07451453281573683,26.330359411386176,0.151190705938835,calm
204.0,SYNTH_003,3.625761422889754,208.6952879728707,0.07279191053575956,26.24118451436756,0.15490974286028036,calm
206.0,SYNTH_003,3.530274705378338,208.45819123190157,0.0712948076577066,26.154905013778233,0.15889212689670346,calm
208.0,SYNTH_003,3.46591483716698,208.2234557808036,0.07001958798057101,26.071549430981435,0.16312682905966436,calm
210.0,SYNTH_003,3.4673925858588945,207.99123703809494,0.06896110332727737,25.991145320782618,0.1676021215798737,calm
212.0,SYNTH_003,3.5161481180581866,207.76168917952586,0.06811290642352733,25.913719262320704,0.17230561038658934,calm
214.0,SYNTH_003,3.4786227891450534,207.5349650619459,0.06746746185004744,25.839296850281826,0.17722426943229785,calm
216.0,SYNTH_003,3.227820532089016,207.31121614782194,0.06701635116876699,25.767902686438497,0.1823444767676195,calm
218.0,SYNTH_003,3.192011448985023,207.09059243044493,0.06675046888381768,25.699560371517016,0.18765205226653092,calm
220.0,SYNTH_003,3.194432849432223,206.87324235986247,0.06666020648313606,25.634292497395826,0.19313229689742573,calm
222.0,SYNTH_003,3.051479857111856,206.65931276957286,0.0667356223960263,25.57212063963727,0.19877003343125493,calm
224.0,SYNTH_003,3.257404266148773,206.44894880401793,0.06696659627858086,25.51306535035541,0.20454964847400914,calm
226.0,SYNTH_003,3.082545195520121,206.24229384690958,0.06734296658712893,25.45714615142214,0.21045513570713414,calm
228.0,SYNTH_003,3.217860601811966,206.03948945042598,0.0678546509074058,25.404381528013808,0.2164701402161289,calm
230.0,SYNTH_003,3.059762024367617,205.84067526531211,0.06849174896426895,25.35478892250061,0.22257800378456138,calm
232.0,SYNTH_003,2.965495029905537,205.64598897191937,0.06924462863673991,25.308384728680682,0.22876181102806104,calm
234.0,SYNTH_003,2.927256492666758,205.4555662122179,0.07010399564183387,25.265184286360792,0.23500443624052336,calm
236.0,SYNTH_003,2.802132210353403,205.26954052281576,0.07106094782648031,25.22520187628548,0.2412885908227898,calm
238.0,SYNTH_003,2.7229084270502755,205.08804326901773,0.07210701522047933,25.188450715416288,0.24759687116244952,calm
240.0,SYNTH_003,3.0888880732078547,204.91120357995595,0.07323418715743009,25.15494295256261,0.25391180683216424,calm
242.0,SYNTH_003,2.8283954326935263,204.73914828482543,0.07443492786899583,25.124689664365704,0.2602159089730339,calm
244.0,SYNTH_003,2.979852573990321,204.57200185025454,0.07570218200600466,25.09770085163707,0.26649171872900707,calm
246.0,SYNTH_003,2.6691458923438374,204.40988631884295,0.07702937154382324,25.07398543605249,0.2727218555981992,calm
248.0,SYNTH_003,2.928883231903364,204.25292124889572,0.07841038549576067,25.05355125720279,0.2788890655672156,calm
250.0,SYNTH_003,2.956960659585716,204.10122365538504,0.07983956379373577,25.03640507000234,0.28497626889516936,calm
252.0,SYNTH_003,2.665442390487886,203.95490795216702,0.0813116766067567,25.022552542456044,0.29096660741506314,calm
254.0,SYNTH_003,2.693737448966642,203.8140858954836,0.08282190026131446,25.011998253785706,0.2968434912215331,calm
256.0,SYNTH_003,2.747878642555271,203.6788665287766,0.08436579080949357,25.00474569291625,0.30259064461565865,calm
258.0,SYNTH_003,2.6306527225116803,203.54935612884105,0.08593925616577539,25.000797257322418,0.30819215117959436,calm
260.0,SYNTH_003,2.6071301703659766,203.4256581533453,0.08753852760678357,25.000154252236218,0.31363249785619296,calm
262.0,SYNTH_003,2.8142291276339217,203.3078731897426,0.08916013130349851,25.002816890215456,0.3188966179115445,calm
264.0,SYNTH_003,2.692551034973112,203.1960989056006,0.09080086043591713,25.008784291073482,0.32396993266144763,calm
0.0,SYNTH_004,8.49100083204079,358.174853517141,0.19519433671254366,0.8627678182193037,0.85,crosswind
2.0,SYNTH_004,8.866534836436816,357.9283151036861,0.19676987567307186,1.0289702854650535,0.8563128740005687,crosswind
4.0,SYNTH_004,8.790353676439596,357.6803701727543,0.19836566581118079,1.1964854536433513,0.8626082648519139,crosswind
6.0,SYNTH_004,8.766757789643961,357.43118066579495,0.19998070856784128,1.3652579473646314,0.86886873782341,crosswind
8.0,SYNTH_004,8.94134998364222,357.18090913883793,0.20161405364395654,1.5352319756059374,0.8750769548875342,crosswind
10.0,SYNTH_004,8.735073877419095,356.92971868222196,0.2032648112908964,1.7063513501537946,0.881215722736558,crosswind
12.0,SYNTH_004,8.813785311834105,356.67777284005945,0.2049321661651291,1.8785595041782543,0.887268040398445,crosswind
14.0,SYNTH_004,9.166726574655284,356.4252355294772,0.20661539285888011,2.051799510932184,0.8932171463200863,crosswind
16.0,SYNTH_004,8.957912940051308,356.1722709596734,0.20831387320306313,2.2260141025695335,0.8990465647874784,crosswind
18.0,SYNTH_004,8.874055331196425,355.9190435508297,0.21002711541596328,2.401145689076281,0.9047401515542854,crosswind
20.0,SYNTH_004,8.900872290833778,355.6657178529194,0.21175477514027213,2.577136377307955,0.9102821385524215,crosswind
22.0,SYNTH_004,9.149842769520081,355.4124584644516,0.21349667837109945,2.7539279901273646,0.9156571775608268,crosswind
24.0,SYNTH_004,9.031679769323144,355.15942995119144,0.21525284622763624,2.931462085636118,0.9208503827115023,crosswind
26.0,SYNTH_004,9.220046292669966,354.90679676489634,0.2170235214605115,3.1096799764937986,0.925847371715084,crosswind
28.0,SYNTH_004,9.283764989856124,354.6547231621083,0.21880919651509498,3.2885227493181395,0.9306343056917825,crosswind
30.0,SYNTH_004,9.279567932821003,354.4033731230435,0.22061064288789492,3.4679312841600143,0.935197927497383,crosswind
32.0,SYNTH_004,9.258305636497045,354.1529102706171,0.22242894141902333,3.64784627404671,0.9395255984381587,crosswind
34.0,SYNTH_004,9.200923054880278,353.9034977896457,0.22426551305916703,3.8282082445869428,0.9436053332730233,crosswind
36.0,SYNTH_004,9.249528451543027,353.6552983462651,0.22612214953588752,4.0089575736312995,0.9474258334059797,crosswind
38.0,SYNTH_004,9.38977880094918,353.4084740076049,0.22800104322327508,4.190034510981526,0.9509765181769476,crosswind
40.0,SYNTH_004,9.399814901519717,353.1631861617587,0.2299048153935929,4.371379198142046,0.9542475541643043,crosswind
42.0,SYNTH_004,9.489649322394046,352.9195954380891,0.23183654190287434,4.552931688107424,0.9572298824179939,crosswind
44.0,SYNTH_004,9.347369454324296,352.6778616279086,0.23379977523853268,4.73463196517895,0.9599152435477785,crosswind
46.0,SYNTH_004,9.429881155759526,352.43814360557286,0.2357985617406823,4.916419964804017,0.9622962005971551,crosswind
48.0,SYNTH_004,9.64542062666454,352.20059925002784,0.23783745270549977,5.098235593431652,0.9643661596395882,crosswind
50.0,SYNTH_004,9.353880464834223,351.9653853668477,0.23992150799459241,5.280018748377543,0.9661193880400176,crosswind
52.0,SYNTH_004,9.45096129398399,351.7326576108038,0.24205629071546428,5.461709337692222,0.9675510303310692,crosswind
54.0,SYNTH_004,9.602886530170492,351.5025704090007,0.24424785151149223,5.643247300025555,0.9686571216599981,crosswind
56.0,SYNTH_004,9.445800733103505,351.2752768846192,0.24650270101210647,5.824572624481224,0.9694345987691253,crosswind
58.0,SYNTH_004,9.645296262148724,351.0509287813032,0.2488277690516196,6.005625370454511,0.9698813084793575,crosswind
60.0,SYNTH_004,9.689958859832462,350.82967638822737,0.2512303493743226,6.186345687446779,0.9699960136532955,crosswind
62.0,SYNTH_004,9.510856512055447,350.6116684658837,0.2537180287091295,6.366673834850243,0.9697783966214161,crosswind
64.0,SYNTH_004,9.747044922396507,350.3970521726222,0.2562985993230122,6.54655020169641,0.9692290600618406,crosswind
66.0,SYNTH_004,9.5863325540585,350.18597299198325,0.2589799544509174,6.725915326361584,0.9683495253312512,crosswind
68.0,SYNTH_004,9.706857336900198,349.9785746608569,0.26176996635102856,6.904709916223127,0.9671422282515795,crosswind
70.0,SYNTH_004,9.631146922167146,349.77499909850445,0.2646763471460607,7.0828748672597275,0.9656105123641346,crosswind
72.0,SYNTH_004,9.824747267286837,349.57538633647795,0.26770649307915684,7.260351283589403,0.9637586196698542,crosswind
74.0,SYNTH_004,9.956027941354868,349.3798744494714,0.27086731332951713,7.43708049693871,0.9615916788813209,crosswind
76.0,SYNTH_004,9.799520420173176,349.1885994871389,0.27416504508794437,7.613004086036611,0.9591156912190818,crosswind
78.0,SYNTH_004,9.71324414981745,349.00169540691184,0.2776050571729712,7.788063895926835,0.9563375137916061,crosswind
80.0,SYNTH_004,9.837403504596288,348.81929400785043,0.2811916450584008,7.962202057192067,0.9532648406049092,crosswind
82.0,SYNTH_004,9.810716833457494,348.64152486556,0.2849278207647635,8.135361005083826,0.9499061812544357,crosswind
84.0,SYNTH_004,9.808995946067649,348.46851526820586,0.2888151016201524,8.30748349855164,0.9462708373582138,crosswind
86.0,SYNTH_004,9.882242918412727,348.30039015365736,0.2928533023985163,8.478512639165139,0.9423688767965486,crosswind
88.0,SYNTH_004,9.708096491353139,348.1372720477929,0.29704033577330446,8.648391889922951,0.9382111058295926,crosswind
90.0,SYNTH_004,10.021289318804381,347.979281003996,0.30137202635900523,8.817065093942139,0.9338090391700183,crosswind
92.0,SYNTH_004,9.768278766884459,347.82653454387133,0.3058419438311313,8.984476493021882,0.9291748680936683,crosswind
94.0,SYNTH_004,9.84828780570039,347.6791475992128,0.31044126069701716,9.150570746075505,0.9243214266765034,crosswind
96.0,SYNTH_004,10.072482434712288,347.53723245524867,0.31515864021873213,9.315292947424485,0.9192621562513518,crosswind
98.0,SYNTH_004,9.898109622298252,347.40089869519466,0.31998015975260397,9.478588644948617,0.9140110681828939,crosswind
100.0,SYNTH_004,9.777188078384457,347.2702531461408,0.32488927435918474,9.640403858086241,0.908582705063977,crosswind
102.0,SYNTH_004,9.807124011929965,347.1453998263,0.3298668249503128,9.80068509567851,0.9029921004407228,crosswind
104.0,SYNTH_004,9.722699456917134,347.02643989364236,0.33489109447972387,9.959379373651991,0.8972547371779671,crosswind
106.0,SYNTH_004,9.810194503089011,346.91347159594324,0.33993791476038776,10.116434232533525,0.8913865045803376,crosswind
108.0,SYNTH_004,9.558613353705042,346.80659022226774,0.34498082542203345,10.271797754791752,0.8854036543877193,crosswind
110.0,SYNTH_004,9.781387738659388,346.70588805591626,0.3499912853293304,10.425418581999471,0.8793227557669746,crosswind
112.0,SYNTH_004,9.59679613487351,346.61145432885434,0.35493893549420535,10.577245931811133,0.8731606494245695,crosswind
114.0,SYNTH_004,9.578934300021144,346.5233751776492,0.3597919111695128,10.727229614749938,0.866934400967184,crosswind
116.0,SYNTH_004,9.786775366508873,346.4417336009352,0.3645171994449038,10.875320050798974,0.8606612536394755,crosswind
118.0,SYNTH_004,9.558912865792621,346.36660941842837,0.3690810373216271,11.02146828579081,0.8543585805698829,crosswind
120.0,SYNTH_004,9.446425233969052,346.2980792315108,0.3734493439652721,11.165626007590259,0.8480438366567253,crosswind
122.0,SYNTH_004,9.670012620651379,346.23621638540465,0.3775881796683975,11.30774556206492,0.8417345102278441,crosswind
124.0,SYNTH_004,9.543223505468484,346.18109093295345,0.3814642230412797,11.447779968838123,0.8354480746076623,crosswind
126.0,SYNTH_004,9.549247376414217,346.13276960002975,0.3850452571280522,11.585682936819268,0.8292019397257971,crosswind
128.0,SYNTH_004,9.555166865823056,346.09131575258516,0.3883006545517064,11.721408879506175,0.8230134039012391,crosswind
130.0,SYNTH_004,9.311623003723996,346.05678936536026,0.3912018514526478,11.854912930054654,0.8168996059356315,crosswind
132.0,SYNTH_004,9.457198614328753,346.0292469922682,0.3937227999217645,11.986150956110055,0.8108774776483241,crosswind
134.0,SYNTH_004,9.549881695401556,346.0087417384684,0.39584038885133743,12.1150795743961,0.804963696984652,crosswind
136.0,SYNTH_004,9.461200429529027,345.99532323414235,0.39753482363703274,12.241656165056085,0.799174641827305,crosswind
138.0,SYNTH_004,9.499556209808171,345.98903760998644,0.3987899559531098,12.365838885741656,0.7935263446387038,crosswind
140.0,SYNTH_004,9.546536907453703,345.989927474432,0.3995935558723815,12.487586685444644,0.7880344480599966,crosswind
142.0,SYNTH_004,9.236196904635243,345.9980318926049,0.39993751988446624,12.606859318067269,0.7827141615896458,crosswind
144.0,SYNTH_004,9.490022350651092,346.0133863670351,0.3998180098440286,12.72361735572625,0.7775802194615781,crosswind
146.0,SYNTH_004,9.452358674815567,346.03602282012525,0.3992355195112817,12.837822201786466,0.7726468398395521,crosswind
148.0,SYNTH_004,9.653750366114181,346.06596957838724,0.39819486708057483,12.949436103619846,0.7679276854407551,crosswind
150.0,SYNTH_004,9.639375253669526,346.1032513584539,0.3967051138760913,13.058422165085187,0.7634358256976762,crosswind
152.0,SYNTH_004,9.421582145203812,346.14788925487454,0.39477941117134463,13.164744358724935,0.7591837005630486,crosswind
154.0,SYNTH_004,9.561926291336013,346.19990072969773,0.39243477880627936,13.268367537674722,0.7551830860581012,crosswind
156.0,SYNTH_004,9.631645252258881,346.2592996038485,0.3896918208796788,13.369257447281882,0.7514450616595303,crosswind
158.0,SYNTH_004,9.600390448407598,346.32609605030376,0.3865743852367912,13.467380736428956,0.7479799796155122,crosswind
160.0,SYNTH_004,9.784762134486297,346.40029658906855,0.3831091747102286,13.562704968558561,0.7447974362757354,crosswind
162.0,SYNTH_004,9.635880238331445,346.4819040839565,0.379325319071433,13.65519863239595,0.7419062455148491,crosswind
164.0,SYNTH_004,9.717820738869861,346.57091774117555,0.375253917384267,13.744831152365636,0.7393144143229347,crosswind
166.0,SYNTH_004,9.835386370213925,346.66733310972023,0.37092756090505147,13.831572898698765,0.7370291206305963,crosswind
168.0,SYNTH_004,9.944434103707398,346.7711420835693,0.3663798468380928,13.91539519722781,0.735056693430087,crosswind
170.0,SYNTH_004,9.948221872550732,346.88233290568854,0.3616448931358119,13.996270338865362,0.7334025952475198,crosswind
172.0,SYNTH_004,9.885596408717381,347.00089017383675,0.3567568641409359,14.07417158876392,0.7320714070147106,crosswind
174.0,SYNTH_004,10.081970085193191,347.1267948481712,0.3517495162265206,14.149073195153605,0.7310668153825437,crosswind
176.0,SYNTH_004,9.907921421376843,347.2600242606499,0.34665577172712164,14.220950397854912,0.730391602511001,crosswind
178.0,SYNTH_004,9.985044080743382,347.40055212622474,0.34150732840676956,14.289779436463661,0.7300476383641256,crosswind
180.0,SYNTH_004,9.974064585928577,347.5483485558219,0.3363343105167145,14.355537558205471,0.7300358755312621,crosswind
182.0,SYNTH_004,9.931465069187931,347.7033800711008,0.3311649662013419,14.418203025457117,0.7303563465889144,crosswind
184.0,SYNTH_004,9.914492102576745,347.8656096209861,0.3260254146585995,14.477755122932342,0.7310081640105257,crosswind
186.0,SYNTH_004,9.945625106452503,348.0349965999637,0.32093944509561834,14.53417416452967,0.7319895226244347,crosswind
188.0,SYNTH_004,9.874101007362267,348.2114968681319,0.315928368182794,14.587441499840061,0.7332977046131962,crosswind
190.0,SYNTH_004,9.977683671633017,348.3950627729987,0.3110109194387884,14.637539520312133,0.7349290870404234,crosswind
192.0,SYNTH_004,9.8963072696717,348.5856431730117,0.3062032128084172,14.684451665073038,0.7368791518843067,crosswind
194.0,SYNTH_004,9.725819206673538,348.7831834628133,0.3015187416533113,14.728162426402966,0.7391424985500209,crosswind
196.0,SYNTH_004,9.830903113508601,348.9876256002045,0.29696842348346225,14.768657354861519,0.741712858826368,crosswind
198.0,SYNTH_004,9.605608323801992,349.19890813480697,0.29256068403157937,14.805923064064269,0.7445831142452357,crosswind
200.0,SYNTH_004,9.62778667843518,349.41696623840716,0.28830157572023174,14.839947235107871,0.7477453157957945,crosswind
202.0,SYNTH_004,9.349680761285642,349.6417317369694,0.2841949251962544,14.870718620642329,0.751190705938835,crosswind
204.0,SYNTH_004,9.205849579404301,349.8731331443006,0.28024250440404913,14.89822704858901,0.7549097428602803,crosswind
206.0,SYNTH_004,9.445876109506345,350.1110956973503,0.2764442196300864,14.922463425503244,0.7588921268967035,crosswind
208.0,SYNTH_004,9.316671746450893,350.35554139312956,0.27279831306140595,14.943419739580314,0.7631268290596643,crosswind
210.0,SYNTH_004,9.10595163632985,350.6063890272292,0.26930157164389135,14.961089063303932,0.7676021215798736,crosswind
212.0,SYNTH_004,9.022230595066485,350.86355423391933,0.2659495383815306,14.975465555736259,0.7723056103865893,crosswind
214.0,SYNTH_004,8.958684263113568,351.12694952780896,0.262736721664058,14.986544464448734,0.7772242694322978,crosswind
216.0,SYNTH_004,8.831528152611192,351.396484347048,0.2596567987248291,14.994322127093088,0.7823444767676195,crosswind
218.0,SYNTH_004,8.804441213355549,351.6720650980465,0.25670280989118577,14.998795972612006,0.7876520522665309,crosswind
0.0,SYNTH_005,6.286369001771602,334.6897838704176,0.42084418847094135,340.1377431112856,1.15,changing_wind_current
2.0,SYNTH_005,6.18887320950925,334.5129625039805,0.42115678216097724,340.16944521301593,1.1563128740005686,changing_wind_current
4.0,SYNTH_005,6.339972534411492,334.3314830761495,0.42151869696403754,340.20439699539946,1.1626082648519138,changing_wind_current
6.0,SYNTH_005,6.240278889271964,334.14547470725415,0.4219299414977465,340.24258690444617,1.16886873782341,changing_wind_current
8.0,SYNTH_005,6.02256158072528,333.95506875404635,0.42239054808858606,340.2840023157406,1.1750769548875342,changing_wind_current
10.0,SYNTH_005,6.27615557927033,333.76039874483496,0.4229005842603419,340.32862953861485,1.1812157227365578,changing_wind_current
12.0,SYNTH_005,6.226348076722557,333.561600313549,0.4234601658073411,340.37645382067427,1.1872680403984448,changing_wind_current
14.0,SYNTH_005,6.265124061036177,333.3588111327603,0.4240694715650506,340.42745935267453,1.1932171463200862,changing_wind_current
16.0,SYNTH_005,6.379457271431336,333.1521708457003,0.4247287599749,340.4816292737471,1.1990465647874782,changing_wind_current
18.0,SYNTH_005,6.270293477168131,332.9418209973031,0.42543838751741353,340.5389456769734,1.2047401515542855,changing_wind_current
20.0,SYNTH_005,6.20326204282577,332.7279049643094,0.42619882905683326,340.5993896153041,1.2102821385524214,changing_wind_current
22.0,SYNTH_005,6.366487127089211,332.5105678844663,0.4270107001004235,340.66294110782246,1.2156571775608267,changing_wind_current
24.0,SYNTH_005,6.4722512225281426,332.2899565848572,0.42787478092567854,340.7295791463493,1.2208503827115023,changing_wind_current
26.0,SYNTH_005,6.355106563784669,332.06621950939774,0.42879204246800023,340.7992817023879,1.225847371715084,changing_wind_current
28.0,SYNTH_005,6.431666451640609,331.8395066455328,0.4297636737896046,340.87202573440567,1.2306343056917826,changing_wind_current
30.0,SYNTH_005,6.70146827460866,331.60996945017223,0.4307911108672917,340.9477871954512,1.2351979274973828,changing_wind_current
32.0,SYNTH_005,6.342452357609964,331.37776077489985,0.4318760663425147,341.02654104110337,1.2395255984381588,changing_wind_current
34.0,SYNTH_005,6.590348811661584,331.1430347904947,0.4330205597726297,341.10826123775024,1.2436053332730233,changing_wind_current
36.0,SYNTH_005,6.611285082558279,330.90594691080014,0.4342269478085706,341.19292077119496,1.2474258334059798,changing_wind_current
38.0,SYNTH_005,6.650424511059432,330.66665371597963,0.43549795360337246,341.2804916555858,1.2509765181769474,changing_wind_current
40.0,SYNTH_005,6.619873483291188,330.4253128751964,0.4368366946305563,341.3709449426677,1.2542475541643043,changing_wind_current
42.0,SYNTH_005,6.462466276549478,330.1820830687551,0.4382467079646915,341.4642507313512,1.2572298824179937,changing_wind_current
44.0,SYNTH_005,6.676908193339336,329.9371239097447,0.43973197195252645,341.5603781775972,1.2599152435477783,changing_wind_current
46.0,SYNTH_005,6.793748373338793,329.69059586522013,0.4412969230866929,341.659295504613,1.262296200597155,changing_wind_current
48.0,SYNTH_005,6.665447740035035,329.442660176963,0.44294646679059685,341.76097001335654,1.264366159639588,changing_wind_current
50.0,SYNTH_005,6.820349201845558,329.19347878185863,0.4446859807387236,341.86536809334586,1.2661193880400174,changing_wind_current
52.0,SYNTH_005,6.8640466845919805,328.94321423193117,0.4465213092776821,341.9724552337698,1.267551030331069,changing_wind_current
54.0,SYNTH_005,6.924171328132387,328.69202961407404,0.44845874748661346,342.0821960348959,1.268657121659998,changing_wind_current
56.0,SYNTH_005,6.833919590423551,328.4400884695163,0.45050501342784627,342.19455421977284,1.2694345987691251,changing_wind_current
58.0,SYNTH_005,7.057041326079242,328.18755471306525,0.4526672071964037,342.3094926462222,1.2698813084793574,changing_wind_current
60.0,SYNTH_005,7.01050530947788,327.9345925521639,0.45495275548612046,342.42697331911666,1.2699960136532953,changing_wind_current
62.0,SYNTH_005,6.850343991367912,327.68136640580445,0.45736934055576545,342.54695740293994,1.269778396621416,changing_wind_current
64.0,SYNTH_005,7.260317009862028,327.4280408233367,0.4599248127044972,342.6694052346249,1.2692290600618406,changing_wind_current
66.0,SYNTH_005,7.062734071233901,327.1747804032127,0.46262708565441185,342.79427633666444,1.2683495253312511,changing_wind_current
68.0,SYNTH_005,7.211697339842961,326.92174971170726,0.4654840145890813,342.9215294304927,1.2671422282515794,changing_wind_current
70.0,SYNTH_005,7.237550220623933,326.6691132016531,0.4685032570087858,343.05112245013004,1.2656105123641346,changing_wind_current
72.0,SYNTH_005,7.190506499181902,326.4170351312338,0.4716921170309973,343.18301255608895,1.2637586196698543,changing_wind_current
74.0,SYNTH_005,7.021456943051962,326.1656794828715,0.4750573742812077,343.31715614953555,1.2615916788813208,changing_wind_current
76.0,SYNTH_005,7.178877432365403,325.9152098822515,0.47860509907422555,343.45350888670185,1.2591156912190817,changing_wind_current
78.0,SYNTH_005,7.282203727435078,325.66578951752234,0.48234045616651916,343.5920256935446,1.2563375137916062,changing_wind_current
80.0,SYNTH_005,7.411625916139377,325.4175810587132,0.4862674999503276,343.73266078064523,1.2532648406049092,changing_wind_current
82.0,SYNTH_005,7.182373924172586,325.1707465774054,0.4903889645419044,343.87536765834665,1.2499061812544356,changing_wind_current
84.0,SYNTH_005,7.483384264573452,324.9254474667011,0.4947060527691994,344.020099152121,1.2462708373582139,changing_wind_current
86.0,SYNTH_005,7.2888672736443665,324.68184436152563,0.49921822856686804,344.1668074181646,1.2423688767965484,changing_wind_current
88.0,SYNTH_005,7.182288705206652,324.4400970593054,0.5039230177162968,344.3154439592129,1.2382111058295926,changing_wind_current
90.0,SYNTH_005,7.254402571103971,324.2003644410587,0.5088158222029503,344.4659596405731,1.2338090391700183,changing_wind_current
92.0,SYNTH_005,7.555870863131985,323.9628043929388,0.5138897536813363,344.6183047063657,1.2291748680936683,changing_wind_current
94.0,SYNTH_005,7.460272862903238,323.72757372826925,0.5191354916196727,344.7724287959729,1.2243214266765032,changing_wind_current
96.0,SYNTH_005,7.36775944783587,323.49482811010813,0.5245411716252535,344.9282809606861,1.2192621562513517,changing_wind_current
98.0,SYNTH_005,7.542940575326902,323.2647219743804,0.5300923092146826,345.0858096805477,1.2140110681828937,changing_wind_current
100.0,SYNTH_005,7.504519877943607,323.0374084536165,0.5357717638824525,345.24496288138243,1.208582705063977,changing_wind_current
102.0,SYNTH_005,7.54783823904822,322.81303930133475,0.5415597477341496,345.40568795201136,1.2029921004407227,changing_wind_current
104.0,SYNTH_005,7.856829574458838,322.5917648171041,0.5474338821903418,345.5679317616433,1.197254737177967,changing_wind_current
106.0,SYNTH_005,7.687962946908398,322.373733772325,0.5533693053439056,345.7316406774387,1.1913865045803376,changing_wind_current
108.0,SYNTH_005,7.6926419019087415,322.15909333676564,0.5593388314838145,345.89676058223836,1.185403654387719,changing_wind_current
110.0,SYNTH_005,7.900216032075267,321.947989005888,0.5653131631053951,346.06323689245363,1.1793227557669745,changing_wind_current
112.0,SYNTH_005,7.673796054999878,321.74056452900163,0.5712611544400465,346.2310145761096,1.1731606494245694,changing_wind_current
114.0,SYNTH_005,7.809704342799327,321.53696183827856,0.5771501241911364,346.400038171037,1.166934400967184,changing_wind_current
116.0,SYNTH_005,7.742444842647216,321.33732097866715,0.5829462137963961,346.5702518032066,1.1606612536394754,changing_wind_current
118.0,SYNTH_005,7.93902671000525,321.1417800387362,0.5886147861930021,346.7415992051991,1.1543585805698828,changing_wind_current
120.0,SYNTH_005,7.894745707863318,320.95047508248615,0.5941208587837928,346.91402373480577,1.1480438366567254,changing_wind_current
122.0,SYNTH_005,7.784389371828573,320.7635400821598,0.5994295631359802,347.0874683937522,1.141734510227844,changing_wind_current
124.0,SYNTH_005,7.82552837629002,320.5811068520859,0.6045066229299884,347.2618758465407,1.1354480746076623,changing_wind_current
126.0,SYNTH_005,7.9779293666627815,320.4033049835881,0.6093188408550767,347.4371884394032,1.129201939725797,changing_wind_current
128.0,SYNTH_005,7.87040579552917,320.230261780992,0.6138345845545737,347.6133482193601,1.123013403901239,changing_wind_current
130.0,SYNTH_005,7.936808230119702,320.06210219876164,0.6180242613847705,347.7902969533776,1.1168996059356315,changing_wind_current
132.0,SYNTH_005,7.857395272921238,319.89894877979583,0.6218607716877549,347.9679761476179,1.110877477648324,changing_wind_current
134.0,SYNTH_005,7.779410591184912,319.74092159491573,0.625319930500835,348.1463270667753,1.104963696984652,changing_wind_current
136.0,SYNTH_005,7.797770902232021,319.588138183573,0.6283808481350867,348.3252907534926,1.099174641827305,changing_wind_current
138.0,SYNTH_005,7.942452439631776,319.44071349580804,0.6310262608444485,348.5048080478501,1.0935263446387038,changing_wind_current
140.0,SYNTH_005,7.988795627071163,319.2987598354871,0.6332428038561668,348.68481960692253,1.0880344480599966,changing_wind_current
142.0,SYNTH_005,8.126070380298385,319.1623868048453,0.6350212203153894,348.8652659243959,1.0827141615896458,changing_wind_current
144.0,SYNTH_005,8.003797094118632,319.03170125036513,0.636356501174848,349.0460873502381,1.077580219461578,changing_wind_current
146.0,SYNTH_005,8.018568225751485,318.9068072100141,0.6372479526911332,349.2272241104181,1.0726468398395521,changing_wind_current
148.0,SYNTH_005,8.110305535307111,318.7878058618706,0.6376991899226079,349.4086163266645,1.0679276854407551,changing_wind_current
150.0,SYNTH_005,8.250375737560436,318.6747954741612,0.6377180564071893,349.5902040362604,1.0634358256976761,changing_wind_current
152.0,SYNTH_005,8.045398310255354,318.56787135673534,0.6373164719758891,349.77192721186447,1.0591837005630484,changing_wind_current
154.0,SYNTH_005,8.212759780448811,318.4671258140005,0.6365102123751053,349.95372578135454,1.0551830860581013,changing_wind_current
156.0,SYNTH_005,8.137118226231282,318.37264809934175,0.6353186259745469,350.1355396476855,1.0514450616595301,changing_wind_current
158.0,SYNTH_005,8.244632231706918,318.2845243710477,0.6337642942798756,350.3173087087558,1.0479799796155123,changing_wind_current
160.0,SYNTH_005,8.17600056167414,318.20283764976534,0.631872644207281,350.49897287727475,1.0447974362757353,changing_wind_current
162.0,SYNTH_005,8.272655266049846,318.1276677775033,0.6296715210764403,350.6804721006262,1.0419062455148491,changing_wind_current
164.0,SYNTH_005,8.370418556672638,318.05909137820555,0.6271907320125696,350.86174638071986,1.0393144143229347,changing_wind_current
166.0,SYNTH_005,8.527925440682884,317.99718181991426,0.6244615699010335,351.0427357938246,1.0370291206305962,changing_wind_current
168.0,SYNTH_005,8.53276186499131,317.94200917853976,0.6215163282026952,351.22338051037775,1.0350566934300869,changing_wind_current
170.0,SYNTH_005,8.541152999371027,317.8936402032567,0.6183878168182532,351.40362081476263,1.0334025952475199,changing_wind_current
172.0,SYNTH_005,8.687094318937046,317.852138283543,0.615108888798158,351.5833971250491,1.0320714070147106,changing_wind_current
174.0,SYNTH_005,8.689301559548063,317.8175634178776,0.6117119870530041,351.76265001268894,1.0310668153825437,changing_wind_current
176.0,SYNTH_005,8.642114340025724,317.7899721841127,0.6082287193568424,351.9413202221618,1.030391602511001,changing_wind_current
178.0,SYNTH_005,8.765432160179143,317.7694177115352,0.6046894688881934,352.11934869056256,1.0300476383641255,changing_wind_current
180.0,SYNTH_005,8.780996992038105,317.7559496546314,0.6011230463608496,352.2966765671264,1.030035875531262,changing_wind_current
182.0,SYNTH_005,8.79804883388523,317.74961416856706,0.5975563885019932,352.4732452326824,1.0303563465889143,changing_wind_current
184.0,SYNTH_005,8.76368207611231,317.7504538863956,0.5940143062830963,352.6489963190319,1.0310081640105255,changing_wind_current
186.0,SYNTH_005,8.763249225437571,317.7585078980056,0.5905192849434077,352.8238717282425,1.0319895226244347,changing_wind_current
188.0,SYNTH_005,8.748106574645783,317.7738117308182,0.5870913365084263,352.99781365185436,1.0332977046131961,changing_wind_current
190.0,SYNTH_005,8.586420849610032,317.79639733224326,0.5837479042349488,353.17076458998906,1.0349290870404233,changing_wind_current
192.0,SYNTH_005,8.576236748456218,317.8262930539034,0.580503817243793,353.3426673703578,1.0368791518843066,changing_wind_current
194.0,SYNTH_005,8.41505320058458,317.8635236376339,0.5773712925592235,353.51346516716063,1.0391424985500208,changing_wind_current
196.0,SYNTH_005,8.402777082886754,317.908110203265,0.574359980882335,353.68310151987134,1.0417128588263678,changing_wind_current
198.0,SYNTH_005,8.211790545095639,317.96007023819277,0.5714770516994683,353.8515203519017,1.0445831142452358,changing_wind_current
200.0,SYNTH_005,8.18172172128588,318.01941758874375,0.5687273127747898,354.01866598913847,1.0477453157957943,changing_wind_current
202.0,SYNTH_005,8.303718669779895,318.08616245333747,0.5661133587006761,354.1844831783477,1.0511907059388348,changing_wind_current
204.0,SYNTH_005,8.038973675069148,318.16031137745045,0.563635742976706,354.34891710543974,1.0549097428602803,changing_wind_current
0.0,SYNTH_006,1.7581249801696284,206.46732862422115,0.08833540002520629,33.052945036996405,0.25,calm
2.0,SYNTH_006,1.9409958370143983,206.21525899301696,0.09002634613743518,33.231595529478085,0.2563128740005687,calm
4.0,SYNTH_006,2.102022292031319,205.96262876315828,0.09172672255484628,33.41083060237452,0.2626082648519139,calm
6.0,SYNTH_006,2.1032556344074376,205.70960218972738,0.09343544534766368,33.59059100605422,0.26886873782341003,calm
8.0,SYNTH_006,1.9313747439823645,205.45634372352373,0.09515148774849376,33.770817317227355,0.27507695488753425,calm
10.0,SYNTH_006,2.0052276903541006,205.203017929857,0.0968738925052785,33.95144995858938,0.28121572273655804,calm
12.0,SYNTH_006,2.0975280877567273,204.94978940728356,0.09860178579102812,34.13242921851539,0.287268040398445,calm
14.0,SYNTH_006,2.1597952248692884,204.69682270632683,0.10033439278221842,34.31369527079899,0.2932171463200863,calm
16.0,SYNTH_006,2.0812532603098934,204.4442822482207,0.10207105500205833,34.495188194429026,0.2990465647874783,calm
18.0,SYNTH_006,1.9745078648469165,204.1923322437176,0.10381124950207515,34.676847993397594,0.30474015155428547,calm
20.0,SYNTH_006,2.1321175399936534,203.94113661199987,0.10555460992459013,34.85861461653291,0.3102821385524215,calm
22.0,SYNTH_006,2.0867583545139516,203.69085889973536,0.10730094944868841,35.04042797735041,0.3156571775608268,calm
24.0,SYNTH_006,2.4505740161129874,203.4416622003171,0.10905028557234342,35.222227973915466,0.32085038271150235,calm
26.0,SYNTH_006,2.140317597426425,203.19370907332652,0.11080286662272962,35.40395450871127,0.325847371715084,calm
28.0,SYNTH_006,2.310729563293459,202.94716146426055,0.1125591998149732,35.58554750850522,0.33063430569178254,calm
30.0,SYNTH_006,2.1832113709252035,202.70218062456166,0.11432008059649366,35.76694694420729,0.335197927497383,calm
32.0,SYNTH_006,2.5064388256421735,202.458927031991,0.11608662291991877,35.94809285071386,0.33952559843815877,calm
34.0,SYNTH_006,2.2389902088237696,202.21756031138324,0.11786028998302679,36.12892534673027,0.3436053332730233,calm
36.0,SYNTH_006,2.53962433329995,201.97823915582268,0.11964292486056118,36.309384654565775,0.34742583340597977,calm
38.0,SYNTH_006,2.487817671731592,201.7411212482797,0.12143678033197154,36.489411119894264,0.3509765181769476,calm
40.0,SYNTH_006,2.5247568697471676,201.50636318374578,0.12324454708375066,36.66894523147407,0.3542475541643043,calm
42.0,SYNTH_006,2.6698937105656153,201.27412039190568,0.1250693793383709,36.84792764082065,0.3572298824179939,calm
44.0,SYNTH_006,2.556007878163554,201.04454706038538,0.12691491683792558,37.026299181825316,0.3599152435477785,calm
46.0,SYNTH_006,2.6032935587293515,200.81779605861306,0.12878530199422691,37.20400089031377,0.3622962005971551,calm
48.0,SYNTH_006,2.6074338036340867,200.59401886233115,0.13068519091374642,37.38097402353787,0.3643661596395882,calm
50.0,SYNTH_006,2.7108837409412194,200.3733654787967,0.13261975692142988,37.55716007959413,0.36611938804001765,calm
52.0,SYNTH_006,2.6676088861753393,200.15598437270654,0.13459468514854656,37.73250081676272,0.3675510303310692,calm
54.0,SYNTH_006,2.5080456794319543,199.94202239288452,0.13661615672306068,37.906938272760385,0.36865712165999803,calm
56.0,SYNTH_006,2.689404265052218,199.73162469976668,0.13869082111330142,38.08041478390095,0.36943459876912527,calm
58.0,SYNTH_006,2.79802141051912,199.52493469371976,0.14082575523346147,38.252873004157244,0.3698813084793575,calm
60.0,SYNTH_006,2.5870625503659936,199.3220939442294,0.1430284080286363,38.4242559241179,0.3699960136532955,calm
62.0,SYNTH_006,2.680664464388251,199.12324211999194,0.14530652942278266,38.594506889832914,0.3697783966214161,calm
64.0,SYNTH_006,2.734164228761528,198.92851691994517,0.14766808273894216,38.763569621541755,0.3692290600618406,calm
66.0,SYNTH_006,2.631937944180473,198.73805400527164,0.15012113998953014,38.931388232277676,0.3683495253312512,calm
68.0,SYNTH_006,2.586671722143805,198.55198693240828,0.15267375978566658,39.097907246342274,0.3671422282515795,calm
70.0,SYNTH_006,2.8208171932997126,198.37044708709522,0.15533384802635652,39.26307161764403,0.36561051236413467,calm
72.0,SYNTH_006,2.999976401760147,198.1935636194966,0.1581090019962125,39.42682674789489,0.36375861966985423,calm
74.0,SYNTH_006,2.7147201602375195,198.02146338042553,0.1610063390169794,39.589118504658785,0.3615916788813209,calm
76.0,SYNTH_006,2.675691586974254,197.85427085870413,0.16403231135317942,39.74989323924613,0.3591156912190818,calm
78.0,SYNTH_006,2.749506802225255,197.69210811969006,0.1671925096526802,39.90909780444848,0.35633751379160616,calm
80.0,SYNTH_006,2.852061318902243,197.53509474499995,0.17049145779316363,40.066679572107326,0.35326484060490926,calm
82.0,SYNTH_006,2.835353103308295,197.38334777345912,0.17393240258714193,40.222586450511386,0.3499061812544357,calm
84.0,SYNTH_006,3.0243827887938366,197.23698164330693,0.1775171023511405,40.37676690161655,0.3462708373582139,calm
86.0,SYNTH_006,2.800485359564003,197.0961081356865,0.18124561884727788,40.529169958082726,0.34236887679654854,calm
88.0,SYNTH_006,2.622138428636699,196.96083631944643,0.185116117535302,40.67974524012211,0.33821110582959263,calm
90.0,SYNTH_006,2.853575511003256,196.8312724972817,0.1891246814077865,40.82844297215322,0.33380903917001836,calm
92.0,SYNTH_006,2.530571549710027,196.70752015324092,0.19326514389920918,40.975213999255146,0.32917486809366836,calm
94.0,SYNTH_006,2.8354524231279594,196.5896799016249,0.19752894644145116,41.120009803416714,0.32432142667650343,calm
96.0,SYNTH_006,2.7709510895664007,196.47784943730292,0.20190502616719397,41.262782519574984,0.3192621562513518,calm
98.0,SYNTH_006,2.5847527226162215,196.37212348747013,0.20637973902589116,41.40348495143803,0.3140110681828939,calm
100.0,SYNTH_006,2.607642777450883,196.2725937648707,0.21093682316632614,41.54207058708659,0.30858270506397706,calm
102.0,SYNTH_006,2.6104579113022575,196.17934892250938,0.21555740685259778,41.67849361434945,0.30299210044072283,calm
104.0,SYNTH_006,2.604555509940008,196.09247450987405,0.2202200644201742,41.81270893594757,0.2972547371779671,calm
106.0,SYNTH_006,2.699854642387115,196.01205293069097,0.22490092285538277,41.94467218440187,0.2913865045803377,calm
108.0,SYNTH_006,2.7194912740461947,195.93816340223296,0.22957382051199382,42.07433973669971,0.2854036543877193,calm
110.0,SYNTH_006,2.5492196877287068,195.87088191620163,0.23421051828556239,42.20166872871543,0.27932275576697463,calm
112.0,SYNTH_006,2.7540370972305803,195.81028120120195,0.2387809622792058,42.32661706937981,0.2731606494245696,calm
114.0,SYNTH_006,2.5283226207559077,195.75643068682854,0.24325359564823712,42.44914345459412,0.26693440096718407,calm
116.0,SYNTH_006,2.5039727411671584,195.70939646938075,0.2475957159447018,42.569207380884045,0.2606612536394755,calm
118.0,SYNTH_006,2.511789905947428,195.66924127922394,0.25177387293875786,42.68676915878882,0.2543585805698829,calm
120.0,SYNTH_006,2.575834667461536,195.6360244498127,0.25575430061611437,42.80178992598139,0.24804383665672539,calm
122.0,SYNTH_006,2.5239578008876977,195.60980188839162,0.25950337588368166,42.91423166011512,0.2417345102278441,calm
124.0,SYNTH_006,2.4205436522682127,195.59062604838803,0.2629880955018764,43.024057191392785,0.23544807460766237,calm
126.0,SYNTH_006,2.403861516367661,195.57854590350985,0.2661765619410647,43.13123021485378,0.22920193972579717,calm
128.0,SYNTH_006,2.5711878331474636,195.57360692356244,0.269038468265824,43.23571530237543,0.22301340390123914,calm
130.0,SYNTH_006,2.435072962482658,195.5758510519949,0.2715455718119324,43.33747791438448,0.21689960593563157,calm
132.0,SYNTH_006,2.4783936345701356,195.58531668518842,0.2736721463572548,43.43648441127473,0.2108774776483241,calm
134.0,SYNTH_006,2.378950284082117,195.60203865349567,0.27539540271006924,43.53270206452737,0.204963696984652,calm
136.0,SYNTH_006,2.4307890617539525,195.62604820404138,0.27669586814828845,43.626099067529935,0.1991746418273051,calm
138.0,SYNTH_006,2.349117835685521,195.65737298529248,0.27755771593192485,43.71664454609067,0.19352634463870377,calm
140.0,SYNTH_006,2.359978625283316,195.69603703340482,0.27796903716054994,43.80430856864453,0.18803444805999658,calm
142.0,SYNTH_006,2.2535773045668908,195.74206076035415,0.277922048529501,43.88906215614768,0.18271416158964587,calm
144.0,SYNTH_006,2.206919121888048,195.79546094385643,0.2774132310167475,43.97087729165708,0.1775802194615781,calm
146.0,SYNTH_006,2.278570631157475,195.856250719083,0.27644339616290214,44.04972692959201,0.17264683983955215,calm
148.0,SYNTH_006,2.432786595004322,195.92443957217415,0.2750176783404136,44.12558500467452,0.16792768544075515,calm
150.0,SYNTH_006,2.399786682928973,196.0000333355551,0.27314545319117767,44.198426440545816,0.16343582569767617,calm
152.0,SYNTH_006,2.3256063912657905,196.08303418505554,0.27084018418946454,44.26822715805574,0.15918370056304862,calm
154.0,SYNTH_006,2.442492661076698,196.1734406388355,0.26811920100417924,44.33496408322259,0.15518308605810127,calm
156.0,SYNTH_006,2.3557470786151695,196.27124755811693,0.2650034149383656,44.398615154860664,0.1514450616595303,calm
158.0,SYNTH_006,2.4009093126102936,196.3764461497213,0.26151697816606967,44.45915933187307,0.1479799796155123,calm
160.0,SYNTH_006,2.381425158075122,196.48902397041178,0.2576868947248242,44.516576600207166,0.1447974362757354,calm
162.0,SYNTH_006,2.5543074213529215,196.6089649330377,0.25354259222125014,44.570847979470706,0.14190624551484915,calm
164.0,SYNTH_006,2.6516751475327687,196.73624931447858,0.24911546394153267,44.6219555292061,0.13931441432293468,calm
166.0,SYNTH_006,2.5325472760486116,196.87085376538346,0.24443839151129404,44.669882354821,0.13702912063059636,calm
168.0,SYNTH_006,2.6695222964690055,197.01275132170113,0.23954525841410065,44.71461261317315,0.13505669343008692,calm
170.0,SYNTH_006,2.8196407345101666,197.16191141799496,0.23447046455791037,44.75613151780764,0.1334025952475199,calm
172.0,SYNTH_006,2.852854307613444,197.31829990253638,0.22924845168711266,44.79442534384483,0.13207140701471065,calm
174.0,SYNTH_006,2.7370639235367222,197.48187905416938,0.22391324879611554,44.82948143251741,0.13106681538254378,calm
176.0,SYNTH_006,2.6658503258158808,197.65260760093727,0.2184980458379841,44.861288195354994,0.130391602511001,calm
178.0,SYNTH_006,2.836239631554317,197.83044074046322,0.2130348029739664,44.88983511801489,0.13004763836412556,calm
180.0,SYNTH_006,2.7625134858886855,198.01533016207387,0.2075539014170507,44.91511276375782,0.13003587553126217,calm
182.0,SYNTH_006,2.8297863462573916,198.2072240706555,0.20208384062813117,44.93711277656748,0.13035634658891435,calm
184.0,SYNTH_006,2.8671304896981757,198.40606721223088,0.196650985271292,44.95582788391271,0.1310081640105257,calm
186.0,SYNTH_006,2.6828452246734167,198.61180090124392,0.19127936396906167,44.97125189915159,0.13198952262443475,calm
188.0,SYNTH_006,2.512201071842922,198.8243630495392,0.18599052056106655,44.98337972357657,0.13329770461319618,calm
190.0,SYNTH_006,2.6986595008271674,199.0436881970212,0.1808034172987033,44.99220734809993,0.1349290870404234,calm
192.0,SYNTH_006,2.4026838490940055,199.26970754397942,0.1757343882379509,44.9977318545791,0.13687915188430677,calm
194.0,SYNTH_006,2.519312924961253,199.50234898506167,0.17079714005036153,44.999951416781236,0.13914249855002092,calm
196.0,SYNTH_006,2.5976835276183845,199.74153714488054,0.16600279658048808,44.99886530098699,0.14171285882636797,calm
198.0,SYNTH_006,2.476619047380764,199.987193415234,0.16135998275181523,44.99447386623302,0.14458311424523573,calm
200.0,SYNTH_006,2.3711698526951013,200.2392359939229,0.15687494287130865,44.98677856419329,0.14774531579579453,calm
202.0,SYNTH_006,2.3948135085248885,200.49757992514537,0.1525516880071912,44.97578193869922,0.151190705938835,calm
204.0,SYNTH_006,2.2760335196940087,200.76213714144845,0.14839216691170604,44.96148762489878,0.15490974286028036,calm
206.0,SYNTH_006,2.1923886150471774,201.03281650721664,0.14439645492129505,44.94390034805477,0.15889212689670346,calm
208.0,SYNTH_006,1.9851961430118557,201.30952386367508,0.14056295537710944,44.923025921982855,0.16312682905966436,calm
210.0,SYNTH_006,2.085481968447728,201.59216207538603,0.13688860835173844,44.898871247129655,0.1676021215798737,calm
212.0,SYNTH_006,1.7778935228304404,201.8806310782146,0.13336910182347714,44.87144430829167,0.17230561038658934,calm
214.0,SYNTH_006,2.0404921278927843,202.1748279287417,0.12999908088562984,44.840754171975775,0.17722426943229785,calm
216.0,SYNTH_006,1.8511067398998393,202.4746468550976,0.12677235109279855,44.8068109834021,0.1823444767676195,calm
218.0,SYNTH_006,1.70038308550121,202.77997930919318,0.12368207260650199,44.769625963150304,0.18765205226653092,calm
220.0,SYNTH_006,1.7521940753909508,203.09071402032168,0.12072094238738751,44.729211403450435,0.19313229689742573,calm
222.0,SYNTH_006,1.8278799925731732,203.40673705010477,0.11788136227090347,44.685580664119485,0.19877003343125493,calm
224.0,SYNTH_006,1.4941158551249785,203.72793184875627,0.11515559133986533,44.63874816814501,0.20454964847400914,calm
226.0,SYNTH_006,1.5615896228367518,204.0541793126351,0.11253588155564723,44.58872939691736,0.21045513570713414,calm
228.0,SYNTH_006,1.5539932176675348,204.38535784305967,0.11001459611727692,44.535540885112034,0.2164701402161289,calm
230.0,SYNTH_006,1.5597037595439698,204.7213434063538,0.10758431047486887,44.479200215223756,0.22257800378456138,calm
232.0,SYNTH_006,1.583537537020469,205.06200959509584,0.10523789632380326,44.41972601175428,0.22876181102806104,calm
234.0,SYNTH_006,1.3743900976109773,205.40722769053906,0.10296858924476308,44.357137935055704,0.23500443624052336,calm
236.0,SYNTH_006,1.3030687315852192,205.75686672617425,0.10077004093060017,44.291456674831345,0.2412885908227898,calm
238.0,SYNTH_006,1.3302795422679201,206.1107935524016,0.09863635715466139,44.22270394329636,0.24759687116244952,calm
240.0,SYNTH_006,1.4594994642686587,206.46887290228096,0.09656212278921218,44.15090246800034,0.25391180683216424,calm
242.0,SYNTH_006,1.4886681621093771,206.83096745832773,0.0945424152810387,44.07607598431429,0.2602159089730339,calm
244.0,SYNTH_006,1.3224257277640221,207.19693792032095,0.09257280803945692,43.99824922758448,0.26649171872900707,calm
246.0,SYNTH_006,1.5875925926054555,207.5666430740908,0.09064936519590686,43.91744792495561,0.2727218555981992,calm
248.0,SYNTH_006,1.3028244291073277,207.9399398612511,0.08876862916064131,43.83369878686625,0.2788890655672156,calm
250.0,SYNTH_006,1.4180230030226422,208.31668344984266,0.08692760233750177,43.74702949821922,0.28497626889516936,calm
252.0,SYNTH_006,1.1969228495903712,208.69672730585202,0.08512372426910009,43.65746870922976,0.29096660741506314,calm
254.0,SYNTH_006,1.4219884454406313,209.07992326557118,0.08335484537827897,43.565046025954636,0.2968434912215331,calm
0.0,SYNTH_007,9.770230504098851,5.307846464977274,0.2799251160594502,14.984564376037056,0.85,crosswind
2.0,SYNTH_007,9.976233238975611,5.627440812451141,0.28000079460312366,14.993011788565964,0.8563128740005687,crosswind
4.0,SYNTH_007,9.864941949430051,5.941826761520872,0.2800287853389763,14.998155817127262,0.8626082648519139,crosswind
6.0,SYNTH_007,9.633303628963091,6.250888570801749,0.28000936945716454,14.999994761262487,0.86886873782341,crosswind
8.0,SYNTH_007,9.6582757090906,6.554513128005965,0.27994293081977817,14.998528013072969,0.8750769548875342,crosswind
10.0,SYNTH_007,10.022446915388878,6.852590005797822,0.2798299671623382,14.993756057420786,0.881215722736558,crosswind
12.0,SYNTH_007,9.797377529737494,7.145011516323848,0.2796711028158652,14.985680471768477,0.887268040398445,crosswind
14.0,SYNTH_007,9.717004023281117,7.431672764389191,0.2794671030623737,14.974303925657598,0.8932171463200863,crosswind
16.0,SYNTH_007,9.959159936319248,7.712471699256469,0.27921889022099616,14.959630179826231,0.8990465647874784,crosswind
18.0,SYNTH_007,9.655405023712804,7.9873091650383685,0.2789275615392102,14.941664084965815,0.9047401515542854,crosswind
20.0,SYNTH_007,9.841645217377385,8.256088949661773,0.2785944089327958,14.920411580117651,0.9102821385524215,crosswind
22.0,SYNTH_007,9.519302859838213,8.518717832378172,0.27822094057820407,14.895879690709634,0.9156571775608268,crosswind
24.0,SYNTH_007,9.820541204004318,8.775105629796201,0.27780890431110467,14.868076526233867,0.9208503827115023,crosswind
26.0,SYNTH_007,9.778960386533377,9.025165240415333,0.2773603127242743,14.837011277565903,0.925847371715084,crosswind
28.0,SYNTH_007,9.769838343823805,9.26881268763674,0.2768774697862282,14.802694213926532,0.9306343056917825,crosswind
30.0,SYNTH_007,9.692675160355614,9.505967161231922,0.2763629987189243,14.765136679487087,0.935197927497383,crosswind
32.0,SYNTH_007,9.651149414986264,9.736551057247084,0.2758198707787187,14.724351089619402,0.9395255984381587,crosswind
34.0,SYNTH_007,9.527334189367643,9.96049001632457,0.2752514344802448,14.68035092679168,0.9436053332730233,crosswind
36.0,SYNTH_007,9.53312858262331,10.177712960421957,0.27466144468929826,14.633150736111595,0.9474258334059797,crosswind
38.0,SYNTH_007,9.625902127475483,10.388152127911098,0.2740540908900389,14.582766120518128,0.9509765181769476,crosswind
40.0,SYNTH_007,9.423149252046539,10.591743107039065,0.27343402380645143,14.52921373562371,0.9542475541643043,crosswind
42.0,SYNTH_007,9.39237038263582,10.788424867735046,0.2728063794313599,14.472511284208384,0.9572298824179939,crosswind
44.0,SYNTH_007,9.576757880545987,10.978139791747765,0.2721767993924081,14.412677510367816,0.9599152435477785,crosswind
46.0,SYNTH_007,9.52198594596977,11.160833701097374,0.27155144646807566,14.349732193317061,0.9622962005971551,crosswind
48.0,SYNTH_007,9.243664746505338,11.336455884829263,0.2709370139634524,14.283696140852168,0.9643661596395882,crosswind
50.0,SYNTH_007,9.405198398885975,11.504959124054949,0.27034072757114636,14.214591182471747,0.9661193880400176,crosswind
52.0,SYNTH_007,9.237127304011782,11.666299715269872,0.2697703382838455,14.14244016216082,0.9675510303310692,crosswind
54.0,SYNTH_007,9.1267872895947,11.820437491933717,0.2692341048983862,14.067266930839287,0.9686571216599981,crosswind
56.0,SYNTH_007,9.227368864269595,11.967335844305353,0.2687407646634822,13.989096338477548,0.9694345987691253,crosswind
58.0,SYNTH_007,9.045917206268793,12.106961737520862,0.2682994906810289,13.907954225881861,0.9698813084793575,crosswind
60.0,SYNTH_007,9.422770050613185,12.239285727906463,0.2679198347800849,13.823867416152156,0.9699960136532955,crosswind
62.0,SYNTH_007,9.129926561613182,12.364281977517976,0.2676116547483081,13.736863705815152,0.9697783966214161,crosswind
64.0,SYNTH_007,9.06625095791278,12.481928266899388,0.26738502503159045,13.64697185563566,0.9692290600618406,crosswind
66.0,SYNTH_007,9.163958603642993,12.592206006055676,0.2672501303010991,13.554221581109175,0.9683495253312512,crosswind
68.0,SYNTH_007,8.913985124716712,12.695100243632282,0.2672171416381048,13.45864354263881,0.9671422282515795,crosswind
70.0,SYNTH_007,9.10039018709684,12.79059967429788,0.26729607549881423,13.360269335399947,0.9656105123641346,crosswind
72.0,SYNTH_007,9.194773071080723,12.878696644327817,0.2674966360893062,13.259131478895798,0.9637586196698542,crosswind
74.0,SYNTH_007,9.100024406671238,12.959387155382842,0.2678280422972373,13.155263406207474,0.9615916788813209,crosswind
76.0,SYNTH_007,9.009699982013043,13.032670866483954,0.26829884088203915,13.048699452942037,0.9591156912190818,crosswind
78.0,SYNTH_007,8.843273891297018,13.09855109418038,0.2689167082058122,12.939474845882172,0.9563375137916061,crosswind
80.0,SYNTH_007,8.830923319586443,13.157034810912364,0.26968824337728536,12.827625691341327,0.9532648406049092,crosswind
82.0,SYNTH_007,8.775253157503474,13.208132641567715,0.2706187562628818,12.713188963228037,0.9499061812544357,crosswind
84.0,SYNTH_007,8.78315714195202,13.251858858235323,0.2717120543718903,12.596202490823496,0.9462708373582138,crosswind
86.0,SYNTH_007,8.809171931457096,13.288231373157373,0.2729702331253492,12.47670494627636,0.9423688767965486,crosswind
88.0,SYNTH_007,8.824090230205876,13.317271729884453,0.27439347444806506,12.35473583181891,0.9382111058295926,crosswind
90.0,SYNTH_007,8.611358416806743,13.33900509263691,0.27597985895782784,12.230335466708812,0.9338090391700183,crosswind
92.0,SYNTH_007,8.81033001499282,13.353460233878593,0.27772519724388506,12.10354497390083,0.9291748680936683,crosswind
94.0,SYNTH_007,8.694920144995415,13.36066952010907,0.27962288580854744,11.974406266452805,0.9243214266765034,crosswind
96.0,SYNTH_007,8.45340587106041,13.360668895880565,0.2816637931747184,11.842962033670513,0.9192621562513518,crosswind
98.0,SYNTH_007,8.613646638175888,13.353497866048485,0.2838361814253279,11.70925572699586,0.9140110681828939,crosswind
100.0,SYNTH_007,8.485354448682354,13.339199476263445,0.2861256680299688,11.573331545643175,0.908582705063977,crosswind
102.0,SYNTH_007,8.524889333731457,13.31782029171518,0.2885152322268476,11.435234421988298,0.9029921004407228,crosswind
104.0,SYNTH_007,8.443604495444676,13.289410374138413,0.2909852694679413,11.295010006715316,0.8972547371779671,crosswind
106.0,SYNTH_007,8.54858983577597,13.254023257091774,0.2935136965119631,11.152704653725852,0.8913865045803376,crosswind
108.0,SYNTH_007,8.320644295616502,13.211715919522703,0.2960761086800069,11.008365404815859,0.8854036543877193,crosswind
110.0,SYNTH_007,8.391992874688745,13.162548757630987,0.2986459895957273,10.862039974125057,0.8793227557669746,crosswind
112.0,SYNTH_007,8.273167433494617,13.106585555044546,0.3011949724449044,10.713776732364115,0.8731606494245695,crosswind
114.0,SYNTH_007,8.366110044055521,13.043893451322504,0.30369315044296047,10.563624690824726,0.866934400967184,crosswind
116.0,SYNTH_007,8.136098149900889,12.974542908801652,0.3061094328326006,10.41163348517803,0.8606612536394755,crosswind
118.0,SYNTH_007,8.300410445838933,12.89860767780118,0.3084119413896163,10.257853359066537,0.8543585805698829,crosswind
120.0,SYNTH_007,8.269299757062392,12.816164760204515,0.3105684411371413,10.102335147495134,0.8480438366567253,crosswind
122.0,SYNTH_007,8.23320602501907,12.727294371435335,0.31254679780156075,9.945130260026595,0.8417345102278441,crosswind
124.0,SYNTH_007,8.399889283132847,12.632079900846463,0.31431545352953566,9.786290663787131,0.8354480746076623,crosswind
126.0,SYNTH_007,8.267816030099887,12.530607870541758,0.31584391156461933,9.625868866287664,0.8292019397257971,crosswind
128.0,SYNTH_007,8.238283968664234,12.422967892650718,0.3171032199881088,9.463917898066457,0.8230134039012391,crosswind
130.0,SYNTH_007,8.440195980204075,12.309252625077704,0.3180664442899731,9.300491295158803,0.8168996059356315,crosswind
132.0,SYNTH_007,8.201880876492135,12.189557725746567,0.3187091184719314,9.135643081399706,0.8108774776483241,crosswind
134.0,SYNTH_007,8.209897611509893,12.063981805364392,0.31900966460709457,8.969427750565204,0.804963696984652,crosswind
136.0,SYNTH_007,8.581188132959864,11.932626378726354,0.31894977129046714,8.801900248358422,0.799174641827305,crosswind
138.0,SYNTH_007,8.44537893141903,11.795595814587614,0.31851472220346233,8.633115954246197,0.7935263446387038,crosswind
140.0,SYNTH_007,8.337672309901055,11.652997284124979,0.3176936670649567,8.463130663152318,0.7880344480599966,crosswind
142.0,SYNTH_007,8.45238160287495,11.504940708015056,0.31647982852337675,8.292000567013424,0.7827141615896458,crosswind
144.0,SYNTH_007,8.51164132294263,11.351538702154699,0.314870640022435,8.119782236203697,0.7775802194615781,crosswind
146.0,SYNTH_007,8.495377853315278,11.192906522050691,0.31286781130367064,7.946532600834381,0.7726468398395521,crosswind
148.0,SYNTH_007,8.690661452531007,11.029162005905448,0.3104773199424671,7.77230893193448,0.7679276854407551,crosswind
150.0,SYNTH_007,8.715334024862871,10.860425516427824,0.3077093290973813,7.597168822518668,0.7634358256976762,crosswind
152.0,SYNTH_007,8.836072725751707,10.686819881397525,0.3045780334302433,7.421170168548817,0.7591837005630486,crosswind
154.0,SYNTH_007,8.65690351899873,10.508470333011473,0.3011014368715702,7.244371149795377,0.7551830860581012,crosswind
156.0,SYNTH_007,8.831708803810418,10.325504446043283,0.29730106750968943,7.066830210604881,0.7514450616595303,crosswind
158.0,SYNTH_007,9.019942374718562,10.138052074846428,0.29320163632413865,6.888606040580087,0.7479799796155122,crosswind
160.0,SYNTH_007,9.014735096770831,9.946245289230774,0.288830647722013,6.70975755517895,0.7447974362757354,crosswind
162.0,SYNTH_007,9.07090634882571,9.750218309246009,0.2842179708351299,6.5303438762389865,0.7419062455148491,crosswind
164.0,SYNTH_007,9.273115172032508,9.550107438902273,0.27939538127010066,6.350424312433417,0.7393144143229347,crosswind
166.0,SYNTH_007,9.381037567632253,9.34605099886312,0.27439608345612615,6.17005833966551,0.7370291206305963,crosswind
168.0,SYNTH_007,9.519735469308715,9.13818925814121,0.2692542239000089,5.989305581407678,0.735056693430087,crosswind
170.0,SYNTH_007,9.539286461597936,8.926664364832675,0.26400440553790216,5.808225788991802,0.7334025952475198,crosswind
172.0,SYNTH_007,9.465588502888911,8.711620275923451,0.25868121298162366,5.626878821857218,0.7320714070147106,crosswind
174.0,SYNTH_007,9.514615854661896,8.493202686202437,0.2533187578156246,5.445324627763083,0.7310668153825437,crosswind
176.0,SYNTH_007,9.569433193356042,8.271558956316312,0.24795025223821168,5.263623222971425,0.730391602511001,crosswind
178.0,SYNTH_007,9.874384806042702,8.046838040001546,0.2426076182929154,5.081834672407631,0.7300476383641256,crosswind
180.0,SYNTH_007,9.790995124111937,7.819190410530609,0.23732113874316146,4.90001906980482,0.7300358755312621,crosswind
182.0,SYNTH_007,9.930666493732074,7.588767986406879,0.23211915434879762,4.718236517838681,0.7303563465889144,crosswind
184.0,SYNTH_007,10.042639888253346,7.355724056346332,0.22702781095092162,4.5365471082593745,0.7310081640105257,crosswind
186.0,SYNTH_007,9.997362660349603,7.120213203582352,0.22207085840575386,4.355010902027038,0.7319895226244347,crosswind
188.0,SYNTH_007,9.995695898964987,6.882391229531777,0.21726950207083975,4.173687909457465,0.7332977046131962,crosswind
190.0,SYNTH_007,9.853573056432678,6.6424150768588675,0.21264230627601546,3.992638070384549,0.7349290870404234,crosswind
192.0,SYNTH_007,9.943774031538782,6.400442751976016,0.20820514804103177,3.8119212343459816,0.7368791518843067,crosswind
194.0,SYNTH_007,10.123486862942572,6.156633247019158,0.20397121825961015,3.6315971407988386,0.7391424985500209,crosswind
196.0,SYNTH_007,10.094337062630704,5.91114646133633,0.19995106667788504,3.4517253993715618,0.741712858826368,crosswind
198.0,SYNTH_007,10.090190161295823,5.6641431225281735,0.19615268626895455,3.2723654701587903,0.7445831142452357,crosswind
200.0,SYNTH_007,10.03686000398352,5.415784707079638,0.1925816320532727,3.093576644065735,0.7477453157957945,crosswind
202.0,SYNTH_007,9.932276757195194,5.166233360621902,0.18924116903906993,2.9154180232083697,0.751190705938835,crosswind
204.0,SYNTH_007,10.025235055339325,4.915651817863534,0.18613244375410357,2.737948501376099,0.7549097428602803,crosswind
206.0,SYNTH_007,9.910118225555554,4.66420332223106,0.1832546738006689,2.561226744563285,0.7588921268967035,crosswind
208.0,SYNTH_007,10.014388691844276,4.41205154525835,0.18060534997625288,2.3853111715760376,0.7631268290596643,crosswind
210.0,SYNTH_007,9.93745261337773,4.159360505764312,0.17818044574514608,2.210259934720761,0.7676021215798736,crosswind
212.0,SYNTH_007,9.699872905557186,3.906294488859544,0.1759746292017249,2.036130900580792,0.7723056103865893,crosswind
214.0,SYNTH_007,9.776910347544536,3.6530179648207763,0.17398147311225648,1.8629816308874374,0.7772242694322978,crosswind
216.0,SYNTH_007,9.876579878610054,3.399695507874924,0.17219365913649648,1.6908693634918808,0.7823444767676195,crosswind
218.0,SYNTH_007,9.731054277543494,3.1464917149306757,0.17060317289071114,1.5198509934440558,0.7876520522665309,crosswind
220.0,SYNTH_007,9.757968136423107,2.8935711242995694,0.16920148709863633,1.349983054184901,0.7931322968974257,crosswind
222.0,SYNTH_007,9.617820480747634,2.6410981344461675,0.167979730666459,1.1813216988581483,0.798770033431255,crosswind
224.0,SYNTH_007,9.819671859339978,2.3892369228064467,0.16692884209443837,1.013922681747768,0.8045496484740091,crosswind
0.0,SYNTH_008,6.85948524245984,339.97782892275796,0.48653012998297873,351.08540002995846,1.15,changing_wind_current
2.0,SYNTH_008,7.136945859471353,340.0722461329251,0.4848284756535774,350.904486573188,1.1563128740005686,changing_wind_current
4.0,SYNTH_008,6.9025114754495425,340.159260069424,0.48312416908030037,350.7232741208287,1.1626082648519138,changing_wind_current
6.0,SYNTH_008,6.993746147446805,340.23886726872485,0.48141890547736016,350.5418225761731,1.16886873782341,changing_wind_current
8.0,SYNTH_008,6.950698406724245,340.3110679247953,0.47971444481545145,350.3601919215505,1.1750769548875342,changing_wind_current
10.0,SYNTH_008,6.7700730761130545,340.3758658890047,0.47801262189997074,350.1784421984985,1.1812157227365578,changing_wind_current
12.0,SYNTH_008,6.813536842616099,340.43326866822235,0.47631535800167346,349.996633487915,1.1872680403984448,changing_wind_current
14.0,SYNTH_008,6.798610123893899,340.48328742111033,0.4746246741535143,349.8148258901974,1.1932171463200862,changing_wind_current
16.0,SYNTH_008,6.68739419696723,340.52593695261356,0.47294270621173784,349.63307950537524,1.1990465647874782,changing_wind_current
18.0,SYNTH_008,6.622363618293711,340.56123570664886,0.471271721756531,349.45145441324286,1.2047401515542855,changing_wind_current
20.0,SYNTH_008,6.710399229843678,340.589205756997,0.4696141388766711,349.27001065349907,1.2102821385524214,changing_wind_current
22.0,SYNTH_008,6.711490630614994,340.6098727964031,0.4679725468426325,349.08880820589974,1.2156571775608267,changing_wind_current
24.0,SYNTH_008,6.780762451275247,340.6232661238888,0.4663497286226686,348.9079069704302,1.2208503827115023,changing_wind_current
26.0,SYNTH_008,6.571727748696876,340.6294186302846,0.4647486851357511,348.72736674750433,1.225847371715084,changing_wind_current
28.0,SYNTH_008,6.590569054724829,340.62836678198767,0.4631726610634599,348.54724721819633,1.2306343056917826,changing_wind_current
30.0,SYNTH_008,6.337741049778045,340.6201506029551,0.4616251719598101,348.367607924512,1.2351979274973828,changing_wind_current
32.0,SYNTH_008,6.544991328590382,340.6048136549394,0.4601100323038232,348.1885082497059,1.2395255984381588,changing_wind_current
34.0,SYNTH_008,6.324158025924474,340.5824030159775,0.4586313840351075,348.010007398651,1.2436053332730233,changing_wind_current
36.0,SYNTH_008,6.683366208475526,340.55296925714316,0.45719372499909355,347.8321643782676,1.2474258334059798,changing_wind_current
38.0,SYNTH_008,6.575110124197385,340.51656641757495,0.4558019366077633,347.65503797801716,1.2509765181769474,changing_wind_current
40.0,SYNTH_008,6.598722559278263,340.47325197779116,0.45446130989631,347.4786867504686,1.2542475541643043,changing_wind_current
42.0,SYNTH_008,6.425430134918166,340.4230868313054,0.45317756902948564,347.30316899194247,1.2572298824179937,changing_wind_current
44.0,SYNTH_008,6.277066264808728,340.36613525455715,0.4519568911874732,347.1285427232398,1.2599152435477783,changing_wind_current
46.0,SYNTH_008,6.513055542452067,340.3024648751716,0.4508059216447469,346.9548656704624,1.262296200597155,changing_wind_current
48.0,SYNTH_008,6.325713255446241,340.2321466385647,0.4497317827519991,346.7821952459305,1.264366159639588,changing_wind_current
50.0,SYNTH_008,6.160588199874213,340.15525477290953,0.44874207544683087,346.61058852920365,1.2661193880400174,changing_wind_current
52.0,SYNTH_008,6.185824500536347,340.0718667524824,0.4478448718600121,346.44010224821216,1.267551030331069,changing_wind_current
54.0,SYNTH_008,6.143473187080043,339.9820632594051,0.44704869755741394,346.2707927605047,1.268657121659998,changing_wind_current
56.0,SYNTH_008,6.31949726527416,339.8859281438037,0.4463625019699826,346.1027160346179,1.2694345987691251,changing_wind_current
58.0,SYNTH_008,6.256151285625545,339.78354838240296,0.4457956156218449,345.9359276315753,1.2698813084793574,changing_wind_current
60.0,SYNTH_008,6.282240025088804,339.67501403557617,0.44535769287579063,345.7704826865199,1.2699960136532953,changing_wind_current
62.0,SYNTH_008,6.2537874234575686,339.5604182028733,0.44505863908101373,345.60643589048914,1.269778396621416,changing_wind_current
64.0,SYNTH_008,6.198444263542456,339.43985697704716,0.4449085212339235,345.4438414723347,1.2692290600618406,changing_wind_current
66.0,SYNTH_008,6.214792015175903,339.31342939660266,0.44491746155126677,345.2827531807968,1.2683495253312511,changing_wind_current
68.0,SYNTH_008,6.241486868076755,339.1812373968908,0.4450955137059359,345.12322426673626,1.2671422282515794,changing_wind_current
70.0,SYNTH_008,6.336531323711682,339.04338575977215,0.44545252188763856,344.96530746553134,1.2656105123641346,changing_wind_current
72.0,SYNTH_008,6.240621121510818,338.8999820618749,0.44599796331844943,344.8090549796451,1.2637586196698543,changing_wind_current
74.0,SYNTH_008,6.31587618085531,338.7511366214729,0.4467407753697968,344.6545184613691,1.2615916788813208,changing_wind_current
76.0,SYNTH_008,6.1350751988370495,338.59696244400965,0.4476891689824533,344.50174899574824,1.2591156912190817,changing_wind_current
78.0,SYNTH_008,6.247703754372954,338.43757516629535,0.44885043067154845,344.3507970836939,1.2563375137916062,changing_wind_current
80.0,SYNTH_008,6.145470060645523,338.2730929994049,0.4502307159887493,344.2017126252901,1.2532648406049092,changing_wind_current
82.0,SYNTH_008,6.1112963720186,338.1036366703043,0.4518348378953891,344.0545449032975,1.2499061812544356,changing_wind_current
84.0,SYNTH_008,6.16350113703159,337.9293293622348,0.4536660540532476,343.90934256686256,1.2462708373582139,changing_wind_current
86.0,SYNTH_008,6.230795988231102,337.75029665388416,0.45572585754225964,343.7661536154353,1.2423688767965484,changing_wind_current
88.0,SYNTH_008,6.226952348696825,337.5666664573753,0.45801377594420756,343.6250253829023,1.2382111058295926,changing_wind_current
90.0,SYNTH_008,6.214373684677476,337.3785689551022,0.46052718406605736,343.48600452193955,1.2338090391700183,changing_wind_current
92.0,SYNTH_008,6.216159232077966,337.1861365354448,0.463261135794566,343.3491369885904,1.2291748680936683,changing_wind_current
94.0,SYNTH_008,6.271921303186981,336.9895037273951,0.4662082206555613,343.2144680270739,1.2243214266765032,changing_wind_current
96.0,SYNTH_008,6.139522633176075,336.78880713412553,0.46935845058018266,343.0820421548288,1.2192621562513517,changing_wind_current
98.0,SYNTH_008,6.425044151426181,336.5841853655335,0.47269918214352635,342.9519031477969,1.2140110681828937,changing_wind_current
100.0,SYNTH_008,6.357820750784036,336.3757789697946,0.47621507913042127,342.8240940259524,1.208582705063977,changing_wind_current
102.0,SYNTH_008,6.259904590251515,336.1637303639596,0.47988811969584516,342.69865703908073,1.2029921004407227,changing_wind_current
104.0,SYNTH_008,6.341279889875144,335.94818376362724,0.48369765162723666,342.5756336528121,1.197254737177967,changing_wind_current
106.0,SYNTH_008,6.386454585193699,335.7292851117298,0.48762049829263887,342.4550645349142,1.1913865045803376,changing_wind_current
108.0,SYNTH_008,6.356167911996719,335.50718200646577,0.4916311167888474,342.33698954184865,1.185403654387719,changing_wind_current
110.0,SYNTH_008,6.297336545594593,335.28202362841455,0.49570180861068963,342.2214477055958,1.1793227557669745,changing_wind_current
112.0,SYNTH_008,6.6319113848537405,335.0539606668701,0.4998029818755269,342.1084772207517,1.1731606494245694,changing_wind_current
114.0,SYNTH_008,6.534149354291946,334.8231452454296,0.5039034627907591,341.9981154319024,1.166934400967184,changing_wind_current
116.0,SYNTH_008,6.695320418791586,334.58973084687364,0.5079708526856875,341.8903988212789,1.1606612536394754,changing_wind_current
118.0,SYNTH_008,6.553916851431296,334.35387223737575,0.5119719255849293,341.7853629966971,1.1543585805698828,changing_wind_current
120.0,SYNTH_008,6.6273024780017264,334.1157253900772,0.5158730600228049,341.68304267978715,1.1480438366567254,changing_wind_current
122.0,SYNTH_008,6.734767234134042,333.875447408067,0.5196406976309964,341.5834716945153,1.141734510227844,changing_wind_current
124.0,SYNTH_008,6.593292000030519,333.6331964468029,0.5232418200180201,341.4866829560031,1.1354480746076623,changing_wind_current
126.0,SYNTH_008,6.637816232869729,333.38913163601353,0.5266444346380377,341.3927084596462,1.129201939725797,changing_wind_current
128.0,SYNTH_008,6.721990806902081,333.1434130011184,0.5298180597526769,341.3015792705381,1.123013403901239,changing_wind_current
130.0,SYNTH_008,6.9127205550847215,332.896201384207,0.5327341982507078,341.21332551320063,1.1168996059356315,changing_wind_current
132.0,SYNTH_008,7.080699853430606,332.64765836461356,0.5353667900266258,341.12797636162594,1.110877477648324,changing_wind_current
134.0,SYNTH_008,7.063018158934829,332.397946179128,0.5376926328415185,341.04556002963227,1.104963696984652,changing_wind_current
136.0,SYNTH_008,6.94247639356033,332.14722764188207,0.5396917620994447,340.96610376153757,1.099174641827305,changing_wind_current
138.0,SYNTH_008,7.049919645807508,331.8956660639514,0.5413477807614024,340.8896338231531,1.0935263446387038,changing_wind_current
140.0,SYNTH_008,6.890617100775265,331.64342517271064,0.5426481316683063,340.81617549310096,1.0880344480599966,changing_wind_current
142.0,SYNTH_008,7.218449714094732,331.39066903098376,0.5435843058263492,340.7457530544577,1.0827141615896458,changing_wind_current
144.0,SYNTH_008,7.350081433253091,331.13756195602934,0.544151981686228,340.678389786727,1.077580219461578,changing_wind_current
146.0,SYNTH_008,7.425795162724764,330.88426843839903,0.5443510920782342,340.61410795814413,1.0726468398395521,changing_wind_current
148.0,SYNTH_008,7.602942543103813,330.63095306071114,0.5441858171987115,340.55292881831514,1.0679276854407551,changing_wind_current
150.0,SYNTH_008,7.5316856755495145,330.37778041637847,0.543664503826535,340.4948725911917,1.0634358256976761,changing_wind_current
152.0,SYNTH_008,7.704492044873405,330.12491502833143,0.5427995127258679,340.4399584683865,1.0591837005630484,changing_wind_current
154.0,SYNTH_008,7.655127053760384,329.872521267775,0.5416069979085332,340.38820460282847,1.0551830860581013,changing_wind_current
156.0,SYNTH_008,7.632006860121731,329.6207632730212,0.5401066230331719,340.33962810276205,1.0514450616595301,changing_wind_current
158.0,SYNTH_008,7.843235839937655,329.36980486843674,0.5383212216605228,340.2942450260921,1.0479799796155123,changing_wind_current
160.0,SYNTH_008,7.9524506701980435,329.11980948354505,0.5362764093222523,340.2520703750752,1.0447974362757353,changing_wind_current
162.0,SYNTH_008,8.220496440572175,328.870940072324,0.5340001563599536,340.2131180913608,1.0419062455148491,changing_wind_current
164.0,SYNTH_008,8.377642085433367,328.6233590327379,0.5315223312251451,340.17740105138205,1.0393144143229347,changing_wind_current
166.0,SYNTH_008,8.172989502808566,328.37722812654425,0.5288742243838224,340.1449310620998,1.0370291206305962,changing_wind_current
168.0,SYNTH_008,8.268432188557972,328.132708399415,0.5260880631337821,340.1157188570989,1.0350566934300869,changing_wind_current
170.0,SYNTH_008,8.35320210034216,327.8899601014105,0.5231965275229661,340.0897740930407,1.0334025952475199,changing_wind_current
172.0,SYNTH_008,8.66302515827247,327.64914260784764,0.5202322771653733,340.0671053464705,1.0320714070147106,changing_wind_current
174.0,SYNTH_008,8.818471713721832,327.41041434059866,0.5172274981093481,340.04772011098225,1.0310668153825437,changing_wind_current
176.0,SYNTH_008,8.708978245283118,327.1739326898617,0.5142134780505618,340.03162479474184,1.030391602511001,changing_wind_current
178.0,SYNTH_008,8.81646936578403,326.93985393644016,0.511220217134297,340.0188247183683,1.0300476383641255,changing_wind_current
180.0,SYNTH_008,9.06756856547785,326.7083331745704,0.5082760803989081,340.00932411317535,1.030035875531262,changing_wind_current
182.0,SYNTH_008,9.103103571447337,326.47952423533496,0.5054074966177323,340.00312611977233,1.0303563465889143,changing_wind_current
184.0,SYNTH_008,9.069165191062172,326.25357961070006,0.5026387069446161,340.0002327870262,1.0310081640105255,changing_wind_current
186.0,SYNTH_008,9.005773578688173,326.03065037821347,0.499991565402529,340.0006450713844,1.0319895226244347,changing_wind_current
188.0,SYNTH_008,9.171313085276111,325.81088612640184,0.4974853919172798,340.00436283655824,1.0332977046131961,changing_wind_current
190.0,SYNTH_008,8.900224348357604,325.59443488090284,0.4951368773275056,340.01138485356825,1.0349290870404233,changing_wind_current
192.0,SYNTH_008,9.214863580321277,325.3814430313687,0.4929600386315718,340.0217088011505,1.0368791518843066,changing_wind_current
194.0,SYNTH_008,8.90207846252204,325.17205525917853,0.4909662216899101,340.0353312665238,1.0391424985500208,changing_wind_current
196.0,SYNTH_008,8.943539646735076,324.9664144659932,0.4891641477095078,340.0522477465178,1.0417128588263678,changing_wind_current
198.0,SYNTH_008,8.98231714865152,324.76466170318986,0.487559999111042,340.07245264906186,1.0445831142452358,changing_wind_current
200.0,SYNTH_008,8.884336037580274,324.5669361022095,0.486157539827173,340.09593929503325,1.0477453157957943,changing_wind_current
202.0,SYNTH_008,8.872528509341082,324.37337480585336,0.48495826470497855,340.1226999204654,1.0511907059388348,changing_wind_current
204.0,SYNTH_008,8.894646820338666,324.18411290056025,0.48396157248263466,340.15272567911427,1.0549097428602803,changing_wind_current
206.0,SYNTH_008,8.672842251408294,323.9992833497005,0.4831649567710973,340.18600664538275,1.0588921268967033,changing_wind_current
208.0,SYNTH_008,8.73782083597676,323.8190169279173,0.4825642095819996,340.22253181760146,1.0631268290596643,changing_wind_current
210.0,SYNTH_008,8.691616210847243,323.64344215654967,0.48215363218593427,340.262289121666,1.0676021215798737,changing_wind_current
212.0,SYNTH_008,8.761996691801373,323.4726852401676,0.48192624844069826,340.305265415028,1.0723056103865893,changing_wind_current
214.0,SYNTH_008,8.643162172721617,323.30687000425115,0.48187401617524067,340.3514464910397,1.0772242694322978,changing_wind_current
216.0,SYNTH_008,8.354694381498636,323.1461178340449,0.48198803272948704,340.4008170836502,1.0823444767676194,changing_wind_current
218.0,SYNTH_008,8.327698905187832,322.990547614617,0.4822587313105955,340.4533608724522,1.087652052266531,changing_wind_current
220.0,SYNTH_008,8.217728848439736,322.8402756721527,0.4826760654111028,340.5090604880765,1.0931322968974257,changing_wind_current
222.0,SYNTH_008,8.169833832442075,322.695415716512,0.4832296791240095,340.56789751793434,1.098770033431255,changing_wind_current
224.0,SYNTH_008,8.236943246734464,322.5560787850788,0.48390906176641185,340.62985251230367,1.1045496484740092,changing_wind_current
226.0,SYNTH_008,8.06613565650316,322.42237318792985,0.4847036857715723,340.6949049907589,1.110455135707134,changing_wind_current
0.0,SYNTH_009,2.0981483268790586,206.28418919002996,0.11025352412187657,36.70596571977479,0.25,calm
2.0,SYNTH_009,2.233608263032494,206.69595428599456,0.1119432022750433,36.884826781236534,0.2563128740005687,calm
4.0,SYNTH_009,2.2380896767230443,207.10692141268163,0.11362442063932235,37.06306477662945,0.2626082648519139,calm
6.0,SYNTH_009,2.264710273789093,207.51692713626068,0.11529611092310105,37.24062078592534,0.26886873782341003,calm
8.0,SYNTH_009,2.193725213664325,207.92580849764855,0.11695727658754891,37.41743611453973,0.27507695488753425,calm
10.0,SYNTH_009,2.3330358933241504,208.33340309297992,0.11860700517489635,37.59345231273455,0.28121572273655804,calm
12.0,SYNTH_009,2.29836206859391,208.73954915380318,0.12024448218160314,37.76861119493975,0.287268040398445,calm
14.0,SYNTH_009,2.4002941208298005,209.1440856269632,0.12186900658833155,37.94285485898777,0.2932171463200863,calm
16.0,SYNTH_009,2.547825636533037,209.54685225413002,0.12348000814296976,38.116125705254134,0.2990465647874783,calm
18.0,SYNTH_009,2.582724261833516,209.9476896509359,0.1250770664702019,38.28836645569818,0.30474015155428547,calm
20.0,SYNTH_009,2.232262224931163,210.34643938568016,0.12665993205025602,38.459520172797404,0.3102821385524215,calm
22.0,SYNTH_009,2.497637466121712,210.74294405756388,0.12822854906950285,38.629530278369266,0.3156571775608268,calm
24.0,SYNTH_009,2.398447952728033,211.1370473744157,0.12978308009564243,38.79834057227422,0.32085038271150235,calm
26.0,SYNTH_009,2.529299645359289,211.5285942298696,0.13132393246960097,38.96589525099373,0.325847371715084,calm
28.0,SYNTH_009,2.7718210554920844,211.91743077995784,0.13285178623448302,39.13213892607725,0.33063430569178254,calm
30.0,SYNTH_009,2.5205300612952812,212.3034045190799,0.13436762333883867,39.29701664245191,0.335197927497383,calm
32.0,SYNTH_009,2.5192784510750155,212.68636435531096,0.13587275775734306,39.460473896589,0.33952559843815877,calm
34.0,SYNTH_009,2.5168111068006476,213.06616068501202,0.13736886606746626,39.62245665452117,0.3436053332730233,calm
36.0,SYNTH_009,2.7965174595255093,213.44264546670522,0.13885801790711255,39.782911369704415,0.34742583340597977,calm
38.0,SYNTH_009,2.5679032181113994,213.81567229417783,0.14034270561742426,39.941785000718895,0.3509765181769476,calm
40.0,SYNTH_009,2.7774458476513955,214.18509646877845,0.1418258722495716,40.09902502880283,0.3542475541643043,calm
42.0,SYNTH_009,2.734634212240643,214.5507750708705,0.14331093698769107,40.25457947521359,0.3572298824179939,calm
44.0,SYNTH_009,2.740455167672389,214.91256703040642,0.14480181691624636,40.40839691841029,0.3599152435477785,calm
46.0,SYNTH_009,2.673231911223444,215.27033319658963,0.14630294394373977,40.56042651105214,0.3622962005971551,calm
48.0,SYNTH_009,2.8281256697420596,215.6239364065876,0.14781927559134472,40.710617996807066,0.3643661596395882,calm
50.0,SYNTH_009,2.7718495915863604,215.97324155326424,0.14935629827068475,40.858921726964894,0.36611938804001765,calm
52.0,SYNTH_009,2.8521439288221835,216.31811565189636,0.15092002161611923,41.00528867684968,0.3675510303310692,calm
54.0,SYNTH_009,2.6748926343709667,216.65842790584261,0.15251696241023224,41.149670462025796,0.36865712165999803,calm
56.0,SYNTH_009,2.793696347398113,216.9940497711319,0.1541541166535175,41.29201935429233,0.36943459876912527,calm
58.0,SYNTH_009,2.8054127987156185,217.32485501993892,0.15583891838701266,41.43228829746057,0.3698813084793575,calm
60.0,SYNTH_009,2.858198058439111,217.65071980291668,0.15757918398582652,41.57043092290935,0.3699960136532955,calm
62.0,SYNTH_009,2.8184924580969204,217.9715227103539,0.1593830408071748,41.706401564913065,0.3697783966214161,calm
64.0,SYNTH_009,2.96128590073617,218.28714483212818,0.1612588393025161,41.840155275737416,0.3692290600618406,calm
66.0,SYNTH_009,2.7867929072113204,218.59746981642434,0.163215047991839,41.97164784049771,0.3683495253312512,calm
68.0,SYNTH_009,2.6949168734617936,218.90238392719007,0.16526013104933523,42.100835791774955,0.3671422282515795,calm
70.0,SYNTH_009,2.929373464446642,219.20177610029933,0.16740240866153092,42.22767642398489,0.36561051236413467,calm
72.0,SYNTH_009,2.7810202717055623,219.49553799839663,0.16964990078683792,42.35212780749511,0.36375861966985423,calm
74.0,SYNTH_009,2.7634005680940295,219.78356406439494,0.17201015546206258,42.474148802485736,0.3615916788813209,calm
76.0,SYNTH_009,2.68999656244721,220.06575157360012,0.17449006335647008,42.59369907254897,0.3591156912190818,calm
78.0,SYNTH_009,2.7384419022554067,220.34200068443752,0.17709566085449593,42.71073909802311,0.35633751379160616,calm
80.0,SYNTH_009,2.694493292030388,220.61221448775402,0.1798319245383727,42.82523018905649,0.35326484060490926,calm
82.0,SYNTH_009,2.763490039529706,220.8762990546728,0.18270256052361655,42.937134498397185,0.3499061812544357,calm
84.0,SYNTH_009,2.74363194374338,221.1341634829758,0.1857097926532942,43.04641503390417,0.3462708373582139,calm
86.0,SYNTH_009,2.62492673596018,221.3857199419919,0.1888541540596075,43.15303567077578,0.34236887679654854,calm
88.0,SYNTH_009,2.6719608943427517,221.63088371596848,0.19213428703116348,43.256961163491454,0.33821110582959263,calm
90.0,SYNTH_009,2.8086770266060372,221.86957324590438,0.1955467564589493,43.35815715746283,0.33380903917001836,calm
92.0,SYNTH_009,2.491572983467786,222.10171016982457,0.19908588235205113,43.456590200390316,0.32917486809366836,calm
94.0,SYNTH_009,2.7103176514125873,222.3272193614755,0.20274359699597633,43.55222775332143,0.32432142667650343,calm
96.0,SYNTH_009,2.5065261377233257,222.5460289674233,0.20650933225538104,43.64503820140714,0.3192621562513518,calm
98.0,SYNTH_009,2.5291343979854664,222.75807044253523,0.21036994228620667,43.734990864352774,0.3140110681828939,calm
100.0,SYNTH_009,2.5892695976137383,222.96327858382793,0.21430966651156566,43.82205600656002,0.30858270506397706,calm
102.0,SYNTH_009,2.227813293858505,223.16159156266494,0.2183101371285521,43.906204846956555,0.30299210044072283,calm
104.0,SYNTH_009,2.5204256870017208,223.35295095528815,0.22235043465294904,43.98740956851022,0.2972547371779671,calm
106.0,SYNTH_009,2.341547375096971,223.53730177166804,0.22640719408553844,44.06564332742449,0.2913865045803377,calm
108.0,SYNTH_009,2.422768815800162,223.71459248265776,0.2304547632140075,44.14088026201217,0.2854036543877193,calm
110.0,SYNTH_009,2.3721947084843147,223.88477504543894,0.234465413371454,44.2130955012445,0.27932275576697463,calm
112.0,SYNTH_009,2.273841454803274,224.0478049272453,0.2384096016855088,44.282265172972785,0.2731606494245696,calm
114.0,SYNTH_009,2.350777482660435,224.20364112735342,0.24225628250583447,44.34836641181975,0.26693440096718407,calm
116.0,SYNTH_009,2.076080486092718,224.35224619732904,0.24597326433138939,44.41137736673814,0.2606612536394755,calm
118.0,SYNTH_009,2.272758349309593,224.49358625951945,0.24952760721473602,44.471277208234056,0.2543585805698829,calm
120.0,SYNTH_009,2.131459479376762,224.62763102378244,0.25288605434295125,44.528046135252495,0.24804383665672539,calm
122.0,SYNTH_009,2.1872615692532262,224.7543538024438,0.25601549032763005,44.581665381722985,0.2417345102278441,calm
124.0,SYNTH_009,2.144880444624279,224.87373152347598,0.258883417722766,44.63211722276309,0.23544807460766237,calm
126.0,SYNTH_009,2.063818082924935,224.98574474189095,0.2614584424683297,44.679384980537705,0.22920193972579717,calm
128.0,SYNTH_009,2.16772519441033,225.09037764934257,0.2637107583635632,44.723453029772244,0.22301340390123914,calm
130.0,SYNTH_009,2.079316636375574,225.18761808193267,0.2656126203352339,44.76430680291785,0.21689960593563157,calm
132.0,SYNTH_009,2.0139070757634943,225.27745752621777,0.26713879620235165,44.80193279496702,0.2108774776483241,calm
134.0,SYNTH_009,2.0753555889914046,225.35989112341298,0.2682669868612238,44.836318567917935,0.204963696984652,calm
136.0,SYNTH_009,2.068288911119957,225.4349176717913,0.26897820532463196,44.86745275488605,0.1991746418273051,calm
138.0,SYNTH_009,2.0162791511948406,225.50253962727726,0.2692571058378058,44.895325063861705,0.19352634463870377,calm
140.0,SYNTH_009,1.9518693237546911,225.5627631022338,0.269092255343268,44.91992628111227,0.18803444805999658,calm
142.0,SYNTH_009,1.9135621303748598,225.61559786244425,0.2684763408486244,44.94124827422798,0.18271416158964587,calm
144.0,SYNTH_009,1.9713153375496564,225.6610573222898,0.2674063077295278,44.95928399481026,0.1775802194615781,calm
146.0,SYNTH_009,2.1100463558121407,225.69915853812543,0.265883425630615,44.97402748080166,0.17264683983955215,calm
148.0,SYNTH_009,1.9511111766434213,225.72992219985724,0.2639132803607622,44.985473858456785,0.16792768544075515,calm
150.0,SYNTH_009,2.115668763743484,225.75337262072586,0.26150569196220214,44.99361934395338,0.16343582569767617,calm
152.0,SYNTH_009,1.9140627284316316,225.7695377253001,0.2586745609106995,44.99846124464314,0.15918370056304862,calm
154.0,SYNTH_009,2.1430966961755926,225.77844903568788,0.25543764612110054,44.99999795994184,0.15518308605810127,calm
156.0,SYNTH_009,2.054386574936917,225.78014165597037,0.2518162800364554,44.9982289818584,0.1514450616595303,calm
158.0,SYNTH_009,2.2021273114375832,225.7746542548671,0.2478350275211177,44.99315489516287,0.1479799796155123,calm
160.0,SYNTH_009,2.146712897981303,225.76202904664143,0.24352129651636134,44.98477737719307,0.1447974362757354,calm
162.0,SYNTH_009,2.361629433773276,225.74231177025453,0.2389049094162874,44.97309919730013,0.14190624551484915,calm
164.0,SYNTH_009,2.168257615431175,225.71555166677956,0.2340176448560467,44.95812421593304,0.13931441432293468,calm
166.0,SYNTH_009,2.399331613360031,225.68180145508558,0.22889276005716308,44.939857383362494,0.13702912063059636,calm
168.0,SYNTH_009,2.3603632271638615,225.64111730580512,0.22356450403945285,44.91830473804447,0.13505669343008692,calm
170.0,SYNTH_009,2.4735475930171424,225.5935588135964,0.21806763188909523,44.89347340462413,0.1334025952475199,calm
172.0,SYNTH_009,2.468370323962607,225.53918896771515,0.21243692988075064,44.8653715915806,0.13207140701471065,calm
174.0,SYNTH_009,2.455238521766875,225.47807412091026,0.20670676060991822,44.83400858851351,0.13106681538254378,calm
176.0,SYNTH_009,2.6662043149938723,225.4102839566581,0.20091063642926463,44.79939476307216,0.130391602511001,calm
178.0,SYNTH_009,2.7579193376546716,225.33589145475247,0.1950808284349851,44.76154155752823,0.13004763836412556,calm
180.0,SYNTH_009,2.596725576542954,225.25497285526666,0.18924801705655325,44.72046148499339,0.13003587553126217,calm
182.0,SYNTH_009,2.6647346216655996,225.16760762090559,0.18344098900864492,44.676168125282814,0.13035634658891435,calm
184.0,SYNTH_009,2.654418878586704,225.07387839776655,0.17768638401194575,44.62867612042608,0.1310081640105257,calm
186.0,SYNTH_009,2.5515921462786904,224.97387097452796,0.1720084933238845,44.578001169827004,0.13198952262443475,calm
188.0,SYNTH_009,2.6932806665714577,224.86767424008653,0.16642911078290518,44.5241600250739,0.13329770461319618,calm
190.0,SYNTH_009,2.6241772678671405,224.75538013966295,0.16096743579907294,44.467170484401976,0.1349290870404234,calm
192.0,SYNTH_009,2.672814491327763,224.6370836293992,0.1556400265533005,44.40705138680984,0.13687915188430677,calm
194.0,SYNTH_009,2.6261509493125548,224.512882629468,0.15046080062539186,44.343822605831825,0.13914249855002092,calm
196.0,SYNTH_009,2.3612906634507778,224.38287797571974,0.1454410793793119,44.2775050429685,0.14171285882636797,calm
198.0,SYNTH_009,2.5003920462319567,224.24717336988846,0.140589671707888,44.208120620777194,0.14458311424523573,calm
200.0,SYNTH_009,2.4419008107022777,224.10587532838375,0.1359129921871905,44.13569227562512,0.14774531579579453,calm
202.0,SYNTH_009,2.35581056698524,223.9590931296919,0.13141520831532277,44.06024395010727,0.151190705938835,calm
204.0,SYNTH_009,2.2767013139468464,223.80693876041346,0.1270984113074957,43.98180058513179,0.15490974286028036,calm
206.0,SYNTH_009,2.164812068472676,223.64952685996371,0.1229628048799174,43.900388111675205,0.15889212689670346,calm
208.0,SYNTH_009,2.2248256394352786,223.4869746639626,0.1190069065655111,43.81603344221048,0.16312682905966436,calm
210.0,SYNTH_009,2.0141292647139144,223.31940194634333,0.11522775634743251,43.72876446181057,0.1676021215798737,calm
212.0,SYNTH_009,1.998479733668942,223.1469309602069,0.1116211277517837,43.63861001893044,0.17230561038658934,calm
214.0,SYNTH_009,2.076373729654815,222.96968637745286,0.10818173698708597,43.54559991587071,0.17722426943229785,calm
216.0,SYNTH_009,1.8126227392012377,222.78779522721538,0.10490344623251924,43.449764898925864,0.1823444767676195,calm
218.0,SYNTH_009,1.8308443813064963,222.60138683313548,0.10177945773732001,43.35113664822048,0.18765205226653092,calm
220.0,SYNTH_009,1.855502676319751,222.41059274950004,0.09880249597863831,43.24974776723679,0.19313229689742573,calm
222.0,SYNTH_009,1.6223316146363471,222.21554669627943,0.09596497571474916,43.145631772036914,0.19877003343125493,calm
224.0,SYNTH_009,1.819155593467557,222.01638449309573,0.09325915434707001,43.038823080183505,0.20454964847400914,calm
226.0,SYNTH_009,1.6220639075930832,221.8132439921539,0.09067726755272502,42.92935699936234,0.21045513570713414,calm
228.0,SYNTH_009,1.587839328779456,221.60626501016972,0.08821164765693221,42.81726971571071,0.2164701402161289,calm
230.0,SYNTH_009,1.6879905807139224,221.395589259327,0.08585482467163792,42.70259828185533,0.22257800378456138,calm
232.0,SYNTH_009,1.5403010332626068,221.18136027729943,0.08359961032678576,42.58538060466396,0.22876181102806104,calm
234.0,SYNTH_009,1.5787570465269478,220.9637233563704,0.08143916575930175,42.46565543271447,0.23500443624052336,calm
236.0,SYNTH_009,1.658298692158859,220.74282547168696,0.0793670538007266,42.34346234348579,0.2412885908227898,calm
238.0,SYNTH_009,1.53494312659282,220.51881520868235,0.07737727701807676,42.218841730274804,0.24759687116244952,calm
240.0,SYNTH_009,1.7571013499835633,220.29184268970343,0.07546430281651244,42.091834788843556,0.25391180683216424,calm
242.0,SYNTH_009,1.7519882386014203,220.0620594998794,0.07362307701082456,41.962483503801174,0.2602159089730339,calm
244.0,SYNTH_009,1.5679404252609588,219.82961861226792,0.07184902732089142,41.830830634725096,0.26649171872900707,calm
246.0,SYNTH_009,1.7382830284473605,219.59467431231602,0.07013805825019485,41.696919702025994,0.2727218555981992,calm
248.0,SYNTH_009,1.6840152678886606,219.35738212167274,0.06848653877280862,41.5607949725613,0.2788890655672156,calm
250.0,SYNTH_009,1.7838043344499466,219.1178987213918,0.06689128418974552,41.42250144500193,0.28497626889516936,calm
252.0,SYNTH_009,1.8120755994145312,218.87638187456105,0.06534953342686509,41.28208483495708,0.29096660741506314,calm
254.0,SYNTH_009,1.7158654346797193,218.6329903483982,0.06385892294009239,41.139591559862104,0.2968434912215331,calm
0.0,SYNTH_010,8.38896038608997,7.251473740491235,0.16346780867639915,355.57501314552854,0.85,crosswind
2.0,SYNTH_010,8.084034461157612,7.136141105488832,0.16292296509006696,355.5158088711959,0.8563128740005687,crosswind
4.0,SYNTH_010,8.225080120790919,7.014855065559914,0.16242600093285403,355.4597397802878,0.8626082648519139,crosswind
6.0,SYNTH_010,8.349894550369854,6.887715017127562,0.16197762590037204,355.4068244075302,0.86886873782341,crosswind
8.0,SYNTH_010,8.238663786788312,6.754823247364243,0.16157857400162567,355.3570802451266,0.8750769548875342,crosswind
10.0,SYNTH_010,8.188538249437995,6.616284883681772,0.16122961447469522,355.3105237369751,0.881215722736558,crosswind
12.0,SYNTH_010,8.251857330342254,6.472207841818715,0.1609315642871857,355.2671702732329,0.887268040398445,crosswind
14.0,SYNTH_010,8.163426102101074,6.322702772550656,0.16068530233447706,355.22703418522883,0.8932171463200863,crosswind
16.0,SYNTH_010,8.323703606265791,6.167883007050364,0.16049178543310938,355.1901287407255,0.8990465647874784,crosswind
18.0,SYNTH_010,8.169412071204984,6.007864500924029,0.16035206618385084,355.15646613953396,0.9047401515542854,crosswind
20.0,SYNTH_010,8.234481366423397,5.8427657769511825,0.16026731274809816,355.1260575094801,0.9102821385524215,crosswind
22.0,SYNTH_010,8.14738713362335,5.672707866557971,0.16023883054126317,355.09891290272685,0.9156571775608268,crosswind
24.0,SYNTH_010,8.041896591255018,5.497814250050624,0.16026808579682789,355.0750412924506,0.9208503827115023,crosswind
26.0,SYNTH_010,8.281163736379582,5.318210795640255,0.16035673089409655,355.0544505698754,0.925847371715084,crosswind
28.0,SYNTH_010,8.312087152034225,5.134025697287768,0.16050663127085918,355.03714754166424,0.9306343056917825,crosswind
30.0,SYNTH_010,8.318530516843435,4.94538941140155,0.16071989365905567,355.02313792766876,0.935197927497383,crosswind
32.0,SYNTH_010,8.281855473035641,4.752434592416705,0.1609988952873268,355.01242635903884,0.9395255984381587,crosswind
34.0,SYNTH_010,8.285014008407341,4.5552960272895575,0.16134631358978116,355.0050163766913,0.9436053332730233,crosswind
36.0,SYNTH_010,8.380628682309245,4.354110568938665,0.1617651558466639,355.0009104301396,0.9474258334059797,crosswind
38.0,SYNTH_010,8.275652799333711,4.149017068666467,0.1622587880617905,355.000109876684,0.9509765181769476,crosswind
40.0,SYNTH_010,8.262178656525824,3.9401563075930426,0.16283096225619095,355.00261498096313,0.9542475541643043,crosswind
42.0,SYNTH_010,8.351208441720473,3.7276709271376376,0.16348584123070964,355.008424914866,0.9572298824179939,crosswind
44.0,SYNTH_010,8.31786219382258,3.5117053585813096,0.1642280197263735,355.01753775780634,0.9599152435477785,crosswind
46.0,SYNTH_010,8.45077823677546,3.292405751745889,0.16506254079495195,355.02995049735694,0.9622962005971551,crosswind
48.0,SYNTH_010,8.57576228811413,3.06991990282404,0.16599490608873083,355.045659030246,0.9643661596395882,crosswind
50.0,SYNTH_010,8.464222898171775,2.844397181396573,0.16703107869413314,355.0646581637131,0.9661193880400176,crosswind
52.0,SYNTH_010,8.554503559304196,2.61598845667271,0.16817747707490882,355.0869416172259,0.9675510303310692,crosswind
54.0,SYNTH_010,8.499605795335018,2.3848460229899047,0.1694409586639081,355.1125020245565,0.9686571216599981,crosswind
56.0,SYNTH_010,8.69077642995003,2.151123524609602,0.17082879165470327,355.1413309362162,0.9694345987691253,crosswind
58.0,SYNTH_010,8.661312466061334,1.914975879847077,0.17234861360204015,355.17341882224883,0.9698813084793575,crosswind
60.0,SYNTH_010,8.533188302996894,1.6765592045712765,0.17400837554924248,355.208755075381,0.9699960136532955,crosswind
62.0,SYNTH_010,8.51608769636013,1.436030735114116,0.17581627056632215,355.2473280145285,0.9697783966214161,crosswind
64.0,SYNTH_010,8.634425067148507,1.1935487506257232,0.17778064580847566,355.2891248886577,0.9692290600618406,crosswind
66.0,SYNTH_010,8.750413396607529,0.9492724949154194,0.17990989749306197,355.3341318810008,0.9683495253312512,crosswind
68.0,SYNTH_010,8.788314509739802,0.7033620978160116,0.18221234854429402,355.38233411362313,0.9671422282515795,crosswind
70.0,SYNTH_010,8.62521487172991,0.45597849611021957,0.18469610906666845,355.4337156523413,0.9656105123641346,crosswind
72.0,SYNTH_010,8.771274383914147,0.20728335405954113,0.18736892027600063,355.48825951199046,0.9637586196698542,crosswind
74.0,SYNTH_010,8.769675585219796,359.957438983573,0.19023798303346295,355.5459476620395,0.9615916788813209,crosswind
76.0,SYNTH_010,8.809311980135282,359.7066082640565,0.19330977268303873,355.60676103255093,0.9591156912190818,crosswind
78.0,SYNTH_010,8.834510576320096,359.4549545619817,0.1965898424732514,355.67067952048495,0.9563375137916061,crosswind
80.0,SYNTH_010,9.050581511070224,359.2026416502148,0.20008261843416134,355.737681996345,0.9532648406049092,crosswind
82.0,SYNTH_010,8.915786876743955,358.9498336271442,0.2037911891622521,355.8077463111625,0.9499061812544357,crosswind
84.0,SYNTH_010,8.930541273541335,358.6966948356478,0.20771709451876008,355.8808493038184,0.9462708373582138,crosswind
86.0,SYNTH_010,8.983957700060735,358.44338978193895,0.21186011774957392,355.9569668087001,0.9423688767965486,crosswind
88.0,SYNTH_010,9.012334721808026,358.19008305433255,0.21621808596461473,356.0360736636891,0.9382111058295926,crosswind
90.0,SYNTH_010,9.036083675736364,357.9369392419702,0.22078668424921805,356.11814371847936,0.9338090391700183,crosswind
92.0,SYNTH_010,8.999878659664432,357.68412285354464,0.22555928889801222,356.2031498432217,0.9291748680936683,crosswind
94.0,SYNTH_010,9.047972564971483,357.4317982360645,0.2305268253435676,356.29106393749197,0.9243214266765034,crosswind
96.0,SYNTH_010,9.180263448997229,357.1801294936986,0.23567765628098897,356.3818569395803,0.9192621562513518,crosswind
98.0,SYNTH_010,9.314438858131094,356.92928040674013,0.24099750525278377,356.47549883609787,0.9140110681828939,crosswind
100.0,SYNTH_010,9.098130683318034,356.6794143507308,0.24646942054763546,356.5719586718987,0.908582705063977,crosswind
102.0,SYNTH_010,9.275633357471714,356.43069421578485,0.25207378367950195,356.67120456031216,0.9029921004407228,crosswind
104.0,SYNTH_010,9.300400074856494,356.1832823261531,0.25778836595321986,356.7732036936839,0.8972547371779671,crosswind
106.0,SYNTH_010,9.550177357075281,355.93734036006555,0.263588435699485,356.877922354221,0.8913865045803376,crosswind
108.0,SYNTH_010,9.48351766634479,355.6930292698942,0.269446917692332,356.98532592513817,0.8854036543877193,crosswind
110.0,SYNTH_010,9.468418524947458,355.4505092026733,0.2753346050692045,357.0953789021008,0.8793227557669746,crosswind
112.0,SYNTH_010,9.462254665165537,355.20993942101757,0.2812204227866857,357.2080449049615,0.8731606494245695,crosswind
114.0,SYNTH_010,9.495746005719369,354.97147822447744,0.287071740298664,357.323286689787,0.866934400967184,crosswind
116.0,SYNTH_010,9.644073133348481,354.73528287136975,0.29285472977730154,357.4410661611687,0.8606612536394755,crosswind
118.0,SYNTH_010,9.560596952382888,354.5015095011222,0.2985347648530282,357.5613443848169,0.8543585805698829,crosswind
120.0,SYNTH_010,9.513633118846695,354.27031305717077,0.3040768535720301,357.6840816004306,0.8480438366567253,crosswind
122.0,SYNTH_010,9.651179732504898,354.04184721044766,0.3094460981025978,357.8092372348415,0.8417345102278441,crosswind
124.0,SYNTH_010,9.765367520101949,353.81626428349756,0.3146081727079641,357.9367699154258,0.8354480746076623,crosswind
126.0,SYNTH_010,9.6931118842286,353.59371517525966,0.3195298106822627,358.06663748378116,0.8292019397257971,crosswind
128.0,SYNTH_010,9.745397670452723,353.3743492865525,0.32417929035240955,358.1987970096627,0.8230134039012391,crosswind
130.0,SYNTH_010,9.790743886255116,353.15831444629924,0.3285269099099011,358.33320480517443,0.8168996059356315,crosswind
132.0,SYNTH_010,9.717760212628258,352.9457568385286,0.33254544077275744,358.46981643921134,0.8108774776483241,crosswind
134.0,SYNTH_010,9.868951333026953,352.73682093018795,0.336210549400182,358.6085867521467,0.804963696984652,crosswind
136.0,SYNTH_010,9.748739741755903,352.53164939980473,0.3395011779923901,358.7494698707607,0.799174641827305,crosswind
138.0,SYNTH_010,10.196485968723277,352.33038306703094,0.3423998752969269,358.8924192234045,0.7935263446387038,crosswind
140.0,SYNTH_010,9.901943615076972,352.13316082310524,0.3448930697921691,359.0373875553956,0.7880344480599966,crosswind
142.0,SYNTH_010,10.042384976443218,351.9401195622674,0.3469712788006814,359.18432694463866,0.7827141615896458,crosswind
144.0,SYNTH_010,10.112356022978886,351.75139411415927,0.3486292485632315,359.33318881746703,0.7775802194615781,crosswind
146.0,SYNTH_010,10.186727752747679,351.567117177245,0.3498660219348168,359.4839239647,0.7726468398395521,crosswind
148.0,SYNTH_010,10.152534906244965,351.38741925328327,0.35068493209758367,359.63648255790946,0.7679276854407551,crosswind
150.0,SYNTH_010,10.353430631202205,351.21242858288497,0.3510935224686986,359.79081416589196,0.7634358256976762,crosswind
152.0,SYNTH_010,10.363545290352315,351.04227108218686,0.35110339475886665,359.94686777133956,0.7591837005630486,crosswind
154.0,SYNTH_010,10.297761825226791,350.8770702806737,0.35072998885429635,0.10459178770468736,0.7551830860581012,crosswind
156.0,SYNTH_010,10.594111700414556,350.716947260178,0.34999229979877733,0.2639340762529505,0.7514450616595303,crosswind
158.0,SYNTH_010,10.484426900780411,350.56202059508945,0.3489125385947319,0.424841963298757,0.7479799796155122,crosswind
160.0,SYNTH_010,10.368551280585805,350.41240629380195,0.34751574478022074,0.5872622576175157,0.7447974362757354,crosswind
162.0,SYNTH_010,10.523181537578036,350.26821774142763,0.3458293597381085,0.751141268029059,0.7419062455148491,crosswind
164.0,SYNTH_010,10.504041896584836,350.12956564380687,0.34388277042783705,0.9164248211463333,0.7393144143229347,crosswind
166.0,SYNTH_010,10.569210860157552,349.9965579728408,0.34170683368300403,1.0830582792834043,0.7370291206305963,crosswind
168.0,SYNTH_010,10.808774872573002,349.869299913174,0.3393333913826496,1.25098655851707,0.735056693430087,crosswind
170.0,SYNTH_010,10.815744318530124,349.74789381025374,0.3367947866842061,1.420154146895856,0.7334025952475198,crosswind
172.0,SYNTH_010,11.002007564692036,349.63243911979094,0.33412339111440353,1.590505122790633,0.7320714070147106,crosswind
174.0,SYNTH_010,10.886839043726704,349.5230323586485,0.3313511516727159,1.7619831733805391,0.7310668153825437,crosswind
176.0,SYNTH_010,11.052350873521792,349.41976705718037,0.32850916623947124,1.9345316132683004,0.730391602511001,crosswind
178.0,SYNTH_010,10.837143708444872,349.32273371304564,0.32562729453307615,2.1080934032187137,0.7300476383641256,crosswind
180.0,SYNTH_010,11.081588625279476,349.2320197465204,0.3227338106681036,2.2826111690140234,0.7300358755312621,crosswind
182.0,SYNTH_010,10.98026325038427,349.1477094573287,0.3198551020714213,2.4580272204201057,0.7303563465889144,crosswind
184.0,SYNTH_010,11.102332400864341,349.06988398301513,0.3170154181614692,2.634283570257124,0.7310081640105257,crosswind
186.0,SYNTH_010,11.009683164946884,348.99862125887813,0.3142366708301264,2.811321953568261,0.7319895226244347,crosswind
188.0,SYNTH_010,11.050958288772316,348.93399597948536,0.3115382874291909,2.9890838468803596,0.7332977046131962,crosswind
190.0,SYNTH_010,10.927671686628079,348.87607956178886,0.3089371156926796,3.1675104875500173,0.7349290870404234,crosswind
192.0,SYNTH_010,10.874718645482707,348.8249401098588,0.30644737885565987,3.3465428931886585,0.7368791518843067,crosswind
194.0,SYNTH_010,10.986373703894795,348.7806423812534,0.3040806781882418,3.5261218811603765,0.7391424985500209,crosswind
196.0,SYNTH_010,10.661931667514848,348.7432477550411,0.30184603927158415,3.7061880881458324,0.741712858826368,crosswind
198.0,SYNTH_010,10.713244879394871,348.71281420149126,0.29974999761657706,3.886681989766023,0.7445831142452357,crosswind
200.0,SYNTH_010,10.673235044474694,348.6893962534476,0.297796718673918,4.0675439202591575,0.7477453157957945,crosswind
202.0,SYNTH_010,10.56742666068499,348.6730449794003,0.2959881469087981,4.2487140922043585,0.751190705938835,crosswind
0.0,SYNTH_011,6.20810229015299,333.7424558679822,0.4231852041149206,340.52791238528215,1.15,changing_wind_current
2.0,SYNTH_011,6.266987549482511,333.5494550080467,0.4237628842771946,340.5877688502155,1.1563128740005686,changing_wind_current
4.0,SYNTH_011,6.294940040324788,333.3522718733081,0.4243877582669134,340.6507367108059,1.1626082648519138,changing_wind_current
6.0,SYNTH_011,6.223513317230688,333.1510433386937,0.42505962005574277,340.7167951518051,1.16886873782341,changing_wind_current
8.0,SYNTH_011,6.2035556253302335,332.9459082767772,0.42577828923585753,340.78592233631355,1.1750769548875342,changing_wind_current
10.0,SYNTH_011,6.323154549169534,332.73700748920214,0.42654362268203555,340.85809541299886,1.1812157227365578,changing_wind_current
12.0,SYNTH_011,6.34571396597898,332.52448363715325,0.4273555277968425,340.93329052365,1.1872680403984448,changing_wind_current
14.0,SYNTH_011,6.391027984261823,332.308481170909,0.42821397745133427,341.01148281106396,1.1932171463200862,changing_wind_current
16.0,SYNTH_011,6.208562376627389,332.0891462585115,0.42911902671800295,341.09264642726276,1.1990465647874782,changing_wind_current
18.0,SYNTH_011,6.625038605883674,331.8666267135877,0.4300708314699124,341.176754542038,1.2047401515542855,changing_wind_current
20.0,SYNTH_011,6.31217550470701,331.64107192235764,0.4310696688890717,341.26377935182023,1.2102821385524214,changing_wind_current
22.0,SYNTH_011,6.327684836963689,331.41263276986683,0.43211595988710244,341.3536920888697,1.2156571775608267,changing_wind_current
24.0,SYNTH_011,6.437493545908004,331.1814615654781,0.433210293391288,341.4464630307865,1.2208503827115023,changing_wind_current
26.0,SYNTH_011,6.697101064907577,330.94771196766027,0.4343534523884461,341.5420615103354,1.225847371715084,changing_wind_current
28.0,SYNTH_011,6.622038561512987,330.7115389081103,0.43554644154725125,341.64045592558386,1.2306343056917826,changing_wind_current
30.0,SYNTH_011,6.618726222208635,330.4730985152472,0.4367905161565206,341.7416137503485,1.2351979274973828,changing_wind_current
32.0,SYNTH_011,6.723622622435326,330.2325480371148,0.4380872120227727,341.8455015449473,1.2395255984381588,changing_wind_current
34.0,SYNTH_011,6.665753938840984,329.99004576373125,0.43943837586582307,341.9520849672538,1.2436053332730233,changing_wind_current
36.0,SYNTH_011,6.786161417483074,329.7457509489247,0.44084619563754096,342.0613287840494,1.2474258334059798,changing_wind_current
38.0,SYNTH_011,6.874334005471218,329.49982373169246,0.4423132300680772,342.17319688267054,1.2509765181769474,changing_wind_current
40.0,SYNTH_011,6.641231697656182,329.25242505712333,0.44384243661846234,342.2876522829463,1.2542475541643043,changing_wind_current
42.0,SYNTH_011,6.656565694635718,329.0037165969218,0.4454371968917827,342.4046571494231,1.2572298824179937,changing_wind_current
44.0,SYNTH_011,6.775163497168549,328.7538606695734,0.44710133843121785,342.5241728038717,1.2599152435477783,changing_wind_current
46.0,SYNTH_011,6.806133064077593,328.50302016019094,0.4488391517168417,342.6461597380732,1.262296200597155,changing_wind_current
48.0,SYNTH_011,6.850777593077976,328.2513584400805,0.4506554010696992,342.77057762687946,1.264366159639588,changing_wind_current
50.0,SYNTH_011,6.978492713748658,327.99903928606744,0.4525553280872888,342.8973853415427,1.2661193880400174,changing_wind_current
52.0,SYNTH_011,6.998007958415091,327.74622679962283,0.45454464617568285,343.02654096331224,1.267551030331069,changing_wind_current
54.0,SYNTH_011,6.9790403674041706,327.4930853258285,0.4566295247168191,343.1580017972908,1.268657121659998,changing_wind_current
56.0,SYNTH_011,6.956968294265446,327.23977937222224,0.45881656142175875,343.2917243865487,1.2694345987691251,changing_wind_current
58.0,SYNTH_011,7.006262569727006,326.9864735275636,0.46111274147843284,343.42766452648914,1.2698813084793574,changing_wind_current
60.0,SYNTH_011,6.9811844535089005,326.7333323805579,0.4635253822115549,343.56577727946075,1.2699960136532953,changing_wind_current
62.0,SYNTH_011,6.972513035073232,326.4805204385819,0.4660620621380178,343.7060169896129,1.269778396621416,changing_wind_current
64.0,SYNTH_011,7.195412605584514,326.22820204644836,0.4687305335270315,343.84833729798805,1.2692290600618406,changing_wind_current
66.0,SYNTH_011,7.242924882445068,325.97654130525217,0.471538617862689,343.9926911578463,1.2683495253312511,changing_wind_current
68.0,SYNTH_011,7.347388571847501,325.7257019913354,0.47449408395779685,344.1390308502181,1.2671422282515794,changing_wind_current
70.0,SYNTH_011,7.262499793818199,325.47584747541373,0.47760450887960876,344.28730799967826,1.2656105123641346,changing_wind_current
72.0,SYNTH_011,7.412271755674174,325.2271406419029,0.48087712231596436,344.4374735903376,1.2637586196698543,changing_wind_current
74.0,SYNTH_011,7.432556288012717,324.9797438084853,0.48431863552687265,344.58947798204616,1.2615916788813208,changing_wind_current
76.0,SYNTH_011,7.334201258479387,324.73381864595626,0.4879350565816129,344.74327092680244,1.2591156912190817,changing_wind_current
78.0,SYNTH_011,7.39040665949091,324.48952609838983,0.4917314941618871,344.8988015853641,1.2563375137916062,changing_wind_current
80.0,SYNTH_011,7.495078603328453,324.24702630366386,0.4957119528017033,345.0560185440538,1.2532648406049092,changing_wind_current
82.0,SYNTH_011,7.3079248770729235,324.0064785143824,0.4998791230163173,345.2148698317549,1.2499061812544356,changing_wind_current
84.0,SYNTH_011,7.360749771003865,323.7680410192361,0.5042341703255041,345.37530293709176,1.2462708373582139,changing_wind_current
86.0,SYNTH_011,7.397628037035278,323.53187106483745,0.5087765276790217,345.537264825788,1.2423688767965484,changing_wind_current
88.0,SYNTH_011,7.482754060809537,323.2981247780724,0.5135036962219275,345.70070195819835,1.2382111058295926,changing_wind_current
90.0,SYNTH_011,7.509800275984859,323.0669570890029,0.5184110596720364,345.86556030700706,1.2338090391700183,changing_wind_current
92.0,SYNTH_011,7.566304982646151,322.83852165436184,0.5234917177997965,346.0317853750878,1.2291748680936683,changing_wind_current
94.0,SYNTH_011,7.772586961794203,322.61297078167604,0.528736344582657,346.1993222135186,1.2243214266765032,changing_wind_current
96.0,SYNTH_011,7.465569323892431,322.3904553540561,0.5341330765349156,346.36811543974636,1.2192621562513517,changing_wind_current
98.0,SYNTH_011,7.792760237405872,322.171124755689,0.539667436477213,346.5381092558946,1.2140110681828937,changing_wind_current
100.0,SYNTH_011,7.710004396703292,321.9551267980712,0.5453222975991482,346.7092474672085,1.208582705063977,changing_wind_current
102.0,SYNTH_011,7.69807128031358,321.7426076470184,0.5510778920813059,346.8814735006314,1.2029921004407227,changing_wind_current
104.0,SYNTH_011,7.698438456303546,321.533711750488,0.5569118677827571,347.0547304235056,1.197254737177967,changing_wind_current
106.0,SYNTH_011,7.735637026131638,321.32858176724926,0.5627993955768053,347.2289609623932,1.1913865045803376,changing_wind_current
108.0,SYNTH_011,7.764434749914691,321.1273584964378,0.5687133288480167,347.4041075220086,1.185403654387719,changing_wind_current
110.0,SYNTH_011,8.072906836200083,320.930180808028,0.5746244154705648,347.5801122042575,1.1793227557669745,changing_wind_current
112.0,SYNTH_011,7.774737223329146,320.73718557425804,0.5805015613009069,347.75691682737676,1.1731606494245694,changing_wind_current
114.0,SYNTH_011,8.081156613234434,320.54850760204107,0.5863121428715417,347.93446294516724,1.166934400967184,changing_wind_current
116.0,SYNTH_011,7.671624278802688,320.3642795663974,0.5920223656061984,348.1126918663143,1.1606612536394754,changing_wind_current
118.0,SYNTH_011,7.852113792554765,320.1846319449379,0.5975976625326902,348.2915446737894,1.1543585805698828,changing_wind_current
120.0,SYNTH_011,7.736497710588237,320.0096929534337,0.6030031271919167,348.47096224432624,1.1480438366567254,changing_wind_current
122.0,SYNTH_011,8.056105675743108,319.83958848250234,0.6082039732744267,348.65088526796524,1.141734510227844,changing_wind_current
124.0,SYNTH_011,7.818587190983316,319.67444203544187,0.6131660125022221,348.8312542676593,1.1354480746076623,changing_wind_current
126.0,SYNTH_011,7.8419429078684315,319.5143746672444,0.6178561414525146,349.0120096189355,1.129201939725797,changing_wind_current
128.0,SYNTH_011,7.940270708808009,319.3595049248181,0.6222428274263222,349.19309156960475,1.123013403901239,changing_wind_current
130.0,SYNTH_011,7.8104596351083595,319.20994878844795,0.626296583126015,349.37444025951424,1.1168996059356315,changing_wind_current
132.0,SYNTH_011,7.91744854100432,319.06581961452395,0.6299904198421578,349.55599574033533,1.110877477648324,changing_wind_current
134.0,SYNTH_011,7.951436559233057,318.92722807956505,0.63330026907237,349.73769799538064,1.104963696984652,changing_wind_current
136.0,SYNTH_011,7.86709758046969,318.7942821255659,0.63620536300481,349.91948695944376,1.099174641827305,changing_wind_current
138.0,SYNTH_011,8.158125894215535,318.6670869066951,0.6386885650877853,350.10130253865486,1.0935263446387038,changing_wind_current
140.0,SYNTH_011,8.123686277550613,318.5457447373685,0.6407366429563722,350.2830846303459,1.0880344480599966,changing_wind_current
142.0,SYNTH_011,7.973400445467792,318.43035504172633,0.6423404772689296,350.46477314291894,1.0827141615896458,changing_wind_current
144.0,SYNTH_011,7.921246355151758,318.3210143045365,0.6434952014845322,350.6463080157104,1.077580219461578,changing_wind_current
146.0,SYNTH_011,7.966928398111717,318.2178160235498,0.6442002692429234,350.82762923884525,1.0726468398395521,changing_wind_current
148.0,SYNTH_011,8.033284663743231,318.1208506633304,0.6444594477421216,351.0086768730745,1.0679276854407551,changing_wind_current
150.0,SYNTH_011,8.121683310577474,318.03020561058315,0.6442807372920182,351.1893910695893,1.0634358256976761,changing_wind_current
152.0,SYNTH_011,8.056975781206429,317.9459651310023,0.6436762189999465,351.36971208980515,1.0591837005630484,changing_wind_current
154.0,SYNTH_011,8.236380239957917,317.8682103276598,0.64266183426133,351.54958032510956,1.0551830860581013,changing_wind_current
156.0,SYNTH_011,8.195047565560943,317.79701910095633,0.6412571013323919,351.7289363165669,1.0514450616595301,changing_wind_current
158.0,SYNTH_011,8.272157646306896,317.73246611015367,0.639484775704124,351.90772077457365,1.0479799796155123,changing_wind_current
160.0,SYNTH_011,8.345085528051417,317.67462273650716,0.6373704622348417,352.08587459845785,1.0447974362757353,changing_wind_current
162.0,SYNTH_011,8.3089592767936,317.62355704801746,0.6349421879978959,352.26333889601574,1.0419062455148491,changing_wind_current
164.0,SYNTH_011,8.326571140899864,317.57933376581775,0.6322299455353628,352.44005500298,1.0393144143229347,changing_wind_current
166.0,SYNTH_011,8.364164671780387,317.54201423221446,0.6292652166613044,352.6159645024121,1.0370291206305962,changing_wind_current
168.0,SYNTH_011,8.564633101060966,317.5116563803955,0.6260804871229007,352.7910092440135,1.0350566934300869,changing_wind_current
170.0,SYNTH_011,8.494247504791002,317.4883147058228,0.6227087623078285,352.96513136334795,1.0334025952475199,changing_wind_current
172.0,SYNTH_011,8.515044638951942,317.47204023932204,0.6191830937946087,353.1382733009699,1.0320714070147106,changing_wind_current
174.0,SYNTH_011,8.424595342648301,317.4628805218831,0.6155361259009449,353.310377821452,1.0310668153825437,changing_wind_current
176.0,SYNTH_011,8.378120338489358,317.4608795811843,0.6117996705226326,353.4813880323052,1.030391602511001,changing_wind_current
178.0,SYNTH_011,8.585384202940116,317.46607790985087,0.6080043175079552,353.65124740278566,1.0300476383641255,changing_wind_current
180.0,SYNTH_011,8.659684789434232,317.4785124454596,0.6041790866197861,353.81989978258235,1.030035875531262,changing_wind_current
182.0,SYNTH_011,8.807489608591021,317.49821655229897,0.6003511258430674,353.98728942037826,1.0303563465889143,changing_wind_current
184.0,SYNTH_011,8.562374895544894,317.5252200048934,0.5965454594432645,354.1533609822803,1.0310081640105255,changing_wind_current
186.0,SYNTH_011,8.585993708487315,317.5595489733003,0.5927847878157497,354.31805957011096,1.0319895226244347,changing_wind_current
188.0,SYNTH_011,8.487397474758623,317.6012260101875,0.5890893398286476,354.48133073955603,1.0332977046131961,changing_wind_current
190.0,SYNTH_011,8.574079770411764,317.65027003969624,0.5854767770908818,354.64312051816194,1.0349290870404233,changing_wind_current
192.0,SYNTH_011,8.38753574446117,317.7066963480964,0.581962148406663,354.8033754231778,1.0368791518843066,changing_wind_current
194.0,SYNTH_011,8.281376988411076,317.77051657623815,0.5785578916355946,354.9620424792349,1.0391424985500208,changing_wind_current
196.0,SYNTH_011,8.151069318084742,317.84173871380347,0.5752738792857928,355.11906923585883,1.0417128588263678,changing_wind_current
198.0,SYNTH_011,8.202530468785314,317.920367095361,0.5721175034412493,355.274403784808,1.0445831142452358,changing_wind_current
200.0,SYNTH_011,8.182013001253269,318.006402398225,0.5690937950727105,355.42799477723287,1.0477453157957943,changing_wind_current
202.0,SYNTH_011,7.866194184039914,318.0998416421219,0.5662055724058649,355.5797914406503,1.0511907059388348,changing_wind_current
204.0,SYNTH_011,7.902582034080985,318.20067819066105,0.5634536128177895,355.72974359572754,1.0549097428602803,changing_wind_current
206.0,SYNTH_011,7.798957735555297,318.3089017546123,0.5608368426932875,355.87780167286985,1.0588921268967033,changing_wind_current
208.0,SYNTH_011,7.677980076429937,318.4244983969868,0.5583525397832545,356.0239167286066,1.0631268290596643,changing_wind_current
210.0,SYNTH_011,7.461109829963194,318.547450539919,0.5559965428501943,356.1680404617707,1.0676021215798737,changing_wind_current
212.0,SYNTH_011,7.338831494094507,318.6777369733472,0.5537634637414544,356.3101252294653,1.0723056103865893,changing_wind_current
214.0,SYNTH_011,7.462642722431573,318.8153328654864,0.5516468974769432,356.45012406281325,1.0772242694322978,changing_wind_current
216.0,SYNTH_011,7.3093439912707,318.96020977509136,0.5496396264525633,356.58799068248334,1.0823444767676194,changing_wind_current
218.0,SYNTH_011,7.068966825551114,319.1123356655005,0.5477338154210056,356.7236795139891,1.087652052266531,changing_wind_current
220.0,SYNTH_011,6.984122648246804,319.27167492045567,0.545921194496484,356.85714570275417,1.0931322968974257,changing_wind_current
222.0,SYNTH_011,7.1249260844641045,319.4381883616903,0.5441932280196168,356.9883451289398,1.098770033431255,changing_wind_current
224.0,SYNTH_011,6.817018678878126,319.6118332682755,0.5425412676952426,357.11723442202964,1.1045496484740092,changing_wind_current
226.0,SYNTH_011,6.659052854804842,319.79256339771604,0.540956688964278,357.24377097516674,1.110455135707134,changing_wind_current
0.0,SYNTH_012,1.4030874681975243,211.84114089949622,0.051312046562503,26.88238612654586,0.25,calm
2.0,SYNTH_012,1.3363420447585919,211.62282927986118,0.05233784293489116,26.989901858463735,0.2563128740005687,calm
4.0,SYNTH_012,1.4145696197402011,211.40128676638315,0.053403833644648076,27.10006548376346,0.2626082648519139,calm
6.0,SYNTH_012,1.4468522103010084,211.17666226281744,0.054509452592653676,27.212840585720905,0.26886873782341003,calm
8.0,SYNTH_012,1.5053613515289042,210.94910619482715,0.055654165307692634,27.328189884337633,0.27507695488753425,calm
10.0,SYNTH_012,1.3815687565144494,210.718770435702,0.056837480897560716,27.446075248664563,0.28121572273655804,calm
12.0,SYNTH_012,1.5333875181029648,210.48580823136206,0.05805896557812137,27.566457709406876,0.287268040398445,calm
14.0,SYNTH_012,1.4992331006824822,210.25037412468416,0.059318257892508816,27.68929747180607,0.2932171463200863,calm
16.0,SYNTH_012,1.6953589737069825,210.0126238791873,0.06061508571697638,27.8145539287949,0.2990465647874783,calm
18.0,SYNTH_012,1.652634056634305,209.77271440211575,0.06194928512711296,27.942185674420834,0.30474015155428547,calm
20.0,SYNTH_012,1.6050674974152777,209.53080366695704,0.06332082116725775,28.072150517533558,0.3102821385524215,calm
22.0,SYNTH_012,1.6549585753767266,209.28705063543364,0.06472981052595615,28.204405495732146,0.3156571775608268,calm
24.0,SYNTH_012,1.7180748927647693,209.04161517900664,0.06617654607033838,28.33890688956705,0.32085038271150235,calm
26.0,SYNTH_012,1.6872344354397897,208.79465799992988,0.06766152313165628,28.47561023699246,0.325847371715084,calm
28.0,SYNTH_012,1.6934023826155573,208.54634055189445,0.0691854673624116,28.614470348064067,0.33063430569178254,calm
30.0,SYNTH_012,1.8882659440337448,208.29682496030136,0.07074936390239389,28.75544131987747,0.335197927497383,calm
32.0,SYNTH_012,1.866620890463715,208.04627394220333,0.07235448749675465,28.89847655174232,0.33952559843815877,calm
34.0,SYNTH_012,1.6579882817188978,207.79485072595358,0.07400243310469948,29.043528760587023,0.3436053332730233,calm
36.0,SYNTH_012,1.9242100881764026,207.54271897060278,0.07569514642374972,29.19054999658912,0.34742583340597977,calm
38.0,SYNTH_012,1.7783598472109499,207.2900426850831,0.07743495363371541,29.339491659026006,0.3509765181769476,calm
40.0,SYNTH_012,1.8991616925755677,207.03698614721944,0.07922458953911776,29.490304512340842,0.3542475541643043,calm
42.0,SYNTH_012,1.9003411618792798,206.78371382260787,0.08106722316211319,29.642938702418355,0.3572298824179939,calm
44.0,SYNTH_012,1.9071361083747695,206.53039028340137,0.08296647971405426,29.79734377306505,0.3599152435477785,calm
46.0,SYNTH_012,2.0831944513897436,206.2771801270432,0.08492645775744871,29.95346868268848,0.3622962005971551,calm
48.0,SYNTH_012,2.01081223395674,206.02424789498727,0.0869517402666924,30.111261821170082,0.3643661596395882,calm
50.0,SYNTH_012,2.136400386708402,205.7717579914466,0.08904739821158031,30.270671026925832,0.36611938804001765,calm
52.0,SYNTH_012,2.214950916256171,205.51987460220937,0.09121898522870506,30.43164360414935,0.3675510303310692,calm
54.0,SYNTH_012,2.2909262049425307,205.2687616135628,0.09347252191916382,30.594126340231448,0.36865712165999803,calm
56.0,SYNTH_012,2.283627289207998,205.01858253136513,0.09581446832326153,30.758065523350616,0.36943459876912527,calm
58.0,SYNTH_012,2.3761649288552817,204.7695004003051,0.09825168318063426,30.92340696022855,0.3698813084793575,calm
60.0,SYNTH_012,2.2650049866427073,204.52167772338962,0.10079136869337785,31.090095994044717,0.3699960136532955,calm
62.0,SYNTH_012,2.4985086115836928,204.27527638169832,0.10344099967541587,31.258077522504287,0.3697783966214161,calm
64.0,SYNTH_012,2.4134569316202032,204.03045755444597,0.10620823619728706,31.42729601605324,0.3692290600618406,calm
66.0,SYNTH_012,2.45769749300623,203.7873816393908,0.10910081912397099,31.597695536234724,0.3683495253312512,calm
68.0,SYNTH_012,2.407439733717236,203.5462081736291,0.11212644829452453,31.769219754180646,0.3671422282515795,calm
70.0,SYNTH_012,2.2989783918504143,203.30709575481467,0.11529264350411791,31.94181196923222,0.36561051236413467,calm
72.0,SYNTH_012,2.5462068014306625,203.07020196284222,0.11860658891692209,32.11541512768348,0.36375861966985423,calm
74.0,SYNTH_012,2.6407251167786185,202.83568328203341,0.1220749620548523,32.289971841641545,0.3615916788813209,calm
76.0,SYNTH_012,2.52211828574542,202.6036950238637,0.12570374906220838,32.46542440799721,0.3591156912190818,calm
78.0,SYNTH_012,2.776017053604651,202.37439125026862,0.1294980485267238,32.6417148274999,0.35633751379160616,calm
80.0,SYNTH_012,2.6621700255523137,202.14792469756674,0.13346186672768853,32.81878482393042,0.35326484060490926,calm
82.0,SYNTH_012,2.6918075970976965,201.9244467010377,0.13759790776346595,32.99657586336529,0.3499061812544357,calm
84.0,SYNTH_012,2.6656243786882174,201.70410712019157,0.1419073625636771,33.175029173526276,0.3462708373582139,calm
86.0,SYNTH_012,2.6319748000402448,201.48705426476727,0.14638970129392265,33.3540857632087,0.34236887679654854,calm
88.0,SYNTH_012,2.6187506566512817,201.2734348214963,0.1510424740907219,33.53368644178212,0.33821110582959263,calm
90.0,SYNTH_012,2.5741333303310916,201.0633937816677,0.1558611253989797,33.713771838757,0.33380903917001836,calm
92.0,SYNTH_012,2.8230815472291217,200.85707436953055,0.16083882740229274,33.89428242341066,0.32917486809366836,calm
94.0,SYNTH_012,2.792979607009643,200.65461797156848,0.16596633811820885,34.07515852446643,0.32432142667650343,calm
96.0,SYNTH_012,2.730846662385892,200.45616406668253,0.17123188965947514,34.2563403498191,0.3192621562513518,calm
98.0,SYNTH_012,2.8913072872347616,200.2618501573152,0.17662111192549707,34.437768006300324,0.3140110681828939,calm
100.0,SYNTH_012,2.774400275537616,200.07181170155084,0.18211699657754987,34.61938151947755,0.30858270506397706,calm
102.0,SYNTH_012,2.820794524076366,199.8861820462257,0.18769990556410035,34.80112085347967,0.30299210044072283,calm
104.0,SYNTH_012,2.9062563429906847,199.7050923610801,0.1933476277023817,34.98292593084303,0.2972547371779671,calm
106.0,SYNTH_012,2.958212201162108,199.5286715739861,0.19903548589907938,35.1647366523713,0.2913865045803377,calm
108.0,SYNTH_012,2.7693481030056244,199.3570463072819,0.20473649652326167,35.346492917002294,0.2854036543877193,calm
110.0,SYNTH_012,2.767949631116878,199.1903408152451,0.2104215812516838,35.52813464167566,0.27932275576697463,calm
112.0,SYNTH_012,2.846900076452802,199.02867692273472,0.21605983041959542,35.70960178119442,0.2731606494245696,calm
114.0,SYNTH_012,2.7472385725930315,198.87217396503362,0.22161881556391233,35.89083434807414,0.26693440096718407,calm
116.0,SYNTH_012,2.8583002323924878,198.72094872891967,0.22706494747923062,36.07177243237287,0.2606612536394755,calm
118.0,SYNTH_012,2.974086830955219,198.57511539499575,0.23236387476304024,36.252356221495624,0.2543585805698829,calm
120.0,SYNTH_012,2.7401103382680967,198.43478548130656,0.23748091654876552,36.432526019966595,0.24804383665672539,calm
122.0,SYNTH_012,2.808347123796659,198.30006778827024,0.24238152195818224,36.61222226916256,0.2417345102278441,calm
124.0,SYNTH_012,2.8162862255049066,198.17106834495203,0.247031747791047,36.79138556700123,0.23544807460766237,calm
126.0,SYNTH_012,2.702957491234806,198.0478903567063,0.2513987451488029,36.96995668757772,0.22920193972579717,calm
128.0,SYNTH_012,2.962327980986543,197.93063415421318,0.2554512450954163,37.14787660074285,0.22301340390123914,calm
130.0,SYNTH_012,3.143925791649361,197.81939714393437,0.2591600331196194,37.325086491616645,0.21689960593563157,calm
132.0,SYNTH_012,2.735794229430001,197.7142737600134,0.2624984020990867,37.501527780030834,0.2108774776483241,calm
134.0,SYNTH_012,2.777643516522111,197.61535541764331,0.26544257368944213,37.677142139893554,0.204963696984652,calm
136.0,SYNTH_012,2.760197156911023,197.52273046792502,0.26797207857089683,37.85187151847024,0.1991746418273051,calm
138.0,SYNTH_012,2.5944544158828737,197.43648415423934,0.2700700867742084,38.025658155574085,0.19352634463870377,calm
140.0,SYNTH_012,2.882796636516544,197.35669857015282,0.27172368035704664,38.19844460265973,0.18803444805999658,calm
142.0,SYNTH_012,2.8410720139006895,197.2834526188796,0.27292406198385233,38.370173741814064,0.18271416158964587,calm
144.0,SYNTH_012,2.8430757812972773,197.21682197431846,0.27366669444042757,38.54078880463763,0.1775802194615781,calm
146.0,SYNTH_012,2.9566106258787213,197.15687904368448,0.2739513677450676,38.71023339101051,0.17264683983955215,calm
148.0,SYNTH_012,2.817499839368138,197.10369293175378,0.2737821922515923,38.8784514877365,0.16792768544075515,calm
150.0,SYNTH_012,2.901913028477183,197.05732940673929,0.27316751792283456,39.04538748705934,0.16343582569767617,calm
152.0,SYNTH_012,2.8218828278013937,197.01785086781382,0.272119781730799,39.210986205044954,0.15918370056304862,calm
154.0,SYNTH_012,2.8029557627673447,196.98531631429694,0.27065528685682705,39.37519289982357,0.15518308605810127,calm
156.0,SYNTH_012,2.87239664633483,196.95978131652083,0.26879391896899235,39.537953289685674,0.1514450616595303,calm
158.0,SYNTH_012,2.8549831186140424,196.94129798838904,0.2665588062961609,39.699213571025936,0.1479799796155123,calm
160.0,SYNTH_012,3.0270716413516516,196.92991496164257,0.26397593145629195,39.858920436129004,0.1447974362757354,calm
162.0,SYNTH_012,3.072924570818436,196.92567736184492,0.2610737039957943,40.01702109079138,0.14190624551484915,calm
164.0,SYNTH_012,3.1586009763388554,196.928626786099,0.2578825033310162,40.17346327177365,0.13931441432293468,calm
166.0,SYNTH_012,3.2519941953912674,196.938801282506,0.25443420223571,40.328195264077,0.13702912063059636,calm
168.0,SYNTH_012,3.0950445471074794,196.95623533137712,0.2507616811830361,40.48116591803873,0.13505669343008692,calm
170.0,SYNTH_012,3.2230492439730476,196.98095982820692,0.24689834373073866,40.63232466624064,0.1334025952475199,calm
172.0,SYNTH_012,3.3318456720192944,197.01300206841682,0.2428776427464771,40.78162154022521,0.13207140701471065,calm
174.0,SYNTH_012,3.2684128820846223,197.05238573387666,0.23873262662860495,40.929007187013525,0.13106681538254378,calm
176.0,SYNTH_012,3.3208811444785957,197.09913088121013,0.23449551381524011,41.074432885419924,0.130391602511001,calm
178.0,SYNTH_012,3.4136461214436915,197.15325393189096,0.23019730282681045,41.217850562157736,0.13004763836412556,calm
180.0,SYNTH_012,3.4489552409057893,197.2147676641336,0.22586742389457054,41.35921280773078,0.13003587553126217,calm
182.0,SYNTH_012,3.2989078454599814,197.28368120658357,0.22153343693302582,41.49847289210556,0.13035634658891435,calm
184.0,SYNTH_012,3.369473667915455,197.36000003380943,0.21722077926214173,41.635584780158766,0.1310081640105257,calm
186.0,SYNTH_012,3.418112362447448,197.44372596359938,0.21295256511956195,41.770503146895045,0.13198952262443475,calm
188.0,SYNTH_012,3.266721203411535,197.5348571560639,0.20874943766564735,41.903183392430094,0.13329770461319618,calm
190.0,SYNTH_012,3.184556197563431,197.63338811454398,0.20462947291334743,42.033581656734015,0.1349290870404234,calm
192.0,SYNTH_012,3.1232760576719523,197.73930968832565,0.2006081338444228,42.16165483413006,0.13687915188430677,calm
194.0,SYNTH_012,3.329828515427205,197.8526090771584,0.1966982719314685,42.28736058754412,0.13914249855002092,calm
196.0,SYNTH_012,3.037828577898349,197.97326983757642,0.19291017239341604,42.41065736249998,0.14171285882636797,calm
198.0,SYNTH_012,3.0914608467898095,198.1012718910181,0.1892516387860098,42.53150440085605,0.14458311424523573,calm
200.0,SYNTH_012,2.9222614191241463,198.23659153374115,0.18572811197681546,42.64986175427867,0.14774531579579453,calm
202.0,SYNTH_012,2.6544105398554345,198.3792014485277,0.18234281817881975,42.765690297447854,0.151190705938835,calm
204.0,SYNTH_012,2.771724775038086,198.52907071817364,0.17909694051384875,42.87895174099095,0.15490974286028036,calm
206.0,SYNTH_012,2.4961254414328966,198.68616484075585,0.17598980853770801,42.98960864413987,0.15889212689670346,calm
208.0,SYNTH_012,2.634850571226064,198.85044574666932,0.1730191002694521,43.09762442710792,0.16312682905966436,calm
210.0,SYNTH_012,2.400814714956091,199.02187181742636,0.17018105151017288,43.20296338318191,0.1676021215798737,calm
212.0,SYNTH_012,2.2416254707558085,199.200397906208,0.1674706675921437,43.30559069052575,0.17230561038658934,calm
214.0,SYNTH_012,2.133168753607286,199.38597536015777,0.16488193314534705,43.40547242369143,0.17722426943229785,calm
216.0,SYNTH_012,2.069273871208949,199.57855204440693,0.16240801598287977,43.502575564833805,0.1823444767676195,calm
218.0,SYNTH_012,2.0912956911037037,199.77807236781894,0.16004146176714218,43.59686801462521,0.18765205226653092,calm
220.0,SYNTH_012,1.796887578817893,199.9844773104407,0.15777437670364777,43.68831860286655,0.19313229689742573,calm
222.0,SYNTH_012,1.7169041105883747,200.1977044526471,0.15559859609891194,43.776897098791245,0.19877003343125493,calm
224.0,SYNTH_012,1.8134028453557303,200.41768800596418,0.15350583719545902,43.86257422105853,0.20454964847400914,calm
226.0,SYNTH_012,1.568857299400331,200.64435884555604,0.15148783524530263,43.945321647433026,0.21045513570713414,calm
228.0,SYNTH_012,1.7233106840792716,200.87764454435904,0.14953646229081533,44.02511202414716,0.2164701402161289,calm
230.0,SYNTH_012,1.423666487599523,201.11746940884683,0.1476438285790785,44.10191897494356,0.22257800378456138,calm
232.0,SYNTH_012,1.5632131704119678,201.3637545164084,0.1458023669357935,44.175717109794114,0.22876181102806104,calm
234.0,SYNTH_012,1.3798762853650495,201.6164177543203,0.14400490076355488,44.24648203329326,0.23500443624052336,calm
236.0,SYNTH_012,1.549445354235476,201.875373860295,0.14224469660516584,44.314190352722306,0.2412885908227898,calm
238.0,SYNTH_012,1.5802504471688914,202.1405344645835,0.14051550242635097,44.37881968578233,0.24759687116244952,calm
240.0,SYNTH_012,1.3876726038645484,202.41180813361308,0.13881157292624788,44.44034866799312,0.25391180683216424,calm
242.0,SYNTH_012,1.2831943343111711,202.68910041513797,0.13712768328252017,44.49875695975559,0.2602159089730339,calm
244.0,SYNTH_012,1.3670584858231962,202.9723138848803,0.1354591327860998,44.55402525307545,0.26649171872900707,calm
246.0,SYNTH_012,1.1888350197595403,203.261348194639,0.13380173982453653,44.606135277945825,0.2727218555981992,calm
248.0,SYNTH_012,1.2766664463593553,203.55610012184238,0.1321518296392799,44.65506980838677,0.2788890655672156,calm
250.0,SYNTH_012,1.386078126003719,203.85646362052015,0.13050621621772424,44.70081266813964,0.28497626889516936,calm
252.0,SYNTH_012,1.2592434494908649,204.16232987366968,0.12886217959218854,44.74334873601447,0.29096660741506314,calm
254.0,SYNTH_012,1.1796512353865536,204.47358734699048,0.12721743971158123,44.78266395088858,0.2968434912215331,calm
0.0,SYNTH_013,9.742971124350618,4.252578499855986,0.27827860306977,14.710145544423689,0.85,crosswind
2.0,SYNTH_013,9.75807946841577,4.592635643984465,0.2786694478096277,14.751996459797612,0.8563128740005687,crosswind
4.0,SYNTH_013,9.661075000246175,4.927995383577695,0.27901369148144267,14.790623663497911,0.8626082648519139,crosswind
6.0,SYNTH_013,9.798807213113836,5.258531620249812,0.2793113571272711,14.826014386552815,0.86886873782341,crosswind
8.0,SYNTH_013,9.972240811787067,5.584120637493925,0.2795625697847473,14.858156929872038,0.8750769548875342,crosswind
10.0,SYNTH_013,9.904832809837949,5.904641161773782,0.2797675678998522,14.887040668114139,0.881215722736558,crosswind
12.0,SYNTH_013,9.750776759415663,6.219974422409678,0.2799267162606325,14.912656053198935,0.887268040398445,crosswind
14.0,SYNTH_013,9.72927880828913,6.530004210227958,0.28004052056455214,14.9349946174638,0.8932171463200863,crosswind
16.0,SYNTH_013,9.76360809036343,6.834616934946496,0.28010964371650793,14.954048976462829,0.8990465647874784,crosswind
18.0,SYNTH_013,9.850876366301172,7.133701681265677,0.28013492393180905,14.969812831407886,0.9047401515542854,crosswind
20.0,SYNTH_013,9.93097345272254,7.427150263639419,0.2801173946875746,14.982280971250812,0.9102821385524215,crosswind
22.0,SYNTH_013,9.683499758843958,7.714857279698208,0.2800583065260581,14.991449274406031,0.9156571775608268,crosswind
24.0,SYNTH_013,9.865442851888298,7.996720162296867,0.27995915066349497,14.997314710113018,0.9208503827115023,crosswind
26.0,SYNTH_013,9.786873315441396,8.272639230163747,0.2798216842974611,14.999875339438177,0.925847371715084,crosswind
28.0,SYNTH_013,9.758705855732401,8.542517737123035,0.27964795743397686,14.999130315915794,0.9306343056917825,crosswind
30.0,SYNTH_013,9.597228293364012,8.806261919869542,0.2794403409725129,14.995079885827852,0.935197927497383,crosswind
32.0,SYNTH_013,9.649416854695435,9.06378104426932,0.2792015556929095,14.98772538812262,0.9395255984381587,crosswind
34.0,SYNTH_013,9.77399059407993,9.314987450164779,0.27893470168371215,14.97706925397203,0.9436053332730233,crosswind
36.0,SYNTH_013,9.613694309473322,9.559796594661691,0.27864328763783985,14.963115005968014,0.9474258334059797,crosswind
38.0,SYNTH_013,9.48067507109147,9.798127093877497,0.27833125932073044,14.945867256958044,0.9509765181769476,crosswind
40.0,SYNTH_013,9.765084720220583,10.029900763128978,0.27800302639074204,14.92533170852026,0.9542475541643043,crosswind
42.0,SYNTH_013,9.42436024842065,10.255042655540194,0.27766348662494245,14.901515149078698,0.9572298824179939,crosswind
44.0,SYNTH_013,9.637430358665327,10.473481099052151,0.277318046479538,14.874425451659263,0.9599152435477785,crosswind
46.0,SYNTH_013,9.375511361575866,10.685147731814709,0.27697263679785344,14.844071571287127,0.9622962005971551,crosswind
48.0,SYNTH_013,9.661600077896003,10.88997753594424,0.27663372237542794,14.810463542026488,0.9643661596395882,crosswind
50.0,SYNTH_013,9.455383946664764,11.087908869629644,0.27630830400744916,14.773612473663597,0.9661193880400176,crosswind
52.0,SYNTH_013,9.414092336958703,11.278883497571883,0.2760039115848921,14.733530548034226,0.9675510303310692,crosswind
54.0,SYNTH_013,9.460704333956496,11.462846619740901,0.27572858677906636,14.690231014996705,0.9686571216599981,crosswind
56.0,SYNTH_013,9.465846245891525,11.63974689843576,0.2754908538665786,14.643728188051938,0.9694345987691253,crosswind
58.0,SYNTH_013,9.389811423231542,11.80953648363635,0.2752996773044797,14.594037439611785,0.9698813084793575,crosswind
60.0,SYNTH_013,9.256916101825334,11.97217103663138,0.2751644047745568,14.541175195917425,0.9699960136532955,crosswind
62.0,SYNTH_013,9.318502580953151,12.127609751913553,0.2750946945814092,14.485158931609343,0.9697783966214161,crosswind
64.0,SYNTH_013,9.386745939824994,12.275815377329195,0.2751004265149155,14.426007163950732,0.9692290600618406,crosswind
66.0,SYNTH_013,9.272542417409296,12.416754232474148,0.2751915955761661,14.363739446706271,0.9683495253312512,crosswind
68.0,SYNTH_013,9.051083882087104,12.550396225325017,0.27537818831711447,14.29837636367824,0.9671422282515795,crosswind
70.0,SYNTH_013,8.980785326905853,12.676714867098838,0.27567004195603534,14.229939521902153,0.9656105123641346,crosswind
72.0,SYNTH_013,8.977996541086965,12.795687285333486,0.2760766868987672,14.158451544504114,0.9637586196698542,crosswind
74.0,SYNTH_013,9.168962864590082,12.907294235182405,0.27660717381228633,14.083936063222326,0.9615916788813209,crosswind
76.0,SYNTH_013,8.968591048082997,13.011520108917694,0.27726988695221794,14.006417710595146,0.9591156912190818,crosswind
78.0,SYNTH_013,9.208971616256845,13.108352943636987,0.2780723460263766,13.92592211181833,0.9563375137916061,crosswind
80.0,SYNTH_013,9.121452211794493,13.197784427171598,0.27902099946659864,13.842475876274126,0.9532648406049092,crosswind
82.0,SYNTH_013,9.11506181421386,13.279809902190323,0.2801210125628009,13.756106588735017,0.9499061812544357,crosswind
84.0,SYNTH_013,9.034001834990438,13.354428368499896,0.2813760544661659,13.666842800245053,0.9462708373582138,crosswind
86.0,SYNTH_013,8.96949690661337,13.421642483538278,0.2827880885709631,13.574714018681743,0.9423688767965486,crosswind
88.0,SYNTH_013,8.869337227308318,13.481458561062993,0.2843571712143378,13.479750699001649,0.9382111058295926,crosswind
90.0,SYNTH_013,8.695351173304209,13.53388656803304,0.2860812639680391,13.381984233172918,0.9338090391700183,crosswind
92.0,SYNTH_013,8.774657062459104,13.57894011968699,0.28795606501406884,13.281446939798052,0.9291748680936683,crosswind
94.0,SYNTH_013,8.64948823713519,13.616636472820176,0.28997486517804105,13.178172053430366,0.9243214266765034,crosswind
96.0,SYNTH_013,8.842368223896226,13.646996517262608,0.29212843412297296,13.072193713587664,0.9192621562513518,crosswind
98.0,SYNTH_013,8.814565958162854,13.670044765563944,0.294404941969415,12.963546953466764,0.9140110681828939,crosswind
100.0,SYNTH_013,8.544421053457377,13.685809340888568,0.2967899211971536,12.852267688362584,0.908582705063977,crosswind
102.0,SYNTH_013,8.424692747147855,13.694321963128402,0.2992662730965361,12.738392703795647,0.9029921004407228,crosswind
104.0,SYNTH_013,8.541569163251836,13.695617933239646,0.3018143222772549,12.621959643351925,0.8972547371779671,crosswind
106.0,SYNTH_013,8.770316638272769,13.68973611581032,0.3044119218191393,12.503006996239003,0.8913865045803376,crosswind
108.0,SYNTH_013,8.243142030681035,13.676718919869245,0.3070346105797791,12.381574084562741,0.8854036543877193,crosswind
110.0,SYNTH_013,8.364568940560009,13.656612277943964,0.3096558229807946,12.257701050328576,0.8793227557669746,crosswind
112.0,SYNTH_013,8.43426925276729,13.629465623378849,0.3122471503075629,12.131428842171808,0.8731606494245695,crosswind
114.0,SYNTH_013,8.48007255556297,13.59533186592455,0.3147786512109373,12.002799201821244,0.866934400967184,crosswind
116.0,SYNTH_013,8.432770776900462,13.55426736561111,0.3172192077331017,11.87185465030064,0.8606612536394755,crosswind
118.0,SYNTH_013,8.453018858415115,13.506331904916806,0.319536921835577,11.738638473872566,0.8543585805698829,crosswind
120.0,SYNTH_013,8.425645810419468,13.451588659246909,0.3216995461296514,11.603194709729292,0.8480438366567253,crosswind
122.0,SYNTH_013,8.274741603265143,13.390104165737569,0.32367494134242014,11.465568131435418,0.8417345102278441,crosswind
124.0,SYNTH_013,8.278566507988222,13.321948290399405,0.3254315520378913,11.325804234127144,0.8354480746076623,crosswind
126.0,SYNTH_013,8.453573269184496,13.247194193616792,0.326938891291629,11.183949219472929,0.8292019397257971,crosswind
128.0,SYNTH_013,8.245227490756323,13.165918294020969,0.32816802442357906,11.040049980400653,0.8230134039012391,crosswind
130.0,SYNTH_013,8.421758874458714,13.078200230754135,0.32909204155492583,10.89415408559626,0.8168996059356315,crosswind
132.0,SYNTH_013,8.217224028718151,12.984122824142958,0.32968650869106475,10.746309763778973,0.8108774776483241,crosswind
134.0,SYNTH_013,8.400058371771323,12.883772034801268,0.3299298872551203,10.596565887758386,0.804963696984652,crosswind
136.0,SYNTH_013,8.463773074858368,12.777236921182123,0.32980391250632723,10.444971958278602,0.799174641827305,crosswind
138.0,SYNTH_013,8.333024744050588,12.664609595600325,0.32929392206645564,10.291578087654777,0.7935263446387038,crosswind
140.0,SYNTH_013,8.315309865710551,12.545985178746719,0.32838912682683497,10.136434983207565,0.7880344480599966,crosswind
142.0,SYNTH_013,8.409136565498878,12.421461752716482,0.32708281779050785,9.979593930500787,0.7827141615896458,crosswind
144.0,SYNTH_013,8.35774811752442,12.29114031257609,0.32537250388216993,9.821106776388017,0.7775802194615781,crosswind
146.0,SYNTH_013,8.603088707659639,12.155124716491173,0.32325997738909784,9.661025911873601,0.7726468398395521,crosswind
148.0,SYNTH_013,8.686852182499512,12.013521634440224,0.3207513054297869,9.499404254793774,0.7679276854407551,crosswind
150.0,SYNTH_013,8.55088207709898,11.866440495540644,0.31785674763018906,9.336295232323653,0.7634358256976762,crosswind
152.0,SYNTH_013,8.701517126465461,11.713993434011797,0.31459060196506883,9.171752763315858,0.7591837005630486,crosswind
154.0,SYNTH_013,8.803464074583259,11.55629523380236,0.31097098243908594,9.005831240476567,0.7551830860581012,crosswind
156.0,SYNTH_013,8.839565417068341,11.393463271909013,0.3070195338860683,8.838585512384977,0.7514450616595303,crosswind
158.0,SYNTH_013,8.821130111476135,11.225617460415322,0.3027610906071159,8.67007086536202,0.7479799796155122,crosswind
160.0,SYNTH_013,8.921596987189266,11.052880187277822,0.29822328680628457,8.500343005194395,0.7447974362757354,crosswind
162.0,SYNTH_013,9.268669024637362,10.875376255890615,0.29343612778180045,8.329458038719979,0.7419062455148491,crosswind
164.0,SYNTH_013,9.182261262952125,10.69323282345573,0.28843153156498397,8.157472455280555,0.7393144143229347,crosswind
166.0,SYNTH_013,8.843267104203234,10.506579338193035,0.28324285115178754,7.984443108048234,0.7370291206305963,crosswind
168.0,SYNTH_013,9.463671457028555,10.315547475417134,0.27790438763653724,7.810427195231487,0.735056693430087,crosswind
170.0,SYNTH_013,9.37704086823081,10.120271072515209,0.2724509044374966,7.635482241167181,0.7334025952475198,crosswind
172.0,SYNTH_013,9.621982757281394,9.920886062857619,0.26691715241218344,7.459666077304814,0.7320714070147106,crosswind
174.0,SYNTH_013,9.586800879979448,9.717530408672815,0.26133741501863716,7.283036823089172,0.7310668153825437,crosswind
176.0,SYNTH_013,9.628227460613086,9.510344032920727,0.2557450818163457,7.105652866747837,0.730391602511001,crosswind
178.0,SYNTH_013,9.73709002916968,9.299468750197434,0.25017225755283856,6.927572845989844,0.7300476383641256,crosswind
180.0,SYNTH_013,9.63922690157245,9.085048196706907,0.24464941288922254,6.7488556286217944,0.7300358755312621,crosswind
182.0,SYNTH_013,9.716369010843659,8.867227759331968,0.23920508152333342,6.569560293088026,0.7303563465889144,crosswind
184.0,SYNTH_013,9.903418702442266,8.646154503841274,0.2338656071170735,6.389746108941038,0.7310081640105257,crosswind
186.0,SYNTH_013,9.820083808432368,8.421977102267192,0.22865494206880949,6.209472517248807,0.7319895226244347,crosswind
188.0,SYNTH_013,9.98626330254599,8.194845759490988,0.22359449883424534,6.028799110945407,0.7332977046131962,crosswind
190.0,SYNTH_013,10.08853176724682,7.9649121390701225,0.21870305322833983,5.847785615131358,0.7349290870404234,crosswind
192.0,SYNTH_013,9.98044477579491,7.732329288345738,0.21399669797030116,5.666491867330401,0.7368791518843067,crosswind
194.0,SYNTH_013,9.756750682312367,7.497251562867291,0.20948884369157392,5.484977797708989,0.7391424985500209,crosswind
196.0,SYNTH_013,9.790911686930817,7.25983455017041,0.20519026373491583,5.30330340926523,0.741712858826368,crosswind
198.0,SYNTH_013,9.91575205412339,7.020234992946598,0.20110917834643297,5.121528757993743,0.7445831142452357,crosswind
200.0,SYNTH_013,9.70830150054741,6.778610711642898,0.19725137331045564,4.939713933032956,0.7477453157957945,crosswind
202.0,SYNTH_013,9.870632061895094,6.535120526528885,0.193620347701593,4.757919036801491,0.751190705938835,crosswind
204.0,SYNTH_013,9.806507661629206,6.289924179270372,0.19021748522542206,4.576204165130159,0.7549097428602803,crosswind
206.0,SYNTH_013,9.926009249161506,6.043182254047338,0.18704224357989718,4.394629387396069,0.7588921268967035,crosswind
208.0,SYNTH_013,9.66966815791095,5.795056098257078,0.1840923563800208,4.213254726665589,0.7631268290596643,crosswind
210.0,SYNTH_013,9.89490959717567,5.545707742839284,0.18136404243125043,4.032140139852515,0.7676021215798736,crosswind
212.0,SYNTH_013,9.63132542119116,5.295299822264212,0.17885221749251606,3.851345497898159,0.7723056103865893,crosswind
0.0,SYNTH_014,6.9834486796033834,325.79021834878375,0.486330698090898,351.0521613812784,1.15,changing_wind_current
2.0,SYNTH_014,7.149411545908871,326.20286630517745,0.48803758959229543,351.2327864910498,1.1563128740005686,changing_wind_current
4.0,SYNTH_014,7.193442145443306,326.61495978251077,0.4897392093431741,351.41300407932357,1.1626082648519138,changing_wind_current
6.0,SYNTH_014,7.200381830234426,327.0263347907533,0.4914344723988613,351.5927545716787,1.16886873782341,changing_wind_current
8.0,SYNTH_014,7.185132395660687,327.43682769465994,0.4931223629787562,351.7719785481017,1.1750769548875342,changing_wind_current
10.0,SYNTH_014,7.476863568447497,327.8462752945745,0.49480194681031603,351.9506167626292,1.1812157227365578,changing_wind_current
12.0,SYNTH_014,7.249133029904251,328.2545149070193,0.4964723850200304,352.12861016293283,1.1872680403984448,changing_wind_current
14.0,SYNTH_014,7.398929827994225,328.6613844450289,0.4981329496832874,352.3058999098401,1.1932171463200862,changing_wind_current
16.0,SYNTH_014,7.404556838393281,329.0667224981899,0.4997830411293591,352.4824273967846,1.1990465647874782,changing_wind_current
18.0,SYNTH_014,7.443920966344181,329.470368412347,0.5014222070749847,352.65813426918004,1.2047401515542855,changing_wind_current
20.0,SYNTH_014,7.4325492327692375,329.8721623689343,0.5030501636291648,352.8329624437099,1.2102821385524214,changing_wind_current
22.0,SYNTH_014,7.4985887556157556,330.27194546389546,0.5046668181718151,353.0068541275286,1.2156571775608267,changing_wind_current
24.0,SYNTH_014,7.53209842215256,330.66955978615124,0.506272294058999,353.1797518373654,1.2208503827115023,changing_wind_current
26.0,SYNTH_014,7.671927212921554,331.0648484955773,0.5078669570468296,353.35159841852726,1.225847371715084,changing_wind_current
28.0,SYNTH_014,7.35694986481913,331.45765590045255,0.509451443254368,353.5223370637919,1.2306343056917826,changing_wind_current
30.0,SYNTH_014,7.53055177384184,331.8478275343415,0.5110266884027438,353.6919113321869,1.2351979274973828,changing_wind_current
32.0,SYNTH_014,7.721662768399952,332.23521023237004,0.5125939579735685,353.86026516764707,1.2395255984381588,changing_wind_current
34.0,SYNTH_014,7.557062740933833,332.6196522068599,0.5141548778251894,354.0273429175451,1.2436053332730233,changing_wind_current
36.0,SYNTH_014,7.425424226247665,333.0010031222819,0.515711464691729,354.1930893510886,1.2474258334059798,changing_wind_current
38.0,SYNTH_014,7.525080889140599,333.37911416949316,0.5172661558690727,354.3574496775774,1.2509765181769474,changing_wind_current
40.0,SYNTH_014,7.712633836070748,333.7538381392201,0.5188218372665907,354.5203695645161,1.2542475541643043,changing_wind_current
42.0,SYNTH_014,7.710625670908531,334.12502949475066,0.5203818688767197,354.6817951555746,1.2572298824179937,changing_wind_current
44.0,SYNTH_014,7.598140703011045,334.4925444438022,0.5219501065906396,354.84167308839113,1.2599152435477783,changing_wind_current
46.0,SYNTH_014,7.710213304996097,334.85624100952674,0.5235309191719358,354.9999505122125,1.262296200597155,changing_wind_current
48.0,SYNTH_014,7.5827538576439295,335.21597910061996,0.5251291990967755,355.1565751053647,1.264366159639588,changing_wind_current
50.0,SYNTH_014,7.821754102368294,335.5716205804993,0.5267503658847796,355.31149509254914,1.2661193880400174,changing_wind_current
52.0,SYNTH_014,7.680157664254452,335.92302933551707,0.5284003604859121,355.46465926195776,1.267551030331069,changing_wind_current
54.0,SYNTH_014,7.589048344221536,336.270071342174,0.5300856292620327,355.61601698220204,1.268657121659998,changing_wind_current
56.0,SYNTH_014,7.677941034311283,336.6126147333008,0.5318130961140651,355.76551821905036,1.2694345987691251,changing_wind_current
58.0,SYNTH_014,7.793649553468996,336.95052986317563,0.5335901213634836,355.9131135519678,1.2698813084793574,changing_wind_current
60.0,SYNTH_014,7.783580530610417,337.2836893715435,0.5354244461060151,356.05875419045276,1.2699960136532953,changing_wind_current
62.0,SYNTH_014,7.796318825484063,337.61196824650796,0.5373241209211245,356.202391990166,1.269778396621416,changing_wind_current
64.0,SYNTH_014,7.825575362597671,337.93524388626247,0.5392974180468204,356.3439794688455,1.2692290600618406,changing_wind_current
66.0,SYNTH_014,7.815394326660691,338.25339615963253,0.5413527264177872,356.48346982200246,1.2683495253312511,changing_wind_current
68.0,SYNTH_014,7.724634965051332,338.56630746539696,0.5434984293160204,356.62081693839383,1.2671422282515794,changing_wind_current
70.0,SYNTH_014,7.811418752204032,338.87386279036,0.5457427647949882,356.75597541526497,1.2656105123641346,changing_wind_current
72.0,SYNTH_014,7.7693805189174,339.1759497661462,0.5480936695062253,356.88890057335846,1.2637586196698543,changing_wind_current
74.0,SYNTH_014,7.880894709727886,339.47245872468784,0.5505586070738431,357.01954847168383,1.2615916788813208,changing_wind_current
76.0,SYNTH_014,7.823529933965446,339.76328275238086,0.5531443827174979,357.147875922043,1.2591156912190817,changing_wind_current
78.0,SYNTH_014,7.716901651697816,340.0483177428784,0.5558569464048515,357.27384050330693,1.2563375137916062,changing_wind_current
80.0,SYNTH_014,7.753914739576571,340.32746244850006,0.5587011874047382,357.3974005754389,1.2532648406049092,changing_wind_current
82.0,SYNTH_014,7.734088631286564,340.60061853022825,0.5616807236939224,357.51851529325927,1.2499061812544356,changing_wind_current
84.0,SYNTH_014,7.654611817600931,340.867690606269,0.5647976902233109,357.6371446199478,1.2462708373582139,changing_wind_current
86.0,SYNTH_014,7.7650201819395495,341.1285862991517,0.5680525305520975,357.7532493402784,1.2423688767965484,changing_wind_current
88.0,SYNTH_014,7.5448844887296485,341.3832162813461,0.5714437967881485,357.86679107358276,1.2382111058295926,changing_wind_current
90.0,SYNTH_014,7.640475501325354,341.6314943193729,0.5749679631075904,357.9777322864375,1.2338090391700183,changing_wind_current
92.0,SYNTH_014,7.792732154646871,341.87333731638597,0.5786192583445757,358.0860363050719,1.2291748680936683,changing_wind_current
94.0,SYNTH_014,7.513521404277586,342.1086653532066,0.5823895232240296,358.19166732749085,1.2243214266765032,changing_wind_current
96.0,SYNTH_014,7.654365691575717,342.337401727788,0.5862680977391148,358.29459043531006,1.2192621562513517,changing_wind_current
98.0,SYNTH_014,7.56999042961773,342.55947299309133,0.5902417439383606,358.39477160529896,1.2140110681828937,changing_wind_current
100.0,SYNTH_014,7.623915974510143,342.774808993354,0.5942946089767334,358.4921777206277,1.208582705063977,changing_wind_current
102.0,SYNTH_014,7.550792978620037,342.9833428987336,0.5984082326977627,358.58677658181466,1.2029921004407227,changing_wind_current
104.0,SYNTH_014,7.557033722310686,343.1850112383088,0.602561603253634,358.67853691737054,1.197254737177967,changing_wind_current
106.0,SYNTH_014,7.524613856245238,343.3797539314213,0.606731263346893,358.7674283941357,1.1913865045803376,changing_wind_current
108.0,SYNTH_014,7.550844269900731,343.5675143173446,0.6108914686076918,358.8534216273075,1.185403654387719,changing_wind_current
110.0,SYNTH_014,7.542699915669257,343.7482391832632,0.6150143984275198,358.936488190154,1.1793227557669745,changing_wind_current
112.0,SYNTH_014,7.369001251205879,343.9218787905495,0.6190704182833754,359.0166006234109,1.1731606494245694,changing_wind_current
114.0,SYNTH_014,7.4241427582382995,344.088386899325,0.623028391240077,359.09373244435875,1.166934400967184,changing_wind_current
116.0,SYNTH_014,7.201945750550069,344.247720791294,0.6268560349520395,359.1678581555773,1.1606612536394754,changing_wind_current
118.0,SYNTH_014,7.272197013491216,344.39984129083814,0.6305203191417366,359.23895325337423,1.1543585805698828,changing_wind_current
120.0,SYNTH_014,7.12355795453689,344.5447127843614,0.6339878972543452,359.3069942358853,1.1480438366567254,changing_wind_current
122.0,SYNTH_014,7.1216052356696835,344.6823032378768,0.6372255648210027,359.37195861084354,1.141734510227844,changing_wind_current
124.0,SYNTH_014,7.161460421376356,344.81258421282445,0.6402007360494009,359.43382490301394,1.1354480746076623,changing_wind_current
126.0,SYNTH_014,7.152617635427441,344.93553088011515,0.6428819293394794,359.4925726612932,1.129201939725797,changing_wind_current
128.0,SYNTH_014,7.081229248100371,345.0511220323908,0.6452392518281762,359.54818246546967,1.123013403901239,changing_wind_current
130.0,SYNTH_014,7.18315319390668,345.15934009449705,0.647244872728422,359.60063593264346,1.1168996059356315,changing_wind_current
132.0,SYNTH_014,7.256080578190846,345.2601711321619,0.6488734751638219,359.64991572330314,1.110877477648324,changing_wind_current
134.0,SYNTH_014,7.265648790422362,345.35360485887645,0.6501026764228464,359.6960055470576,1.104963696984652,changing_wind_current
136.0,SYNTH_014,7.103008360903791,345.4396346409745,0.650913407066253,359.73889016802116,1.099174641827305,changing_wind_current
138.0,SYNTH_014,6.980126453787899,345.51825750090853,0.6512902401103653,359.7785554098502,1.0935263446387038,changing_wind_current
140.0,SYNTH_014,7.123611246174001,345.5894741187197,0.6512216625582206,359.81498816042927,1.0880344480599966,changing_wind_current
142.0,SYNTH_014,7.062299570510263,345.6532888317022,0.6507002828326138,359.8481763762057,1.0827141615896458,changing_wind_current
144.0,SYNTH_014,7.098813486907125,345.70970963226137,0.6497229691432077,359.87810908617064,1.077580219461578,changing_wind_current
146.0,SYNTH_014,7.136983061402745,345.7587481639672,0.6482909154504573,359.90477639548607,1.0726468398395521,changing_wind_current
148.0,SYNTH_014,7.203320764745763,345.8004197158046,0.6464096334226448,359.9281694887553,1.0679276854407551,changing_wind_current
150.0,SYNTH_014,7.143375156144652,345.83474321462313,0.6440888705655154,359.94828063293744,1.0634358256976761,changing_wind_current
152.0,SYNTH_014,7.25693313124732,345.86174121579165,0.6413424564816627,359.9651031799035,1.0591837005630484,changing_wind_current
154.0,SYNTH_014,7.157767903517591,345.8814398920596,0.6381880809339288,359.97863156863417,1.0551830860581013,changing_wind_current
156.0,SYNTH_014,7.106596575871225,345.89386902063296,0.6346470089909745,359.988861327058,1.0514450616595301,changing_wind_current
158.0,SYNTH_014,7.43551514647845,345.89906196847016,0.6307437399753739,359.9957890735297,1.0479799796155123,changing_wind_current
160.0,SYNTH_014,7.261940166661289,345.8970556758052,0.6265056181727318,359.99941251794843,1.0447974362757353,changing_wind_current
162.0,SYNTH_014,7.428145308032801,345.8878906379062,0.6219624042595503,359.9997304625142,1.0419062455148491,changing_wind_current
164.0,SYNTH_014,7.3330175465094944,345.87161088507855,0.6171458171418297,359.99674280212434,1.0393144143229347,changing_wind_current
166.0,SYNTH_014,7.418190213268081,345.84826396092274,0.6120890563491472,359.99045052440795,1.0370291206305962,changing_wind_current
168.0,SYNTH_014,7.26115303646256,345.8179008988567,0.6068263152936684,359.9808557093995,1.0350566934300869,changing_wind_current
170.0,SYNTH_014,7.491750913026262,345.7805761969151,0.6013922955836088,359.96796152885133,1.0334025952475199,changing_wind_current
172.0,SYNTH_014,7.389366419501069,345.7363477908382,0.5958217321890049,359.951772245185,1.0320714070147106,changing_wind_current
174.0,SYNTH_014,7.420348521369234,345.6852770254624,0.5901489386159491,359.9322932100824,1.0310668153825437,changing_wind_current
176.0,SYNTH_014,7.788573291100761,345.6274286244282,0.5844073803829899,359.90953086271657,1.030391602511001,changing_wind_current
178.0,SYNTH_014,7.561665491479946,345.5628706582185,0.578629284045722,359.8834927276232,1.0300476383641255,changing_wind_current
180.0,SYNTH_014,7.626997094311263,345.4916745105457,0.5728452878228929,359.8541874122131,1.030035875531262,changing_wind_current
182.0,SYNTH_014,7.694539128451932,345.4139148431015,0.5670841385827828,359.821624603927,1.0303563465889143,changing_wind_current
184.0,SYNTH_014,7.866118665725097,345.3296695586887,0.5613724385965368,359.785815067033,1.0310081640105255,changing_wind_current
186.0,SYNTH_014,7.616553949635289,345.2390197627517,0.555734444099468,359.74677063906853,1.0319895226244347,changing_wind_current
188.0,SYNTH_014,7.743845349816223,345.1420497233269,0.5501919163639168,359.7045042269268,1.0332977046131961,changing_wind_current
190.0,SYNTH_014,7.441232789869103,345.03884682943016,0.5447640247164393,359.65902980259074,1.0349290870404233,changing_wind_current
192.0,SYNTH_014,7.549849413496115,344.9295015479031,0.5394672997615905,359.61036239851364,1.0368791518843066,changing_wind_current
194.0,SYNTH_014,7.630332546641362,344.81410737874074,0.5343156340324776,359.55851810265034,1.0391424985500208,changing_wind_current
196.0,SYNTH_014,7.6216991829675615,344.69276080892007,0.5293203263964745,359.503514053139,1.0417128588263678,changing_wind_current
198.0,SYNTH_014,7.490594463066287,344.56556126475425,0.5244901658182868,359.44536843263546,1.0445831142452358,changing_wind_current
200.0,SYNTH_014,7.502044087130098,344.4326110627951,0.5198315495305984,359.384100462303,1.0477453157957943,changing_wind_current
0.0,SYNTH_015,2.2558517600557146,208.37913367591307,0.1263559164748219,39.38969777859901,0.25,calm
2.0,SYNTH_015,2.522252024862318,208.78303765580762,0.12789017583715698,39.55232719673229,0.2563128740005687,calm
4.0,SYNTH_015,2.3022078240529242,209.18511305038368,0.12940295835855256,39.71345175476983,0.2626082648519139,calm
6.0,SYNTH_015,2.433774893265957,209.58520081660885,0.1308933332366898,39.87301818986222,0.26886873782341003,calm
8.0,SYNTH_015,2.4120430364420966,209.9831428929551,0.13236045193524565,40.030973754227865,0.27507695488753425,calm
10.0,SYNTH_015,2.3398037955876987,210.37878227745094,0.13380356039136135,40.187266232589735,0.28121572273655804,calm
12.0,SYNTH_015,2.682290503932421,210.7719631052096,0.13522201275951778,40.34184395943613,0.287268040398445,calm
14.0,SYNTH_015,2.558667413760643,211.16253072539666,0.1366152868038379,40.49465583609979,0.2932171463200863,calm
16.0,SYNTH_015,2.507181731354132,211.55033177759736,0.13798300103517433,40.64565134764945,0.2990465647874783,calm
18.0,SYNTH_015,2.367261439912607,211.9352142675472,0.13932493366659782,40.7947805795886,0.30474015155428547,calm
20.0,SYNTH_015,2.6077187755356777,212.31702764218755,0.14064104343004324,40.94199423435568,0.3102821385524215,calm
22.0,SYNTH_015,2.472084234142601,212.69562286401006,0.14193149225691834,41.087243647620326,0.3156571775608268,calm
24.0,SYNTH_015,2.6424180023152135,213.07085248465216,0.14319666977555173,41.23048080437033,0.32085038271150235,calm
26.0,SYNTH_015,2.548547982525098,213.44257071770818,0.1444372195177464,41.371658354783904,0.325847371715084,calm
28.0,SYNTH_015,2.6874121685094035,213.8106335107197,0.14565406665493633,41.510729629882135,0.33063430569178254,calm
30.0,SYNTH_015,2.7032798096696737,214.17489861630946,0.14684844700136257,41.64764865695626,0.335197927497383,calm
32.0,SYNTH_015,2.700596738145698,214.5352256624244,0.14802193692752932,41.78237017476488,0.33952559843815877,calm
34.0,SYNTH_015,2.7740340900870444,214.89147622165206,0.1491764837226881,41.91484964849592,0.3436053332730233,calm
36.0,SYNTH_015,2.5835992713319533,215.243513879577,0.15031443583150236,42.045043284488486,0.34742583340597977,calm
38.0,SYNTH_015,2.6316711060600158,215.59120430214344,0.15143857226926985,42.17290804470972,0.3509765181769476,calm
40.0,SYNTH_015,3.0445301124264805,215.93441530199001,0.15255213039470844,42.298401660981824,0.3542475541643043,calm
42.0,SYNTH_015,2.716908131697905,216.27301690372502,0.15365883109265993,42.42148264895466,0.3572298824179939,calm
44.0,SYNTH_015,2.7768756306806086,216.60688140810896,0.15476290029518133,42.54211032181917,0.3599152435477785,calm
46.0,SYNTH_015,2.9023320218867203,216.9358834551135,0.15586908565315297,42.66024480375725,0.3622962005971551,calm
48.0,SYNTH_015,2.8587754480506153,217.25990008582494,0.15698266706717967,42.77584704312341,0.3643661596395882,calm
50.0,SYNTH_015,2.8741750305499667,217.5788108031623,0.1581094597022208,42.8888788253541,0.36611938804001765,calm
52.0,SYNTH_015,2.9698521640678814,217.89249763137948,0.15925580805152403,42.99930278560022,0.3675510303310692,calm
54.0,SYNTH_015,2.8101915862987203,218.2008451743226,0.16042856958877885,43.1070824210789,0.36865712165999803,calm
56.0,SYNTH_015,2.7837402065939134,218.50374067241341,0.16163508655970496,43.21218210314007,0.36943459876912527,calm
58.0,SYNTH_015,2.870031796752867,218.80107405833053,0.16288314452205693,43.31456708904432,0.3698813084793575,calm
60.0,SYNTH_015,2.6733791408214485,219.09273801136177,0.16418091635221818,43.41420353344769,0.3699960136532955,calm
62.0,SYNTH_015,2.7634152031092887,219.3786280103996,0.1655368906022353,43.51105849958998,0.3697783966214161,calm
64.0,SYNTH_015,2.820786521439795,219.65864238555451,0.16695978331712125,43.60509997018261,0.3692290600618406,calm
66.0,SYNTH_015,2.642118903842191,219.93268236836013,0.16845843271071867,43.696296857992515,0.3683495253312512,calm
68.0,SYNTH_015,2.7524363455675975,220.20065214054603,0.17004167644960314,43.78461901611872,0.3671422282515795,calm
70.0,SYNTH_015,2.712087495100952,220.46245888135323,0.17171821170634302,43.870037247957896,0.36561051236413467,calm
72.0,SYNTH_015,2.657556005669208,220.7180128133697,0.1734964386113283,43.9525233168559,0.36375861966985423,calm
74.0,SYNTH_015,2.489814645305488,220.96722724686336,0.17538428824895583,44.03204995544199,0.3615916788813209,calm
76.0,SYNTH_015,2.816947948341377,221.21001862258967,0.1773890368990231,44.108590874642495,0.3591156912190818,calm
78.0,SYNTH_015,2.511894514548712,221.4463065530541,0.17951710880467703,44.18212077237125,0.35633751379160616,calm
80.0,SYNTH_015,2.625768554303098,221.6760138622076,0.18177387033844283,44.252615341893666,0.35326484060490926,calm
82.0,SYNTH_015,2.604349612599528,221.8990666235573,0.18416341901953612,44.3200512798618,0.3499061812544357,calm
84.0,SYNTH_015,2.46269610335929,222.11539419667128,0.18668837138863834,44.38440629401771,0.3462708373582139,calm
86.0,SYNTH_015,2.257601599924178,222.32492926206154,0.18934965424893357,44.445659110562616,0.34236887679654854,calm
88.0,SYNTH_015,2.3842160544878994,222.5276078544271,0.1921463042120366,44.503789481189365,0.33821110582959263,calm
90.0,SYNTH_015,2.454065375552644,222.7233693942399,0.19507528082209324,44.558778189775886,0.33380903917001836,calm
92.0,SYNTH_015,2.2394601251174415,222.91215671766008,0.1981312987493553,44.61060705873746,0.32917486809366836,calm
94.0,SYNTH_015,2.3307869556944967,223.09391610476325,0.20130668462635246,44.65925895503568,0.32432142667650343,calm
96.0,SYNTH_015,2.425872626084095,223.26859730606824,0.20459126402872557,44.704717795842114,0.3192621562513518,calm
98.0,SYNTH_015,2.343437262897923,223.4361535673503,0.2079722838659884,44.746968553854764,0.3140110681828939,calm
100.0,SYNTH_015,2.3070120199183246,223.59654165272886,0.21143437503682025,44.78599726226567,0.30858270506397706,calm
102.0,SYNTH_015,2.2191248047414582,223.7497218660176,0.2149595596163261,44.821791019377876,0.30299210044072283,calm
104.0,SYNTH_015,2.3555536617228565,223.89565807032673,0.21852730608249796,44.854337992870384,0.2972547371779671,calm
106.0,SYNTH_015,2.127110921571248,224.03431770590765,0.22211463516584246,44.883627423709505,0.2913865045803377,calm
108.0,SYNTH_015,2.2139668738050484,224.16567180623116,0.22569627783642734,44.9096496297055,0.2854036543877193,calm
110.0,SYNTH_015,2.09520847520482,224.28969501229133,0.2292448857496059,44.932396008713184,0.27932275576697463,calm
112.0,SYNTH_015,2.2010063939225843,224.40636558512787,0.2327312931846936,44.95185904147558,0.2731606494245696,calm
114.0,SYNTH_015,1.9899622735999352,224.51566541656126,0.23612482816460878,44.96803229410952,0.26693440096718407,calm
116.0,SYNTH_015,1.9948966134997808,224.61758003813426,0.23939366907811796,44.980910420232476,0.2606612536394755,calm
118.0,SYNTH_015,2.0052998767331243,224.71209862825694,0.24250524178221394,44.99048916272997,0.2543585805698829,calm
120.0,SYNTH_015,2.218237872406847,224.79921401755016,0.2454266508844304,44.99676535516277,0.24804383665672539,calm
122.0,SYNTH_015,2.034791855122639,224.87892269238603,0.24812513773782874,44.99973692281369,0.2417345102278441,calm
124.0,SYNTH_015,2.0875937793906965,224.95122479662297,0.2505685566676808,44.999402883373364,0.23544807460766237,calm
126.0,SYNTH_015,1.8062860470203097,225.01612413153444,0.2527258601279064,44.99576334726502,0.22920193972579717,calm
128.0,SYNTH_015,2.1120842805669056,225.07362815393225,0.2545675828915188,44.988819517607936,0.22301340390123914,calm
130.0,SYNTH_015,1.7482570891581677,225.12374797248387,0.2560663150405515,44.97857368981977,0.21689960593563157,calm
132.0,SYNTH_015,1.924190741970892,225.16649834222736,0.2571971534571976,44.96502925085771,0.2108774776483241,calm
134.0,SYNTH_015,1.7935089515154976,225.2018976572848,0.2579381217402605,44.9481906780989,0.204963696984652,calm
136.0,SYNTH_015,1.9850842656580774,225.22996794177942,0.25827054898091745,44.928063537860325,0.1991746418273051,calm
138.0,SYNTH_015,1.6444679960619992,225.25073483895994,0.25817939862068834,44.90465448355879,0.19352634463870377,calm
140.0,SYNTH_015,1.7703040656121338,225.26422759853753,0.25765353966389215,44.87797125351143,0.18803444805999658,calm
142.0,SYNTH_015,1.7864952126259084,225.27047906224237,0.25668595379887305,44.848022668377766,0.18271416158964587,calm
144.0,SYNTH_015,1.9634758267516015,225.26952564760603,0.255273873460425,44.81481862824377,0.1775802194615781,calm
146.0,SYNTH_015,1.983033602520091,225.2614073299783,0.25341884749641047,44.778370109349275,0.17264683983955215,calm
148.0,SYNTH_015,1.8645510999241144,225.246167622787,0.2511267328351105,44.738689160459494,0.16792768544075515,calm
150.0,SYNTH_015,1.8772934233241423,225.2238535560509,0.24840761233303477,44.69578889888212,0.16343582569767617,calm
152.0,SYNTH_015,1.8512856808950087,225.19451565315583,0.2452756407605696,44.649683506131126,0.15918370056304862,calm
154.0,SYNTH_015,1.9810301260723586,225.15820790590593,0.24174882259995412,44.60038822323879,0.15518308605810127,calm
156.0,SYNTH_015,2.051227842265493,225.11498774786224,0.23784872693395281,44.547919345717474,0.1514450616595303,calm
158.0,SYNTH_015,2.0367767382629105,225.06491602598146,0.23360014614579333,44.492294218172844,0.1479799796155123,calm
160.0,SYNTH_015,2.002919986627152,225.0080569705694,0.22903070638906617,44.43353122857025,0.1447974362757354,calm
162.0,SYNTH_015,1.9515707097092463,224.9444781635635,0.22417043878551096,44.37164980215624,0.14190624551484915,calm
164.0,SYNTH_015,2.1262403947283013,224.87425050516063,0.2190513210428609,44.30667039503716,0.13931441432293468,calm
166.0,SYNTH_015,2.3958538054000873,224.79744817880584,0.21370679963766886,44.238614487417,0.13702912063059636,calm
168.0,SYNTH_015,2.289216514467759,224.7141486145602,0.20817130287274335,44.167504576496704,0.13505669343008692,calm
170.0,SYNTH_015,2.4821233332418218,224.62443245086533,0.20247975499887544,44.093364169037244,0.1334025952475199,calm
172.0,SYNTH_015,2.392252734801717,224.52838349472344,0.1966671011988731,44.01621777358906,0.13207140701471065,calm
174.0,SYNTH_015,2.3104828271722906,224.42608868031311,0.19076785259020623,43.93609089239025,0.13106681538254378,calm
176.0,SYNTH_015,2.5619862678287464,224.31763802606028,0.18481565954010168,43.85301001293629,0.130391602511001,calm
178.0,SYNTH_015,2.499887224775402,224.20312459018683,0.17884292053924672,43.76700259922413,0.13004763836412556,calm
180.0,SYNTH_015,2.6948861536565922,224.0826444247576,0.17288043268755066,43.6780970826734,0.13003587553126217,calm
182.0,SYNTH_015,2.6057556610184536,223.9562965282493,0.1669570885508338,43.58632285272788,0.13035634658891435,calm
184.0,SYNTH_015,2.6413148758105414,223.82418279666445,0.16109962279523182,43.491710247140205,0.1310081640105257,calm
186.0,SYNTH_015,2.727176554543722,223.68640797321416,0.15533241064042805,43.39429054194317,0.13198952262443475,calm
188.0,SYNTH_015,2.587292385029587,223.54307959659567,0.14967731883538937,43.294095941110825,0.13329770461319618,calm
190.0,SYNTH_015,2.5432573996187458,223.3943079478886,0.14415360858945775,43.19115956591281,0.1349290870404234,calm
192.0,SYNTH_015,2.633399234857165,223.24020599609756,0.13877788872113112,43.085515443965505,0.13687915188430677,calm
194.0,SYNTH_015,2.575147629402315,223.08088934236733,0.13356411624477377,42.97719849798351,0.13914249855002092,calm
196.0,SYNTH_015,2.550944389066687,222.91647616289814,0.12852364072369618,42.866244534235264,0.14171285882636797,calm
198.0,SYNTH_015,2.561254171190024,222.74708715058946,0.12366528799183851,42.752690230706634,0.14458311424523573,calm
200.0,SYNTH_015,2.4224182285473344,222.57284545544113,0.11899547829432255,42.63657312497625,0.14774531579579453,calm
202.0,SYNTH_015,2.432774367629891,222.39387662374085,0.11451837352161427,42.51793160180672,0.151190705938835,calm
204.0,SYNTH_015,2.4048911500250663,222.2103085360687,0.11023604800917558,42.396804880455875,0.15490974286028036,calm
206.0,SYNTH_015,2.1832191695742864,222.02227134414898,0.10614867733513263,42.27323300171197,0.15889212689670346,calm
208.0,SYNTH_015,2.280914963328923,221.8298974065799,0.10225473965896181,42.14725681465753,0.16312682905966436,calm
210.0,SYNTH_015,1.9725320615470077,221.6333212234747,0.09855122438714674,42.01891796316583,0.1676021215798737,calm
212.0,SYNTH_015,1.9344631998830748,221.43267937004387,0.09503384330717632,41.888258872134735,0.17230561038658934,calm
214.0,SYNTH_015,2.003479449134518,221.22811042915401,0.09169723977741298,41.755322733462314,0.17722426943229785,calm
216.0,SYNTH_015,2.1235281751405006,221.0197549228941,0.08853519207479763,41.62015349176891,0.1823444767676195,calm
218.0,SYNTH_015,1.979544872006285,220.8077552431852,0.08554080756273455,41.482795829870405,0.18765205226653092,calm
220.0,SYNTH_015,1.8610142596771035,220.59225558146602,0.08270670492640092,41.34329515400748,0.19313229689742573,calm
222.0,SYNTH_015,1.862396974784,220.37340185749034,0.08002518231231308,41.201697578835606,0.19877003343125493,calm
224.0,SYNTH_015,1.870866322355753,220.15134164727087,0.07748836978553099,41.05804991218108,0.20454964847400914,calm
226.0,SYNTH_015,1.8024504642173942,219.92622411020508,0.07508836506616326,40.91239963956768,0.21045513570713414,calm
228.0,SYNTH_015,1.762578422815247,219.69819991541945,0.0728173520143647,40.764794908519455,0.2164701402161289,calm
230.0,SYNTH_015,1.804977102043763,219.46742116736777,0.07066770179015863,40.61528451264463,0.22257800378456138,calm
232.0,SYNTH_015,1.8562233421617786,219.23404133072125,0.06863205701437176,40.463917875505885,0.22876181102806104,calm
234.0,SYNTH_015,1.806517665579523,218.99821515458632,0.06670339959565857,40.31074503428251,0.23500443624052336,calm
236.0,SYNTH_015,1.7013934462502405,218.76009859608854,0.06487510316443207,40.1558166232296,0.2412885908227898,calm
238.0,SYNTH_015,1.6505965273209542,218.51984874336011,0.06314097126816445,39.999183856939894,0.24759687116244952,calm
240.0,SYNTH_015,1.7196254540211835,218.2776237379683,0.061495262636508966,39.84089851341387,0.25391180683216424,calm
242.0,SYNTH_015,1.8426237968197139,218.03358269682445,0.05993270492312261,39.68101291694344,0.2602159089730339,calm
244.0,SYNTH_015,1.867869499727454,217.78788563361067,0.058448498379201345,39.519579920815204,0.26649171872900707,calm
246.0,SYNTH_015,1.9546851532184788,217.54069337976418,0.05703831091767248,39.35665288983877,0.2727218555981992,calm
248.0,SYNTH_015,1.7991555595447053,217.29216750505742,0.05569826599330499,39.1922856827059,0.2788890655672156,calm
250.0,SYNTH_015,1.8056396335184668,217.04247023781411,0.05442492465946682,39.02653263418658,0.28497626889516936,calm
252.0,SYNTH_015,1.9784897134138695,216.79176438479948,0.05321526307356783,38.85944853716756,0.29096660741506314,calm
0.0,SYNTH_016,8.70891632518373,9.67711850353777,0.19578669436151316,0.9614940930475537,0.85,crosswind
2.0,SYNTH_016,8.718499458358764,9.684711186326012,0.19423345553404797,0.7958389502227172,0.8563128740005687,crosswind
4.0,SYNTH_016,8.579881764692574,9.68509196285288,0.19270253829036607,0.6315735744173665,0.8626082648519139,crosswind
6.0,SYNTH_016,8.605452398164354,9.67830014963539,0.1911954963119986,0.4687522667391475,0.86886873782341,crosswind
8.0,SYNTH_016,8.609689929786134,9.664378605064485,0.18971392776707663,0.3074288509309735,0.8750769548875342,crosswind
10.0,SYNTH_016,8.65155773702048,9.6433737082412,0.18825948552062532,0.1476566555785217,0.881215722736558,crosswind
12.0,SYNTH_016,8.433932035296403,9.615335336074281,0.18683388891373434,359.98948849648144,0.887268040398445,crosswind
14.0,SYNTH_016,8.375230034911906,9.580316838650788,0.18543893722522664,359.8329766591941,0.8932171463200863,crosswind
16.0,SYNTH_016,8.489405966870265,9.538375012891265,0.18407652491376125,359.6781728817415,0.8990465647874784,crosswind
18.0,SYNTH_016,8.286900526358664,9.489570074503263,0.18274865871553134,359.5251283375164,0.9047401515542854,crosswind
20.0,SYNTH_016,8.336350658857523,9.433965628246199,0.18145747664183143,359.37389361836273,0.9102821385524215,crosswind
22.0,SYNTH_016,8.410664791249392,9.371628636522928,0.1802052688807837,359.22451871785177,0.9156571775608268,crosswind
24.0,SYNTH_016,8.344393476650039,9.30262938631347,0.17899450055755173,359.0770530147556,0.9208503827115023,crosswind
26.0,SYNTH_016,8.246650496683275,9.227041454466587,0.17782783624672605,358.93154525672406,0.925847371715084,crosswind
28.0,SYNTH_016,8.175061399542749,9.144941671366894,0.1767081660587622,358.78804354417025,0.9306343056917825,crosswind
30.0,SYNTH_016,8.229851342149622,9.056410082995853,0.17563863303923408,358.64659531436996,0.935197927497383,crosswind
32.0,SYNTH_016,8.46038463452024,8.961529911404455,0.17462266152547237,358.50724732578044,0.9395255984381587,crosswind
34.0,SYNTH_016,8.363825131717686,8.860387513617411,0.17366398600060695,358.3700456425835,0.9436053332730233,crosswind
36.0,SYNTH_016,8.24557946139077,8.753072338989398,0.17276667987139707,358.23503561945796,0.9474258334059797,crosswind
38.0,SYNTH_016,8.357037933480441,8.639676885034646,0.17193518347541706,358.1022618865869,0.9509765181769476,crosswind
40.0,SYNTH_016,8.287235348184485,8.520296651751039,0.1711743304977531,357.9717683349044,0.9542475541643043,crosswind
42.0,SYNTH_016,8.286138309647912,8.395030094461106,0.17048937185067192,357.8435981015862,0.9572298824179939,crosswind
44.0,SYNTH_016,8.217848743398077,8.263978575194756,0.16988599594579523,357.71779355579014,0.9599152435477785,crosswind
46.0,SYNTH_016,8.173314993384516,8.127246312635407,0.16937034417192823,357.5943962846502,0.9622962005971551,crosswind
48.0,SYNTH_016,8.253818675372779,7.9849403306565705,0.16894902028829256,357.4734470795289,0.9643661596395882,crosswind
50.0,SYNTH_016,8.198739648833145,7.837170405472364,0.16862909235852946,357.3549859225331,0.9661193880400176,crosswind
52.0,SYNTH_016,8.352092140164823,7.684049011429522,0.16841808579192835,357.23905197329714,0.9675510303310692,crosswind
54.0,SYNTH_016,8.216178383650833,7.525691265466719,0.16832396603163277,357.1256835560376,0.9686571216599981,crosswind
56.0,SYNTH_016,8.16389931814987,7.362214870268872,0.16835510944182577,357.0149181468849,0.9694345987691253,crosswind
58.0,SYNTH_016,8.055060068813816,7.193740056145089,0.16852026100361336,356.9067923614944,0.9698813084793575,crosswind
60.0,SYNTH_016,7.840614914498564,7.020389521657819,0.1688284775384691,356.8013419429428,0.9699960136532955,crosswind
62.0,SYNTH_016,8.317090235575444,6.842288373033625,0.1692890553437298,356.69860174991226,0.9697783966214161,crosswind
64.0,SYNTH_016,8.237382491531298,6.659564062384675,0.16991144135055938,356.59860574516733,0.9692290600618406,crosswind
66.0,SYNTH_016,8.180055622408553,6.472346324772275,0.17070512720321152,356.50138698432784,0.9683495253312512,crosswind
68.0,SYNTH_016,8.361395342692914,6.280767114142861,0.17167952600955602,356.4069776049418,0.9671422282515795,crosswind
70.0,SYNTH_016,8.224358339809656,6.08496053816765,0.17284383192462302,356.31540881586164,0.9656105123641346,crosswind
72.0,SYNTH_016,8.211062354780044,5.885062792020165,0.1742068631967593,356.22671088692755,0.9637586196698542,crosswind
74.0,SYNTH_016,8.250608921315287,5.681212091121608,0.175776889822516,356.1409131389612,0.9615916788813209,crosswind
76.0,SYNTH_016,8.248416159404083,5.473548602889252,0.17756144751139827,356.0580439340731,0.9591156912190818,crosswind
78.0,SYNTH_016,8.541649506980495,5.262214377520763,0.179567140242049,355.97813066628703,0.9563375137916061,crosswind
80.0,SYNTH_016,8.458952273676903,5.047353277849027,0.181799434281565,355.9011997524845,0.9532648406049092,crosswind
82.0,SYNTH_016,8.311438336533358,4.829110908301516,0.18426244712126782,355.82727662367193,0.9499061812544357,crosswind
84.0,SYNTH_016,8.505862027477173,4.607634543000017,0.1869587353351767,355.7563857165741,0.9462708373582138,crosswind
86.0,SYNTH_016,8.438486825327503,4.383073053035275,0.18988908586999445,355.6885504655559,0.9423688767965486,crosswind
88.0,SYNTH_016,8.602819861887733,4.155576832953898,0.1930523157051961,355.6237932948762,0.9382111058295926,crosswind
90.0,SYNTH_016,8.565654841392107,3.9252977264923175,0.1964450851564089,355.5621356112742,0.9338090391700183,crosswind
92.0,SYNTH_016,8.57224551642695,3.692388951595092,0.20006173031323848,355.50359779689376,0.9291748680936683,crosswind
94.0,SYNTH_016,8.348986549683241,3.45700502475529,0.20389412018446537,355.4481992025455,0.9243214266765034,crosswind
96.0,SYNTH_016,8.727577584478544,3.2193016847126614,0.20793154405242326,355.3959581413097,0.9192621562513518,crosswind
98.0,SYNTH_016,8.748057570751282,2.9794358155494365,0.21216063430152143,355.34689188248296,0.9140110681828939,crosswind
100.0,SYNTH_016,8.565069167102932,2.7375653692189985,0.21656532957515623,355.3010166458693,0.908582705063977,crosswind
102.0,SYNTH_016,8.77916135961549,2.4938492875490965,0.2211268825280393,355.2583475964185,0.9029921004407228,crosswind
104.0,SYNTH_016,8.751057806350191,2.248447423754726,0.22582391568071447,355.2188988392128,0.8972547371779671,crosswind
106.0,SYNTH_016,8.831733244732787,2.001520463501379,0.2306325279597159,355.1826834148044,0.8913865045803376,crosswind
108.0,SYNTH_016,8.777738898230595,1.7532298455578825,0.2355264534370561,355.14971329490464,0.8854036543877193,crosswind
110.0,SYNTH_016,8.71008167740606,1.503737682076462,0.24047727258968998,355.11999937842654,0.8793227557669746,crosswind
112.0,SYNTH_016,8.877976407010124,1.2532066785408347,0.24545467511256275,355.09355148788165,0.8731606494245695,crosswind
114.0,SYNTH_016,8.931135414657328,1.0018000534207658,0.2504267719725418,355.07037836613364,0.866934400967184,crosswind
116.0,SYNTH_016,8.93800154047609,0.7496814575742974,0.25536045302410976,355.0504876735074,0.8606612536394755,crosswind
118.0,SYNTH_016,9.12113267332247,0.49701489343533467,0.26022178516353556,355.0338859852574,0.8543585805698829,crosswind
120.0,SYNTH_016,9.12247953957719,0.24396463402808877,0.2649764447204694,355.020578789394,0.8480438366567253,crosswind
122.0,SYNTH_016,9.082001630609087,359.99069514184845,0.26959017661879126,355.01057048486894,0.8417345102278441,crosswind
124.0,SYNTH_016,9.118479828716673,359.73737098765076,0.2740292718247855,355.0038643801214,0.8354480746076623,crosswind
126.0,SYNTH_016,9.122581526493086,359.48415676918194,0.27826105377970295,355.0004626919846,0.8292019397257971,crosswind
128.0,SYNTH_016,9.170501760676046,359.23121702990164,0.2822543639199221,355.0003665449525,0.8230134039012391,crosswind
130.0,SYNTH_016,9.401846122610031,358.9787161777302,0.28598003604909755,355.0035759708083,0.8168996059356315,crosswind
132.0,SYNTH_016,9.443386400737053,358.7268184038621,0.28941134926289863,355.0100899086141,0.8108774776483241,crosswind
134.0,SYNTH_016,9.201715139447574,358.4756876016881,0.29252444934926614,355.0199062050613,0.804963696984652,crosswind
136.0,SYNTH_016,9.593376813511329,358.2254872858626,0.29529872909697896,355.0330216151827,0.799174641827305,crosswind
138.0,SYNTH_016,9.381946735874864,357.97638051155974,0.2977171587341698,355.0494318034248,0.7935263446387038,crosswind
140.0,SYNTH_016,9.407554118111074,357.7285297939555,0.2997665587677843,355.0691313450816,0.7880344480599966,crosswind
142.0,SYNTH_016,9.528286203438443,357.4820970279761,0.30143780877693604,355.09211372808727,0.7827141615896458,crosswind
144.0,SYNTH_016,9.766344181390071,357.2372434083539,0.30272598719122196,355.1183713551691,0.7775802194615781,crosswind
146.0,SYNTH_016,9.673214606545194,356.9941293500278,0.30363043871559303,355.1478955463588,0.7726468398395521,crosswind
148.0,SYNTH_016,9.830600677703858,356.7529144089295,0.304154767796882,355.1806765418623,0.7679276854407551,crosswind
150.0,SYNTH_016,9.932024754029682,356.51375720319356,0.3043067583102493,355.2167035052852,0.7634358256976762,crosswind
152.0,SYNTH_016,10.075307349476214,356.2768153348309,0.3040982214214223,355.2559645272156,0.7591837005630486,crosswind
154.0,SYNTH_016,10.36196655019866,356.0422453119036,0.3035447752976884,355.29844662916094,0.7551830860581012,crosswind
156.0,SYNTH_016,10.172894898529494,355.81020247124013,0.3026655619444471,355.344135767838,0.7514450616595303,crosswind
158.0,SYNTH_016,10.371069308045085,355.58084090172923,0.3014829078863005,355.3930168398153,0.7479799796155122,crosswind
160.0,SYNTH_016,10.366914313699798,355.3543133682296,0.3000219366497623,355.44507368650596,0.7447974362757354,crosswind
162.0,SYNTH_016,10.402918883017787,355.13077123613357,0.2983101420038655,355.5002890995091,0.7419062455148491,crosswind
164.0,SYNTH_016,10.494063691844982,354.9103643966217,0.2963769316491746,355.55864482629846,0.7393144143229347,crosswind
166.0,SYNTH_016,10.685960137409937,354.69324119264576,0.294253151498434,355.62012157625617,0.7370291206305963,crosswind
168.0,SYNTH_016,10.742859793889583,354.4795483456759,0.29197060085676857,355.6846990270495,0.735056693430087,crosswind
170.0,SYNTH_016,10.813159186669923,354.26943088324833,0.2895615486893854,355.7523558313489,0.7334025952475198,crosswind
172.0,SYNTH_016,10.833946818031073,354.06303206735015,0.28705826077304064,355.82306962388475,0.7320714070147106,crosswind
174.0,SYNTH_016,11.018876660966955,353.86049332367514,0.28449254688580583,355.8968170288408,0.7310668153825437,crosswind
176.0,SYNTH_016,11.10409129439329,353.6619541717873,0.2818953363271882,355.97357366758115,0.730391602511001,crosswind
178.0,SYNTH_016,11.135044249978398,353.46755215622443,0.2792962890129629,356.05331416670936,0.7300476383641256,crosswind
180.0,SYNTH_016,11.208352634524362,353.2774227785785,0.2767234481963533,356.136012166456,0.7300358755312621,crosswind
182.0,SYNTH_016,11.315211296644232,353.0916994305836,0.2742029395726057,356.22164032939247,0.7303563465889144,crosswind
184.0,SYNTH_016,11.008569405625492,352.91051332824617,0.2717587201719099,356.31017034946785,0.7310081640105257,crosswind
186.0,SYNTH_016,11.235178313850831,352.7339934470496,0.26941237907993476,356.40157296136607,0.7319895226244347,crosswind
188.0,SYNTH_016,11.151668284290002,352.5622664582656,0.26718299068780493,356.4958179501799,0.7332977046131962,crosswind
190.0,SYNTH_016,11.166359865712048,352.3954566664027,0.2650870199025127,356.59287416139955,0.7349290870404234,crosswind
192.0,SYNTH_016,11.050458066707101,352.2336859478239,0.26313827757823993,356.69270951121086,0.7368791518843067,crosswind
194.0,SYNTH_016,11.085397473201592,352.07707369056357,0.26134792338696483,356.79529099710163,0.7391424985500209,crosswind
196.0,SYNTH_016,10.945766340378656,351.9257367353724,0.2597245124549321,356.9005847087711,0.741712858826368,crosswind
198.0,SYNTH_016,11.137376096622496,351.77978931802096,0.2582740813653537,357.0085558393394,0.7445831142452357,crosswind
200.0,SYNTH_016,10.949720131950517,351.63934301288907,0.2570002685757454,357.1191686968542,0.7477453157957945,crosswind
202.0,SYNTH_016,10.983094141057384,351.5045066778698,0.2559044639227823,357.23238671608897,0.751190705938835,crosswind
204.0,SYNTH_016,10.764391711967455,351.3753864006146,0.2549859816846972,357.3481724706303,0.7549097428602803,crosswind
206.0,SYNTH_016,10.842009091197308,351.2520854461465,0.2542422516319039,357.4664876852502,0.7588921268967035,crosswind
208.0,SYNTH_016,10.717206178796728,351.1347042058671,0.25366902260700613,357.58729324855835,0.7631268290596643,crosswind
210.0,SYNTH_016,10.510329796716668,351.02334014798265,0.2532605734183171,357.7105492259317,0.7676021215798736,crosswind
212.0,SYNTH_016,10.357792496531752,350.91808776937376,0.25300992618643986,357.8362148727149,0.7723056103865893,crosswind
214.0,SYNTH_016,10.33338077472526,350.81903854893176,0.25290905772963296,357.96424864768983,0.7772242694322978,crosswind
216.0,SYNTH_016,10.234126489603554,350.7262809023862,0.25294910508813445,358.0946082268076,0.7823444767676195,crosswind
218.0,SYNTH_016,10.375215375051836,350.6399001386444,0.25312056184801196,358.22725051717964,0.7876520522665309,crosswind
220.0,SYNTH_016,10.055648982900301,350.5599784176653,0.2534134625100227,358.36213167132286,0.7931322968974257,crosswind
222.0,SYNTH_016,10.152116940572796,350.4865947098884,0.25381755273857454,358.49920710165424,0.798770033431255,crosswind
224.0,SYNTH_016,10.154426092799609,350.4198247572375,0.25432244390244774,358.6384314952303,0.8045496484740091,crosswind
226.0,SYNTH_016,10.00216181230851,350.3597410357191,0.2549177508672385,358.77975882872596,0.8104551357071341,crosswind
228.0,SYNTH_016,9.827966212045611,350.3064127196327,0.2555932125070388,358.92314238364867,0.8164701402161288,crosswind
230.0,SYNTH_016,9.656948492340554,350.2599056474126,0.25633879486002975,359.0685347617818,0.8225780037845614,crosswind
232.0,SYNTH_016,9.678208352850046,350.22028228911626,0.25714477725264806,359.2158879008534,0.828761811028061,crosswind
0.0,SYNTH_017,6.22888598614188,338.38095543855604,0.43164186305740354,341.93735554236264,1.15,changing_wind_current
2.0,SYNTH_017,6.242532577784763,338.307027471351,0.4306525797937205,341.83113859541754,1.1563128740005686,changing_wind_current
4.0,SYNTH_017,6.299787037170334,338.22656790752467,0.42970486649883527,341.7276220241318,1.1626082648519138,changing_wind_current
6.0,SYNTH_017,6.4114373479514715,338.13965598310693,0.4287998008018087,341.62684004791686,1.16886873782341,changing_wind_current
8.0,SYNTH_017,6.230027329710118,338.04637412034754,0.42793848949499075,341.5288259822107,1.1750769548875342,changing_wind_current
10.0,SYNTH_017,6.325488804568112,337.9468078870154,0.42712207914541095,341.4336122274648,1.1812157227365578,changing_wind_current
12.0,SYNTH_017,6.3924652734407985,337.84104595414453,0.4263517682872245,341.3412302584334,1.1872680403984448,changing_wind_current
14.0,SYNTH_017,6.256705364883121,337.7291800522477,0.4256288213085012,341.25171061376915,1.1932171463200862,changing_wind_current
16.0,SYNTH_017,6.2089349369055915,337.61130492601944,0.42495458412994397,341.1650828859278,1.1990465647874782,changing_wind_current
18.0,SYNTH_017,6.140029770093226,337.4875182875503,0.42433050175034204,341.08137571138576,1.2047401515542855,changing_wind_current
20.0,SYNTH_017,6.163437353785349,337.3579207680759,0.4237581377026689,341.0006167611741,1.2102821385524214,changing_wind_current
22.0,SYNTH_017,6.265021472637866,337.2226158682849,0.423239195424738,340.92283273173086,1.2156571775608267,changing_wind_current
24.0,SYNTH_017,6.430635192065666,337.081709907209,0.42277554149836377,340.84804933607654,1.2208503827115023,changing_wind_current
26.0,SYNTH_017,6.313788046913386,336.93531196972276,0.4223692306503214,340.77629129531374,1.225847371715084,changing_wind_current
28.0,SYNTH_017,6.185614350363706,336.7835338526758,0.422022532336585,340.7075823304553,1.2306343056917826,changing_wind_current
30.0,SYNTH_017,6.234902561548768,336.6264900096874,0.42173795864820407,340.64194515458297,1.2351979274973828,changing_wind_current
32.0,SYNTH_017,6.2002088851777275,336.46429749462834,0.4215182931829714,340.57940146533895,1.2395255984381588,changing_wind_current
34.0,SYNTH_017,6.062265829081743,336.29707590381895,0.4213666204224824,340.5199719377534,1.2436053332730233,changing_wind_current
36.0,SYNTH_017,6.3845339799037015,336.12494731697126,0.4212863550405431,340.46367621740995,1.2474258334059798,changing_wind_current
38.0,SYNTH_017,6.245129174187405,335.94803623690575,0.42128127044806046,340.4105329139514,1.2509765181769474,changing_wind_current
40.0,SYNTH_017,6.323308815144312,335.7664695280708,0.4213555257541314,340.36055959492796,1.2542475541643043,changing_wind_current
42.0,SYNTH_017,6.332147658481039,335.5803763538959,0.4215136901963491,340.3137727799901,1.2572298824179937,changing_wind_current
44.0,SYNTH_017,6.400242019756016,335.3898881130102,0.42176076396940837,340.2701879354273,1.2599152435477783,changing_wind_current
46.0,SYNTH_017,6.200491698152589,335.19513837435693,0.4221021942647054,340.22981946905577,1.262296200597155,changing_wind_current
48.0,SYNTH_017,6.400273049051827,334.99626281123597,0.4225438852302247,340.1926807254555,1.264366159639588,changing_wind_current
50.0,SYNTH_017,6.3224580766904666,334.79339913430744,0.42309220047561363,340.1587839815588,1.2661193880400174,changing_wind_current
52.0,SYNTH_017,6.246498690518569,334.5866870235895,0.423753956688437,340.12814044259227,1.267551030331069,changing_wind_current
54.0,SYNTH_017,6.282910910470955,334.37626805948315,0.42453640690089206,340.1007602383723,1.268657121659998,changing_wind_current
56.0,SYNTH_017,6.416382247660427,334.162285652859,0.42544721195851376,340.07665241995664,1.2694345987691251,changing_wind_current
58.0,SYNTH_017,6.444294087141121,333.9448849742398,0.42649439880011586,340.05582495665266,1.2698813084793574,changing_wind_current
60.0,SYNTH_017,6.4865929901805774,333.7242128821146,0.42768630426735205,340.03828473338245,1.2699960136532953,changing_wind_current
62.0,SYNTH_017,6.324753486087346,333.5004178504188,0.42903150332791123,340.02403754840714,1.269778396621416,changing_wind_current
64.0,SYNTH_017,6.2964291886878385,333.27364989521635,0.4305387208222807,340.0130881114103,1.2692290600618406,changing_wind_current
66.0,SYNTH_017,6.648122664285148,333.0440605006216,0.43221672613243123,340.0054400419407,1.2683495253312511,changing_wind_current
68.0,SYNTH_017,6.619358694597656,332.8118025439948,0.434074210521905,340.0010958682162,1.2671422282515794,changing_wind_current
70.0,SYNTH_017,6.598984719025616,332.5770302204503,0.4361196473085803,340.0000570262877,1.2656105123641346,changing_wind_current
72.0,SYNTH_017,6.587487428078877,332.3398989667142,0.4383611354992267,340.0023238595646,1.2637586196698543,changing_wind_current
74.0,SYNTH_017,6.552513131710088,332.1005653843683,0.4408062280314881,340.0078956187011,1.2615916788813208,changing_wind_current
76.0,SYNTH_017,6.645973944894554,331.85918716251945,0.4434617463239473,340.0167704618442,1.2591156912190817,changing_wind_current
78.0,SYNTH_017,6.636657482747697,331.61592299993134,0.4463335834153648,340.02894545524214,1.2563375137916062,changing_wind_current
80.0,SYNTH_017,6.744247025453708,331.3709325266582,0.44942649856431394,340.04441657421467,1.2532648406049092,changing_wind_current
82.0,SYNTH_017,6.805882260915067,331.12437622521827,0.452743906762063,340.06317870448316,1.2499061812544356,changing_wind_current
84.0,SYNTH_017,6.762844543725129,330.8764153513465,0.4562876671644782,340.08522564386135,1.2462708373582139,changing_wind_current
86.0,SYNTH_017,6.74223474861792,330.62721185436516,0.46005787495129175,340.1105501043057,1.2423688767965484,changing_wind_current
88.0,SYNTH_017,6.7556354349079415,330.3769282972123,0.46405266155086,340.1391437143242,1.2382111058295926,changing_wind_current
90.0,SYNTH_017,6.8824661325749865,330.12572777616737,0.4682680085031389,340.17099702174426,1.2338090391700183,changing_wind_current
92.0,SYNTH_017,6.928271048177621,329.8737738403125,0.47269758045157484,340.206099496837,1.2291748680936683,changing_wind_current
94.0,SYNTH_017,7.03323114373107,329.6212304107714,0.47733258283638347,340.2444395357981,1.2243214266765032,changing_wind_current
96.0,SYNTH_017,6.852302341210659,329.3682616997637,0.4821616497905799,340.28600446458364,1.2192621562513517,changing_wind_current
98.0,SYNTH_017,7.191603396640523,329.11503212951607,0.4871707675032796,340.33078054309976,1.2140110681828937,changing_wind_current
100.0,SYNTH_017,7.131573516389032,328.8617062510691,0.4923432379040817,340.37875296974494,1.208582705063977,changing_wind_current
102.0,SYNTH_017,7.110032705157367,328.6084486630211,0.4976596869351271,340.4299058863025,1.2029921004407227,changing_wind_current
104.0,SYNTH_017,7.15143074970187,328.35542393024815,0.5030981209171833,340.48422238318324,1.197254737177967,changing_wind_current
106.0,SYNTH_017,7.266888101798957,328.1027965026406,0.5086340335927882,340.5416845050151,1.1913865045803376,changing_wind_current
108.0,SYNTH_017,7.137606306896168,327.8507306338972,0.5142405653597327,340.60227325657854,1.185403654387719,changing_wind_current
110.0,SYNTH_017,7.22026221475681,327.5993903004146,0.519888715015123,340.66596860908606,1.1793227557669745,changing_wind_current
112.0,SYNTH_017,7.251570682395196,327.3489391203156,0.5255476030432379,340.7327495068028,1.1731606494245694,changing_wind_current
114.0,SYNTH_017,7.204355523905435,327.0995402726527,0.5311847841340901,340.80259387400713,1.166934400967184,changing_wind_current
116.0,SYNTH_017,7.3651039853531985,326.85135641682956,0.5367666052531922,340.875478622288,1.1606612536394754,changing_wind_current
118.0,SYNTH_017,7.571246273440075,326.6045496122786,0.5422586042388722,340.9513796581776,1.1543585805698828,changing_wind_current
120.0,SYNTH_017,7.305187785438319,326.35928123843473,0.5476259426257232,341.03027189111555,1.1480438366567254,changing_wind_current
122.0,SYNTH_017,7.7064958814158535,326.11571191504544,0.5528338652256644,341.1121292417433,1.141734510227844,changing_wind_current
124.0,SYNTH_017,7.533649375421128,325.87400142285543,0.5578481779843418,341.1969246505251,1.1354480746076623,changing_wind_current
126.0,SYNTH_017,7.44362414213931,325.6343086247059,0.5626357348095998,341.284630086693,1.129201939725797,changing_wind_current
128.0,SYNTH_017,7.548886120778587,325.39679138708675,0.5671649234749077,341.3752165575133,1.123013403901239,changing_wind_current
130.0,SYNTH_017,7.669206516411503,325.1616065021813,0.5714061403618207,341.46865411787,1.1168996059356315,changing_wind_current
132.0,SYNTH_017,7.795992606487117,324.92890961044134,0.5753322437417733,341.56491188016435,1.110877477648324,changing_wind_current
134.0,SYNTH_017,7.764223020936684,324.69885512373037,0.5789189755198427,341.66395802452513,1.104963696984652,changing_wind_current
136.0,SYNTH_017,7.716959632503551,324.4715961490743,0.5821453418729935,341.76575980932716,1.099174641827305,changing_wind_current
138.0,SYNTH_017,7.82789548252834,324.24728441305604,0.5849939440041729,341.870283582015,1.0935263446387038,changing_wind_current
140.0,SYNTH_017,7.79820468819851,324.026070186892,0.5874512512829948,341.9774947902273,1.0880344480599966,changing_wind_current
142.0,SYNTH_017,7.952950287572105,323.80810221222697,0.5895078103257181,342.08735799321863,1.0827141615896458,changing_wind_current
144.0,SYNTH_017,7.977221909228516,323.59352762768447,0.5911583850453495,342.19983687357524,1.077580219461578,changing_wind_current
146.0,SYNTH_017,8.114344717279382,323.382491896209,0.5924020243332455,342.3148942492206,1.0726468398395521,changing_wind_current
148.0,SYNTH_017,8.027868884394444,323.17513873323503,0.5932420557671043,342.43249208570626,1.0679276854407551,changing_wind_current
150.0,SYNTH_017,8.104469050435224,322.97161003571955,0.5936860055234112,342.55259150878544,1.0634358256976761,changing_wind_current
152.0,SYNTH_017,8.217507060556033,322.7720458120723,0.5937454464500306,342.6751528172632,1.0591837005630484,changing_wind_current
154.0,SYNTH_017,8.382981621208868,322.57658411301895,0.5934357779717303,342.8001354961207,1.0551830860581013,changing_wind_current
156.0,SYNTH_017,8.361851987867485,322.3853609634301,0.5927759431052878,342.92749822990794,1.0514450616595301,changing_wind_current
158.0,SYNTH_017,8.440211809377208,322.19851029515195,0.5917880893030083,343.0571989164018,1.0479799796155123,changing_wind_current
160.0,SYNTH_017,8.458497323313985,322.0161638808694,0.5904971810816058,343.1891946805234,1.0447974362757353,changing_wind_current
162.0,SYNTH_017,8.579212638246382,321.838451269036,0.5889305733926061,343.3234418885115,1.0419062455148491,changing_wind_current
164.0,SYNTH_017,8.753341348616827,321.6654997199018,0.5871175554246711,343.45989616234635,1.0393144143229347,changing_wind_current
166.0,SYNTH_017,8.924645114318018,321.4974341426716,0.5850888749809856,343.59851239441963,1.0370291206305962,changing_wind_current
168.0,SYNTH_017,8.831794568591372,321.334377033824,0.5828762537395415,343.739244762446,1.0350566934300869,changing_wind_current
170.0,SYNTH_017,8.977051231522427,321.17644841662144,0.5805119035842045,343.8820467446102,1.0334025952475199,changing_wind_current
172.0,SYNTH_017,9.061305732676644,321.0237657818423,0.5780280538027746,344.0268711349458,1.0320714070147106,changing_wind_current
174.0,SYNTH_017,8.963318419747425,320.87644402976287,0.5754564983065376,344.1736700589402,1.0310668153825437,changing_wind_current
176.0,SYNTH_017,8.846512340204272,320.73459541341896,0.5728281711633367,344.32239498936036,1.030391602511001,changing_wind_current
178.0,SYNTH_017,9.168071104765946,320.5983294831744,0.5701727576885127,344.4729967622944,1.0300476383641255,changing_wind_current
180.0,SYNTH_017,9.079966772481031,320.46775303262456,0.5675183471453512,344.62542559340375,1.030035875531262,changing_wind_current
182.0,SYNTH_017,8.895007980212688,320.34297004586074,0.5648911318121008,344.7796310943803,1.0303563465889143,changing_wind_current
184.0,SYNTH_017,9.112978489167816,320.22408164612244,0.5623151558205436,344.9355622896033,1.0310081640105255,changing_wind_current
186.0,SYNTH_017,9.043052413734529,320.11118604586136,0.5598121158054328,345.0931676329902,1.0319895226244347,changing_wind_current
188.0,SYNTH_017,9.085216516448286,320.0043784982442,0.5574012140666795,345.2523950250362,1.0332977046131961,changing_wind_current
190.0,SYNTH_017,9.011542277937536,319.90375125011553,0.5550990636753571,345.4131918300371,1.0349290870404233,changing_wind_current
192.0,SYNTH_017,8.919837035787797,319.80939349644564,0.5529196437840803,345.5755048934886,1.0368791518843066,changing_wind_current
194.0,SYNTH_017,8.733194928057243,319.7213913362857,0.5508743023602358,345.7392805596577,1.0391424985500208,changing_wind_current
196.0,SYNTH_017,8.960638523068834,319.63982773025134,0.5489718026687513,345.90446468931987,1.0417128588263678,changing_wind_current
198.0,SYNTH_017,8.888068663894517,319.56478245955617,0.5472184091048999,346.07100267765554,1.0445831142452358,changing_wind_current
200.0,SYNTH_017,8.843016283388982,319.49633208661504,0.5456180074256787,346.23883947230087,1.0477453157957943,changing_wind_current
202.0,SYNTH_017,8.684730772247518,319.43454991723735,0.5441722540528022,346.4079195915464,1.0511907059388348,changing_wind_current
0.0,SYNTH_018,1.4109430307486899,210.59290356089838,0.05850104663978062,28.08055280609213,0.25,calm
2.0,SYNTH_018,1.4356034942388667,210.36225227085384,0.059760381718408716,28.212952977685887,0.2563128740005687,calm
4.0,SYNTH_018,1.6818205654797724,210.12899256851406,0.06105385233125239,28.34759673937993,0.2626082648519139,calm
6.0,SYNTH_018,1.5066163591477306,209.8932791436624,0.06238070669394366,28.484439582065995,0.26886873782341003,calm
8.0,SYNTH_018,1.6428867479889022,209.65526789774708,0.0637402297472141,28.623436269686895,0.27507695488753425,calm
10.0,SYNTH_018,1.611022858712656,209.4151158668962,0.06513175525540994,28.764540854190226,0.28121572273655804,calm
12.0,SYNTH_018,1.5986485840392188,209.17298114437196,0.0665546794786764,28.907706690717347,0.287268040398445,calm
14.0,SYNTH_018,1.5893599363429316,208.92902280250337,0.06800847653089084,29.05288645302276,0.2932171463200863,calm
16.0,SYNTH_018,1.677048493844782,208.68340081413507,0.06949271551972977,29.200032149118748,0.2990465647874783,calm
18.0,SYNTH_018,1.779444717663702,208.43627597363178,0.07100707954248363,29.349095137139994,0.30474015155428547,calm
20.0,SYNTH_018,1.8634191021928663,208.18780981747688,0.07255138658034309,29.500026141423138,0.3102821385524215,calm
22.0,SYNTH_018,1.8214954785472737,207.9381645445045,0.0741256122938986,29.652775268795814,0.3156571775608268,calm
24.0,SYNTH_018,1.7893695831433007,207.68750293580484,0.07572991467263576,29.807292025069763,0.32085038271150235,calm
26.0,SYNTH_018,1.7945797972992692,207.43598827434155,0.07736466043056904,29.963525331732708,0.325847371715084,calm
28.0,SYNTH_018,1.889842614399531,207.18378426432164,0.07903045296835647,30.12142354283332,0.33063430569178254,calm
30.0,SYNTH_018,2.2005576431009763,206.93105495035707,0.08072816163912822,30.280934462053793,0.335197927497383,calm
32.0,SYNTH_018,1.9246397937192012,206.67796463645854,0.08245895196107399,30.442005359964377,0.33952559843815877,calm
34.0,SYNTH_018,2.071440258323395,206.42467780490097,0.08422431631529405,30.604582991454073,0.3436053332730233,calm
36.0,SYNTH_018,1.9802093666052958,206.171359035001,0.08602610455379234,30.76861361333188,0.34742583340597977,calm
38.0,SYNTH_018,1.9877918203410434,205.91817292184672,0.08786655382168533,30.934043002092608,0.3509765181769476,calm
40.0,SYNTH_018,2.290752438075553,205.66528399501934,0.08974831677230101,31.100816471841526,0.3542475541643043,calm
42.0,SYNTH_018,2.2222641969045966,205.41285663734752,0.09167448722716051,31.26887889237188,0.3572298824179939,calm
44.0,SYNTH_018,2.1746141813861772,205.16105500373376,0.09364862220892313,31.438174707389198,0.3599152435477785,calm
46.0,SYNTH_018,2.2381745945149376,204.91004294009397,0.09567475915900583,31.608647952876517,0.3622962005971551,calm
48.0,SYNTH_018,2.1815083615986515,204.65998390244874,0.09775742704820758,31.780242275594414,0.3643661596395882,calm
50.0,SYNTH_018,2.3199610504337462,204.41104087620815,0.0999016500043019,31.952900951709598,0.36611938804001765,calm
52.0,SYNTH_018,2.3101532382897823,204.16337629568807,0.10211294202167114,32.12656690554615,0.3675510303310692,calm
54.0,SYNTH_018,2.279806841319162,203.91715196389913,0.10439729129137224,32.30118272845291,0.36865712165999803,calm
56.0,SYNTH_018,2.3269827124134257,203.67252897264737,0.10676113270229529,32.47669069778107,0.36943459876912527,calm
58.0,SYNTH_018,2.3639628249614875,203.42966762298585,0.10921130712181722,32.65303279596556,0.3698813084793575,calm
60.0,SYNTH_018,2.4874258182016904,203.18872734605702,0.11175500617351913,32.830150729703746,0.3699960136532955,calm
62.0,SYNTH_018,2.435967717147091,202.9498666243644,0.11439970139518915,33.007985949225585,0.3697783966214161,calm
64.0,SYNTH_018,2.562398458590271,202.71324291351303,0.11715305688628407,33.186479667648236,0.3692290600618406,calm
66.0,SYNTH_018,2.48832344512867,202.47901256445658,0.12002282484246629,33.365572880409275,0.3683495253312512,calm
68.0,SYNTH_018,2.6580714114255772,202.2473307462904,0.12301672372599151,33.54520638477183,0.3671422282515795,calm
70.0,SYNTH_018,2.4353468186812934,202.01835136962777,0.12614229923254303,33.72532079939512,0.36561051236413467,calm
72.0,SYNTH_018,2.6865118458977855,201.79222701059786,0.12940676868297746,33.90585658396413,0.36375861966985423,calm
74.0,SYNTH_018,2.699152075674623,201.56910883550273,0.13281684998500326,34.0867540588719,0.3615916788813209,calm
76.0,SYNTH_018,2.630352213665759,201.34914652617016,0.13637857686485547,34.26795342494763,0.3591156912190818,calm
78.0,SYNTH_018,2.6421300627761983,201.13248820603988,0.14009710264950484,34.44939478322458,0.35633751379160616,calm
80.0,SYNTH_018,2.582195134166538,200.9192803670191,0.14397649547009878,34.63101815474079,0.35326484060490926,calm
82.0,SYNTH_018,2.504401656768213,200.7096677971439,0.14801952833899032,34.81276350036628,0.3499061812544357,calm
84.0,SYNTH_018,2.6788037080418365,200.50379350908193,0.1522274681056698,34.994570740650175,0.3462708373582139,calm
86.0,SYNTH_018,2.85666252541641,200.30179866951153,0.1565998677995159,35.176379775681106,0.34236887679654854,calm
88.0,SYNTH_018,2.8209673392577783,200.10382252941307,0.16113436729709502,35.35813050495442,0.33821110582959263,calm
90.0,SYNTH_018,2.4169098915627707,199.91000235530547,0.16582650758637613,35.539762847239565,0.33380903917001836,calm
92.0,SYNTH_018,2.8201454985365846,199.72047336146332,0.17066956411823198,35.7212167604411,0.32917486809366836,calm
94.0,SYNTH_018,2.834614935410649,199.53536864314697,0.1756544048174039,35.902432261446805,0.32432142667650343,calm
96.0,SYNTH_018,2.899445020291336,199.35481911087936,0.18076937825403622,36.0833494459562,0.3192621562513518,calm
98.0,SYNTH_018,2.77803024945716,199.17895342580132,0.18600023724007445,36.26390850828312,0.3140110681828939,calm
100.0,SYNTH_018,2.7728108749275866,199.00789793613794,0.1913301027041466,36.444049761125676,0.30858270506397706,calm
102.0,SYNTH_018,2.752676517983958,198.84177661480692,0.1967394721113681,36.62371365529696,0.30299210044072283,calm
104.0,SYNTH_018,2.870401478473545,198.68071099819986,0.20220627593429802,36.80284079941026,0.2972547371779671,calm
106.0,SYNTH_018,2.7192221378524986,198.52482012616687,0.20770598475799595,36.981371979512026,0.2913865045803377,calm
108.0,SYNTH_018,2.9414393201246787,198.3742204832337,0.213211768532407,37.159248178656135,0.2854036543877193,calm
110.0,SYNTH_018,2.759295611312229,198.22902594108106,0.2186947082923022,37.33641059641319,0.27932275576697463,calm
112.0,SYNTH_018,2.700851895373589,198.08934770231392,0.22412405937800667,37.51280066830802,0.2731606494245696,calm
114.0,SYNTH_018,2.833772509724328,197.9552942455489,0.22946756384388278,37.68836008517941,0.26693440096718407,calm
116.0,SYNTH_018,2.786086308356348,197.8269712718468,0.23469180837515527,37.86303081245527,0.2606612536394755,calm
118.0,SYNTH_018,2.840345056092988,197.70448165251668,0.23976262268955098,38.03675510933709,0.2543585805698829,calm
120.0,SYNTH_018,2.751866929539911,197.58792537831738,0.2446455121224958,38.20947554788732,0.24804383665672539,calm
122.0,SYNTH_018,2.6207292361550447,197.4773995100812,0.24930611692754057,38.38113503201323,0.2417345102278441,calm
124.0,SYNTH_018,2.835843061726559,197.37299813078496,0.25371068980997524,38.55167681634118,0.23544807460766237,calm
126.0,SYNTH_018,2.710681645623121,197.2748122990907,0.2578265823906222,38.721044524974886,0.22920193972579717,calm
128.0,SYNTH_018,2.598721690939344,197.18293000438078,0.2616227307029954,38.889182170131576,0.22301340390123914,calm
130.0,SYNTH_018,2.82752021007825,197.0974361233077,0.2650701294882317,39.05603417064981,0.21689960593563157,calm
132.0,SYNTH_018,2.658408338369187,197.01841237788176,0.2681422849884611,39.22154537036295,0.2108774776483241,calm
134.0,SYNTH_018,2.7655985270539496,196.94593729511593,0.2708156361616503,39.3856610563321,0.204963696984652,calm
136.0,SYNTH_018,2.5823909824153226,196.88008616824882,0.273069934750863,39.548326976932444,0.1991746418273051,calm
138.0,SYNTH_018,2.6991764925917203,196.82093101956434,0.27488857542977224,39.709489359787334,0.19352634463870377,calm
140.0,SYNTH_018,2.652017027568042,196.76854056482654,0.27625886829565616,39.869094929543635,0.18803444805999658,calm
142.0,SYNTH_018,2.679559466570192,196.72298017934733,0.277172247263115,40.027090925483016,0.18271416158964587,calm
144.0,SYNTH_018,2.696398163520558,196.68431186570376,0.27762440938989863,40.18342511896301,0.1775802194615781,calm
146.0,SYNTH_018,2.9592144362925925,196.65259422312064,0.2776153817968087,40.33804583068219,0.17264683983955215,calm
148.0,SYNTH_018,2.8153701001423554,196.62788241853386,0.2771495145771905,40.49090194776379,0.16792768544075515,calm
150.0,SYNTH_018,2.6891350646197836,196.61022815934868,0.2762353998747287,40.64194294065202,0.16343582569767617,calm
152.0,SYNTH_018,2.791781954780517,196.59967966790606,0.2748857190859213,40.791118879815656,0.15918370056304862,calm
154.0,SYNTH_018,2.7895563648661135,196.59628165767032,0.2731170218607275,40.93838045225313,0.15518308605810127,calm
156.0,SYNTH_018,2.7125763658737982,196.60007531114928,0.2709494421787783,41.083678977793966,0.1514450616595303,calm
158.0,SYNTH_018,3.031222032335048,196.61109825955793,0.2684063582207471,41.22696642519095,0.1479799796155123,calm
160.0,SYNTH_018,2.9234389762688613,196.62938456423618,0.26551400399262176,41.36819542799775,0.1447974362757354,calm
162.0,SYNTH_018,2.8265915268283104,196.6549646998287,0.26230104165986096,41.50731930022684,0.14190624551484915,calm
164.0,SYNTH_018,2.8963626993482845,196.6878655392368,0.25879810428267763,41.644292051782486,0.13931441432293468,calm
166.0,SYNTH_018,3.06706246594017,196.728110340348,0.2550373190964621,41.77906840366359,0.13702912063059636,calm
168.0,SYNTH_018,2.9636642238749333,196.77571873455145,0.25105182164607603,41.91160380293163,0.13505669343008692,calm
170.0,SYNTH_018,3.180365501149538,196.83070671704357,0.24687527096282053,42.04185443743844,0.1334025952475199,calm
172.0,SYNTH_018,3.2444201681373306,196.89308663892965,0.2425413755812323,42.16977725030919,0.13207140701471065,calm
174.0,SYNTH_018,3.200847104375803,196.96286720112477,0.23808343955116856,42.295329954175656,0.13106681538254378,calm
176.0,SYNTH_018,3.1465192044729964,197.0400534500572,0.2335339367381969,42.41847104515514,0.130391602511001,calm
178.0,SYNTH_018,3.123715388840335,197.12464677517653,0.22892412065764234,42.53915981657039,0.13004763836412556,calm
180.0,SYNTH_018,3.1731269487019342,197.21664490826728,0.22428367589495962,42.657356372405964,0.13003587553126217,calm
182.0,SYNTH_018,3.3589186185197097,197.31604192456936,0.21964041587053496,42.77302164049665,0.13035634658891435,calm
184.0,SYNTH_018,2.9705935704009727,197.4228282457035,0.21502003035496614,42.886117385443534,0.1310081640105257,calm
186.0,SYNTH_018,3.1325161674330255,197.53699064440102,0.2104458847752121,42.996606221253415,0.13198952262443475,calm
188.0,SYNTH_018,3.2574847651503385,197.65851225103594,0.2059388720145939,43.104451623697514,0.13329770461319618,calm
190.0,SYNTH_018,3.1195910465310397,197.78737256195487,0.20151731613882412,43.209617942385236,0.1349290870404234,calm
192.0,SYNTH_018,3.0816139422755433,197.92354744960215,0.19719692630975116,43.312070412549126,0.13687915188430677,calm
194.0,SYNTH_018,2.9417181281542386,198.06700917443413,0.19299079810643313,43.41177516653701,0.13914249855002092,calm
196.0,SYNTH_018,2.90064845732567,198.21772639861706,0.18890945858138247,43.50869924500762,0.14171285882636797,calm
198.0,SYNTH_018,2.612581370405564,198.37566420150202,0.18496095065364096,43.602810607825944,0.14458311424523573,calm
200.0,SYNTH_018,2.8929055475212584,198.540784096869,0.18115095188840252,43.69407814465472,0.14774531579579453,calm
202.0,SYNTH_018,2.6466596743071356,198.7130440519315,0.17748292233740393,43.78247168523852,0.151190705938835,calm
204.0,SYNTH_018,2.441938610043011,198.89239850809278,0.17395827591146695,43.867962009377194,0.15490974286028036,calm
206.0,SYNTH_018,2.721123469307277,199.07879840344293,0.17057656971725244,43.950520856585094,0.15889212689670346,calm
208.0,SYNTH_018,2.473769481104358,199.272191196986,0.16733570590078634,44.03012093543316,0.16312682905966436,calm
210.0,SYNTH_018,2.2016676638512265,199.4725208945851,0.16423214078329995,44.10673593257064,0.1676021215798737,calm
212.0,SYNTH_018,2.198111121046939,199.67972807661258,0.16126109643036984,44.18034052142348,0.17230561038658934,calm
214.0,SYNTH_018,1.9328140815457362,199.8937499272921,0.15841677024153217,44.25091037056647,0.17722426943229785,calm
216.0,SYNTH_018,2.029532326724448,200.1145202657172,0.15569253866201066,44.31842215176654,0.1823444767676195,calm
218.0,SYNTH_018,1.905590082337564,200.34196957853212,0.15308115167860503,44.382853547694296,0.18765205226653092,calm
220.0,SYNTH_018,1.7905650074882133,200.5760250542578,0.15057491534671683,44.444183259301475,0.19313229689742573,calm
222.0,SYNTH_018,1.8870038459886522,200.81661061924675,0.14816586018510639,44.502391012861764,0.19877003343125493,calm
224.0,SYNTH_018,1.6189539281389442,201.06364697524884,0.14584589385155383,44.55745756667268,0.20454964847400914,calm
226.0,SYNTH_018,1.5396261256822839,201.31705163856915,0.14360693706090877,44.60936471741624,0.21045513570713414,calm
228.0,SYNTH_018,1.603343069175899,201.57673898079906,0.14144104221457232,44.65809530617648,0.2164701402161289,calm
230.0,SYNTH_018,1.3695138248955967,201.8426202711001,0.13934049466762508,44.703633224111634,0.22257800378456138,calm
232.0,SYNTH_018,1.36691533089633,202.11460372002,0.1372978969598023,44.745963417779244,0.22876181102806104,calm
234.0,SYNTH_018,1.4962983647621997,202.39259452481872,0.1353062366752353,44.78507189411234,0.23500443624052336,calm
236.0,SYNTH_018,1.4221430165443507,202.67649491628288,0.13335893887174938,44.82094572504515,0.2412885908227898,calm
238.0,SYNTH_018,1.3609516919955709,202.9662042070047,0.13144990423418582,44.8535730517867,0.24759687116244952,calm
240.0,SYNTH_018,1.3371077125786985,203.26161884110232,0.1295735342602333,44.88294308874098,0.25391180683216424,calm
242.0,SYNTH_018,1.394374890073188,203.56263244535626,0.1277247448857134,44.90904612707233,0.2602159089730339,calm
244.0,SYNTH_018,1.2272920794074313,203.86913588173726,0.12589897000442615,44.931873537914896,0.26649171872900707,calm
246.0,SYNTH_018,1.2958544932509164,204.18101730129948,0.12409215634162714,44.951417775225025,0.2727218555981992,calm
248.0,SYNTH_018,1.131414601464262,204.49816219941212,0.12230075110655114,44.967672378275815,0.2788890655672156,calm
250.0,SYNTH_018,1.1855616103491031,204.8204534723028,0.1205216837848982,44.980631973792796,0.28497626889516936,calm
252.0,SYNTH_018,0.9999636800914908,205.14777147488394,0.11875234334353574,44.99029227773018,0.29096660741506314,calm
0.0,SYNTH_019,8.542887469209742,0.6485923544057073,0.17815546875264454,358.02295649156946,0.85,crosswind
2.0,SYNTH_019,8.402963857346696,0.4184274393768419,0.17940540673788088,358.15435448056337,0.8563128740005687,crosswind
4.0,SYNTH_019,8.57328425271413,0.18562637237050694,0.18068977001311506,358.28801543052793,0.8626082648519139,crosswind
6.0,SYNTH_019,8.575309817920635,359.9503436166925,0.1820078142280346,358.4238951572423,0.86886873782341,crosswind
8.0,SYNTH_019,8.383897041885152,359.71273486112386,0.18335883151483928,358.5619487430261,0.8750769548875342,crosswind
10.0,SYNTH_019,8.548586530677275,359.4729569430401,0.18474216258088574,358.7021305515875,0.881215722736558,crosswind
12.0,SYNTH_019,8.59339713934425,359.23116777096413,0.18615721037520477,358.84439424310926,0.887268040398445,crosswind
14.0,SYNTH_019,8.632073384717883,358.9875262465896,0.18760345544097423,358.98869278956755,0.8932171463200863,crosswind
16.0,SYNTH_019,8.768951202498567,358.7421921863146,0.18908047305033815,359.13497849027755,0.8990465647874784,crosswind
18.0,SYNTH_019,8.880138688928135,358.49532624232296,0.1905879521951896,359.2832029876622,0.9047401515542854,crosswind
20.0,SYNTH_019,8.669618255250153,358.2470898232532,0.1921257164766454,359.4333172832374,0.9102821385524215,crosswind
22.0,SYNTH_019,8.773778063951067,357.9976450144937,0.19369374689595836,359.5852717538097,0.9156571775608268,crosswind
24.0,SYNTH_019,8.980253508009483,357.747154498144,0.19529220649965312,359.73901616788015,0.9208503827115023,crosswind
26.0,SYNTH_019,8.86705780284941,357.4957814726814,0.1969214667710319,359.8944997022491,0.925847371715084,crosswind
28.0,SYNTH_019,8.860060473202054,357.24368957237186,0.19858213558839638,0.05167095881705297,0.9306343056917825,crosswind
30.0,SYNTH_019,8.84222678032578,356.99104278646683,0.2002750864872211,0.210477981575095,0.935197927497383,crosswind
32.0,SYNTH_019,9.01558838143178,356.73800537822416,0.20200148886932703,0.370868273780129,0.9395255984381587,crosswind
34.0,SYNTH_019,8.802123244412094,356.4847418037936,0.20376283869756248,0.5327888153085709,0.9436053332730233,crosswind
36.0,SYNTH_019,8.95285160338318,356.23141663100716,0.2055609891008725,0.6961860801832618,0.9474258334059797,crosswind
38.0,SYNTH_019,9.042805248460825,355.9781944581148,0.207398180193833,0.8610060542674587,0.9509765181769476,crosswind
40.0,SYNTH_019,9.13691237081098,355.7252398325043,0.20927706728932563,1.0271942531202818,0.9542475541643043,crosswind
42.0,SYNTH_019,9.258505335217203,355.47271716944675,0.21120074655634863,1.1946957400076252,0.9572298824179939,crosswind
44.0,SYNTH_019,9.24706369355144,355.2207906709072,0.2131727770510457,1.3634551440625158,0.9599152435477785,crosswind
46.0,SYNTH_019,9.253769270490933,354.9696242444606,0.21519719793266565,1.5334166785890484,0.9622962005971551,crosswind
48.0,SYNTH_019,9.25262713241218,354.719381422353,0.21727853957278423,1.7045241595037872,0.9643661596395882,crosswind
50.0,SYNTH_019,9.376098944045761,354.47022528074854,0.2194218271817537,1.8767210239084484,0.9661193880400176,crosswind
52.0,SYNTH_019,9.326148373220565,354.2223183592008,0.22163257551745316,2.0499503487879265,0.9675510303310692,crosswind
54.0,SYNTH_019,9.12249711105597,353.9758225803903,0.22391677321473108,2.2241548698272466,0.9686571216599981,crosswind
56.0,SYNTH_019,9.543713733682662,353.73089917016523,0.22628085528620173,2.399277000341419,0.9694345987691253,crosswind
58.0,SYNTH_019,9.370735781244207,353.48770857792766,0.22873166240279785,2.5752588503118594,0.9698813084793575,crosswind
60.0,SYNTH_019,9.458910357724012,353.2464103974023,0.2312763856716483,2.752042245523001,0.9699960136532955,crosswind
62.0,SYNTH_019,9.54567522211964,353.00716328782806,0.23392249579450233,2.9295687467929774,0.9697783966214161,crosswind
64.0,SYNTH_019,9.441955991818924,352.77012489561065,0.23667765571587399,3.1077796692917676,0.9692290600618406,crosswind
66.0,SYNTH_019,9.67147119253108,352.53545177647646,0.23954961615852163,3.2866161019406315,0.9683495253312512,crosswind
68.0,SYNTH_019,9.49286225127393,352.30329931816374,0.2425460937950378,3.4660189268863384,0.9671422282515795,crosswind
70.0,SYNTH_019,9.490186500786361,352.0738216636909,0.24567463221614447,3.645928839043664,0.9656105123641346,crosswind
72.0,SYNTH_019,9.465044437167505,351.8471716352403,0.24894244632415705,3.8262863656998674,0.9637586196698542,crosswind
74.0,SYNTH_019,9.657427339526048,351.62350065869305,0.252356251296637,4.007031886174574,0.9615916788813209,crosswind
76.0,SYNTH_019,9.6739084523717,351.40295868885414,0.2559220778202952,4.188105651528499,0.9591156912190818,crosswind
78.0,SYNTH_019,9.80969061478486,351.18569413540354,0.25964507587568203,4.369447804314641,0.9563375137916061,crosswind
80.0,SYNTH_019,9.58619801893223,350.9718537896107,0.26352930994336,4.55099839836535,0.9532648406049092,crosswind
82.0,SYNTH_019,9.68175421920684,350.76158275184775,0.2675775490839125,4.73269741860864,0.9499061812544357,crosswind
84.0,SYNTH_019,9.791634102716847,350.55502435993844,0.2717910558971014,4.914484800907399,0.9462708373582138,crosswind
86.0,SYNTH_019,9.701915494075276,350.3523201183762,0.2761693788680867,5.096300451914695,0.9423688767965486,crosswind
88.0,SYNTH_019,9.66124607018439,350.15360962844886,0.2807101530384353,5.278084268938829,0.9382111058295926,crosswind
90.0,SYNTH_019,9.670929384008472,349.95903051930253,0.285408914274283,5.459776159811468,0.9338090391700183,crosswind
92.0,SYNTH_019,9.651650858350251,349.76871837997885,0.29025893262201574,5.641316062752217,0.9291748680936683,crosswind
94.0,SYNTH_019,9.728157782930422,349.58280669246096,0.2952510703236465,5.822643966223277,0.9243214266765034,crosswind
96.0,SYNTH_019,9.758308963052135,349.40142676575863,0.30037366999298815,6.003699928767359,0.9192621562513518,crosswind
98.0,SYNTH_019,9.769918252423814,349.2247076710672,0.3056124782169134,6.184424098822528,0.9140110681828939,crosswind
100.0,SYNTH_019,9.895163793210921,349.05277617803114,0.31095060943531816,6.364756734507319,0.908582705063977,crosswind
102.0,SYNTH_019,9.766974468326499,348.8857566921447,0.3163685543662222,6.544638223369526,0.9029921004407228,crosswind
104.0,SYNTH_019,9.952943176366643,348.72377119331935,0.3218442364822333,6.72400910209228,0.8972547371779671,crosswind
106.0,SYNTH_019,9.681864142446019,348.5669391756491,0.3273531191213178,6.902810076150827,0.8913865045803376,crosswind
108.0,SYNTH_019,9.957055517482388,348.41537758840406,0.3328683647451015,7.080982039413424,0.8854036543877193,crosswind
110.0,SYNTH_019,9.774666691649987,348.2692007782796,0.3383610466649221,7.2584660936800915,0.8793227557669746,crosswind
112.0,SYNTH_019,9.708638323826735,348.1285204329313,0.34380041226886215,7.435203568152479,0.8731606494245695,crosswind
114.0,SYNTH_019,9.860105621017315,347.9934455258227,0.34915419543672316,7.611136038828713,0.866934400967184,crosswind
116.0,SYNTH_019,9.765775783205534,347.86408226241406,0.3543889744635236,7.786205347816518,0.8606612536394755,crosswind
118.0,SYNTH_019,9.692231045442092,347.7405340277164,0.3594705704679869,7.960353622558464,0.8543585805698829,crosswind
120.0,SYNTH_019,9.709792729917694,347.62290133524016,0.36436447998475824,8.133523294962892,0.8480438366567253,crosswind
122.0,SYNTH_019,9.685805340460893,347.5112817773603,0.3690363342720136,8.305657120434113,0.8417345102278441,crosswind
124.0,SYNTH_019,9.723624904197564,347.4057699771251,0.3734523768524167,8.476698196795734,0.8354480746076623,crosswind
126.0,SYNTH_019,9.623578539980587,347.30645754153005,0.3775799499844083,8.646589983100824,0.8292019397257971,crosswind
128.0,SYNTH_019,9.763058152076233,347.2134330162822,0.38138798016700687,8.815276318322546,0.8230134039012391,crosswind
130.0,SYNTH_019,9.653511098541387,347.1267818420753,0.3848474524425232,8.98270143991932,0.8168996059356315,crosswind
132.0,SYNTH_019,9.979286232658088,347.0465863123989,0.38793186319784734,9.14881000226822,0.8108774776483241,crosswind
134.0,SYNTH_019,9.780580164721885,346.9729255329012,0.3906176413873367,9.313547094960512,0.804963696984652,crosswind
136.0,SYNTH_019,9.574723254350891,346.9058753823257,0.3928845286102419,9.476858260953367,0.799174641827305,crosswind
138.0,SYNTH_019,9.71949604207384,346.84550847504255,0.39471590926449945,9.638689514571723,0.7935263446387038,crosswind
140.0,SYNTH_019,9.850485820704703,346.7918941251906,0.396099083048115,9.798987359354243,0.7880344480599966,crosswind
142.0,SYNTH_019,9.524678778513008,346.74509831244933,0.39702547336136923,9.95769880573766,0.7827141615896458,crosswind
144.0,SYNTH_019,10.0032969042059,346.7051836494583,0.39749076664122773,10.114771388573459,0.7775802194615781,crosswind
146.0,SYNTH_019,9.790467312646477,346.67220935089824,0.39749497928991273,10.270153184471305,0.7726468398395521,crosswind
148.0,SYNTH_019,9.778202803705748,346.6462312042503,0.39704245059314414,10.423792828963272,0.7679276854407551,crosswind
150.0,SYNTH_019,9.820935911235164,346.627301542248,0.39614176180675725,10.575639533483386,0.7634358256976762,crosswind
152.0,SYNTH_019,9.82625723004242,346.61546921703507,0.39480558336806404,10.7256431021568,0.7591837005630486,crosswind
154.0,SYNTH_019,9.973763306874657,346.6107795760417,0.3930504539054471,10.873753948392963,0.7551830860581012,crosswind
156.0,SYNTH_019,9.77765260612438,346.61327443959175,0.39089649632356605,11.01992311127746,0.7514450616595303,crosswind
158.0,SYNTH_019,10.022112470395149,346.6229920802516,0.38836707768376916,11.164102271757006,0.7479799796155122,crosswind
160.0,SYNTH_019,10.080458931606843,346.63996720393106,0.38548842083744134,11.306243768612203,0.7447974362757354,crosswind
162.0,SYNTH_019,9.946074123660589,346.664230932745,0.38228917676926577,11.446300614212914,0.7419062455148491,crosswind
164.0,SYNTH_019,10.05099376245774,346.69581078964524,0.3787999673416338,11.584226510050943,0.7393144143229347,crosswind
166.0,SYNTH_019,10.021647921255653,346.73473068482963,0.3750529085842085,11.719975862044867,0.7370291206305963,crosswind
168.0,SYNTH_019,9.929714435098543,346.78101090393494,0.371081124837366,11.853503795612092,0.735056693430087,crosswind
170.0,SYNTH_019,10.164983834325783,346.8346680980194,0.3669182639383088,11.984766170502969,0.7334025952475198,crosswind
172.0,SYNTH_019,10.122668265773273,346.8957152753408,0.3625980232469998,12.11371959539226,0.7320714070147106,crosswind
174.0,SYNTH_019,10.356429886935883,346.9641617949327,0.35815369566736854,12.240321442222932,0.7310668153825437,crosswind
176.0,SYNTH_019,10.195142253975114,347.04001336198263,0.35361774395679907,12.36452986029772,0.730391602511001,crosswind
178.0,SYNTH_019,10.07601936635431,347.1232720250151,0.34902141056924474,12.486303790113698,0.7300476383641256,crosswind
180.0,SYNTH_019,10.239287659000691,347.21393617488013,0.34439436908462867,12.605602976935254,0.7300358755312621,crosswind
182.0,SYNTH_019,10.167741306178653,347.3120005455475,0.3397644219826302,12.722387984101104,0.7303563465889144,crosswind
184.0,SYNTH_019,10.14604249884364,347.4174562167076,0.3351572481668944,12.836620206060847,0.7310081640105257,crosswind
186.0,SYNTH_019,10.034585438268625,347.5302906181757,0.3305962022800529,12.94826188113676,0.7319895226244347,crosswind
188.0,SYNTH_019,10.085001627124749,347.65048753609994,0.3261021665125273,13.057276104006663,0.7332977046131962,crosswind
190.0,SYNTH_019,10.237828398076273,347.77802712096735,0.321693454337287,13.163626837903703,0.7349290870404234,crosswind
192.0,SYNTH_019,9.896238051731192,347.9128858974058,0.3173857644322402,13.267278926528975,0.7368791518843067,crosswind
194.0,SYNTH_019,9.864136216767891,348.0550367757762,0.31319218200986537,13.36819810567316,0.7391424985500209,crosswind
196.0,SYNTH_019,10.11494470474649,348.20444906555,0.3091232238819176,13.466351014543179,0.741712858826368,crosswind
198.0,SYNTH_019,9.75640546575776,348.3610884904637,0.3051869228608635,13.561705206790291,0.7445831142452357,crosswind
0.0,SYNTH_020,6.492183745141948,339.61789438880413,0.453790504589348,345.6287957976867,1.15,changing_wind_current
2.0,SYNTH_020,6.469629706261884,339.6195335727512,0.452264514537432,345.4659994841794,1.1563128740005686,changing_wind_current
4.0,SYNTH_020,6.644254998549852,339.61399303558824,0.45076245325873493,345.3047019725278,1.1626082648519138,changing_wind_current
6.0,SYNTH_020,6.566797152654965,339.60131501781734,0.4492858508805006,345.14495658275456,1.16886873782341,changing_wind_current
8.0,SYNTH_020,6.679451185836819,339.58154528447767,0.44783628072389714,344.9868161217981,1.1750769548875342,changing_wind_current
10.0,SYNTH_020,6.554349026543761,339.5547331025457,0.4464153695345935,344.8303328660567,1.1812157227365578,changing_wind_current
12.0,SYNTH_020,6.524869977617938,339.5209312166075,0.44502480928324956,344.6755585441072,1.1872680403984448,changing_wind_current
14.0,SYNTH_020,6.526964863073508,339.4801958228124,0.44366637064952746,344.5225443196052,1.1932171463200862,changing_wind_current
16.0,SYNTH_020,6.492427936528362,339.43258654112367,0.4423419182875385,344.3713407743719,1.1990465647874782,changing_wind_current
18.0,SYNTH_020,6.351844150067975,339.37816638587725,0.4410534279478698,344.2219978916735,1.2047401515542855,changing_wind_current
20.0,SYNTH_020,6.276785876185067,339.3170017346651,0.43980300550044465,344.07456503969786,1.2102821385524214,changing_wind_current
22.0,SYNTH_020,6.275135480379075,339.24916229555726,0.4385929078624843,343.92909095523527,1.2156571775608267,changing_wind_current
24.0,SYNTH_020,6.326400462425371,339.1747210726799,0.4374255657858799,343.7856237275674,1.2208503827115023,changing_wind_current
26.0,SYNTH_020,6.304098030224174,339.09375433016515,0.4363036083976364,343.6442107825703,1.225847371715084,changing_wind_current
28.0,SYNTH_020,6.304163610173063,339.00634155449103,0.4352298893152448,343.50489886703735,1.2306343056917826,changing_wind_current
30.0,SYNTH_020,6.283006953528915,338.9125654152312,0.4342075140757242,343.36773403322553,1.2351979274973828,changing_wind_current
32.0,SYNTH_020,6.1442026375115315,338.8125117242316,0.43323986852287716,343.2327616236325,1.2395255984381588,changing_wind_current
34.0,SYNTH_020,6.262497318524047,338.7062693932363,0.432330647692753,343.10002625600737,1.2436053332730233,changing_wind_current
36.0,SYNTH_020,6.181861079882682,338.59393038998184,0.43148388462367776,342.96957180860187,1.2474258334059798,changing_wind_current
38.0,SYNTH_020,6.307023119536396,338.47558969278344,0.4307039783963918,342.841441405665,1.2509765181769474,changing_wind_current
40.0,SYNTH_020,6.183035626356083,338.35134524363383,0.4299957205844226,342.71567740318807,1.2542475541643043,changing_wind_current
42.0,SYNTH_020,6.247228978081461,338.22129789983865,0.42936431916812834,342.5923213749025,1.2572298824179937,changing_wind_current
44.0,SYNTH_020,6.236359083542597,338.08555138421275,0.4288154188419165,342.47141409853725,1.2599152435477783,changing_wind_current
46.0,SYNTH_020,6.218530855914448,337.9442122338611,0.4283551165277571,342.3529955423389,1.262296200597155,changing_wind_current
48.0,SYNTH_020,6.096719265402607,337.79738974756975,0.4279899708047132,342.23710485185904,1.264366159639588,changing_wind_current
50.0,SYNTH_020,6.202280965744305,337.64519593183354,0.42772700387982254,342.1237803370145,1.2661193880400174,changing_wind_current
52.0,SYNTH_020,6.376924382973317,337.48774544554664,0.42757369466675815,342.0130594594227,1.267551030331069,changing_wind_current
54.0,SYNTH_020,6.25088734457,337.3251555433831,0.42753796151198725,341.9049788200184,1.268657121659998,changing_wind_current
56.0,SYNTH_020,6.387956438839177,337.1575460178955,0.42762813312039993,341.7995741469543,1.2694345987691251,changing_wind_current
58.0,SYNTH_020,6.268783118101879,336.9850391403609,0.42785290629009587,341.6968802837905,1.2698813084793574,changing_wind_current
60.0,SYNTH_020,6.079514700985981,336.80775960040233,0.42822128917515906,341.59693117797633,1.2699960136532953,changing_wind_current
62.0,SYNTH_020,6.294841473993148,336.625834444416,0.4287425289608796,341.4997598696283,1.269778396621416,changing_wind_current
64.0,SYNTH_020,6.245046647708359,336.4393930128352,0.42942602306180594,341.4053984806081,1.2692290600618406,changing_wind_current
66.0,SYNTH_020,6.298007534607835,336.2485668762609,0.43028121324142665,341.3138782039039,1.2683495253312511,changing_wind_current
68.0,SYNTH_020,6.102872856568506,336.0534897704916,0.43131746240341307,341.22522929331933,1.2671422282515794,changing_wind_current
70.0,SYNTH_020,6.158899839098698,335.85429753048305,0.43254391421614374,341.1394810534719,1.2656105123641346,changing_wind_current
72.0,SYNTH_020,6.256403132833355,335.6511280232729,0.43396933620007144,341.05666183010646,1.2637586196698543,changing_wind_current
74.0,SYNTH_020,6.530888019515643,335.4441210799003,0.43560194742401864,340.9767990007244,1.2615916788813208,changing_wind_current
76.0,SYNTH_020,6.28426391318985,335.23341842635665,0.4374492325114978,340.89991896553363,1.2591156912190817,changing_wind_current
78.0,SYNTH_020,6.297222023572601,335.0191636136002,0.43951774423859574,340.8260471387219,1.2563375137916062,changing_wind_current
80.0,SYNTH_020,6.4993750168646764,334.8015019466699,0.4418128975950839,340.7552079400549,1.2532648406049092,changing_wind_current
82.0,SYNTH_020,6.592710556435367,334.5805804129325,0.4443387587620466,340.6874247868046,1.2499061812544356,changing_wind_current
84.0,SYNTH_020,6.385016416516564,334.3565476094993,0.44709783301223605,340.6227200860076,1.2462708373582139,changing_wind_current
86.0,SYNTH_020,6.55652147086888,334.1295536698477,0.4500908560419344,340.56111522705834,1.2423688767965484,changing_wind_current
88.0,SYNTH_020,6.526148152926109,333.8997501896847,0.45331659367287674,340.50263057463854,1.2382111058295926,changing_wind_current
90.0,SYNTH_020,6.5583995009302445,333.6672901520875,0.4567716551973893,340.4472854619849,1.2338090391700183,changing_wind_current
92.0,SYNTH_020,6.481209465588974,333.4323278519593,0.4604503258578649,340.39509818449847,1.2291748680936683,changing_wind_current
94.0,SYNTH_020,6.60734797899429,333.19501881983797,0.46434442403346404,340.3460859936965,1.2243214266765032,changing_wind_current
96.0,SYNTH_020,6.6219326991600935,332.95551974509357,0.46844318863582124,340.3002650915098,1.2192621562513517,changing_wind_current
98.0,SYNTH_020,6.781998775589102,332.71398839855414,0.47273320197868307,340.2576506249268,1.2140110681828937,changing_wind_current
100.0,SYNTH_020,6.751835439045964,332.47058355459745,0.47719835297569135,340.2182566809863,1.208582705063977,changing_wind_current
102.0,SYNTH_020,6.553162158049703,332.22546491274716,0.4818198449333039,340.18209628212105,1.2029921004407227,changing_wind_current
104.0,SYNTH_020,6.6799766199179444,331.978793018812,0.48657625144559324,340.1491813818525,1.197254737177967,changing_wind_current
106.0,SYNTH_020,6.802051740030121,331.7307291856072,0.4914436229743419,340.11952286083977,1.1913865045803376,changing_wind_current
108.0,SYNTH_020,6.710241853947698,331.48143541329705,0.4963956456280909,340.09313052328247,1.185403654387719,changing_wind_current
110.0,SYNTH_020,6.787928817479247,331.2310743093984,0.5014038524607549,340.07001309367996,1.1793227557669745,changing_wind_current
112.0,SYNTH_020,6.927790284529713,330.97980900848364,0.50643788632338,340.0501782139472,1.1731606494245694,changing_wind_current
114.0,SYNTH_020,7.135220807725897,330.7278030916236,0.5114658119563136,340.0336324408886,1.166934400967184,changing_wind_current
116.0,SYNTH_020,6.925789702111578,330.4752205056107,0.5164544736426298,340.0203812440305,1.1606612536394754,changing_wind_current
118.0,SYNTH_020,7.0864100360319995,330.22222548200034,0.5213698933994997,340.01042900381316,1.1543585805698828,changing_wind_current
120.0,SYNTH_020,7.140429307889159,329.9689824560123,0.5261777034064201,340.00377901014275,1.1480438366567254,changing_wind_current
122.0,SYNTH_020,7.090157908314793,329.7156559853319,0.5308436052021003,340.0004334613037,1.141734510227844,changing_wind_current
124.0,SYNTH_020,7.06591597946319,329.4624106688498,0.5353338471680499,340.0003934632322,1.1354480746076623,changing_wind_current
126.0,SYNTH_020,7.26776182424466,329.20941106538237,0.5396157109959031,340.0036590291502,1.129201939725797,changing_wind_current
128.0,SYNTH_020,7.076130488299761,328.956821612411,0.5436579972416579,340.01022907956167,1.123013403901239,changing_wind_current
130.0,SYNTH_020,7.224412730270254,328.70480654488205,0.5474314997311942,340.02010144260885,1.1168996059356315,changing_wind_current
132.0,SYNTH_020,7.48444138541451,328.45352981410645,0.5509094585176454,340.03327285479065,1.110877477648324,changing_wind_current
134.0,SYNTH_020,7.454632053086029,328.20315500679936,0.5540679813135239,340.04973896204115,1.104963696984652,changing_wind_current
136.0,SYNTH_020,7.478492297359701,327.9538452643,0.5568864238303681,340.069494321169,1.099174641827305,changing_wind_current
138.0,SYNTH_020,7.454404946742082,327.7057632020112,0.5593477202475232,340.0925324016569,1.0935263446387038,changing_wind_current
140.0,SYNTH_020,7.544839677160589,327.4590708290992,0.5614386560810254,340.1188455878203,1.0880344480599966,changing_wind_current
142.0,SYNTH_020,7.6214403893623635,327.21392946849153,0.5631500770055193,340.1484251813249,1.0827141615896458,changing_wind_current
144.0,SYNTH_020,7.584193414317996,326.9704996772159,0.5644770286602487,340.181261404062,1.077580219461578,changing_wind_current
146.0,SYNTH_020,7.8531549753344505,326.728941167115,0.5654188241006927,340.2173434013811,1.0726468398395521,changing_wind_current
148.0,SYNTH_020,7.8801963471124195,326.48941272598023,0.5659790372909285,340.25665924567755,1.0679276854407551,changing_wind_current
150.0,SYNTH_020,7.763019672373881,326.25207213914086,0.566165422814959,340.2991959403363,1.0634358256976761,changing_wind_current
152.0,SYNTH_020,8.070733421852577,326.01707611154893,0.5659897637628618,340.34493942402736,1.0591837005630484,changing_wind_current
154.0,SYNTH_020,8.189662735684172,325.7845801903971,0.5654676514646997,340.3938745753546,1.0551830860581013,changing_wind_current
156.0,SYNTH_020,8.109167742521521,325.55473868830825,0.564618202348979,340.445985217854,1.0514450616595301,changing_wind_current
158.0,SYNTH_020,8.331698047473147,325.327704607135,0.563463718644618,340.5012541253416,1.0479799796155123,changing_wind_current
160.0,SYNTH_020,8.356852627715687,325.1036295624064,0.5620293008834873,340.5596630276073,1.0447974362757353,changing_wind_current
162.0,SYNTH_020,8.526469484179804,324.8826637084591,0.5603424211597884,340.6211926164552,1.0419062455148491,changing_wind_current
164.0,SYNTH_020,8.615035908861667,324.66495566428983,0.5584324668367571,340.68582255208554,1.0393144143229347,changing_wind_current
166.0,SYNTH_020,8.770732638418735,324.4506524401669,0.5563302648439135,340.753531469819,1.0370291206305962,changing_wind_current
168.0,SYNTH_020,8.64763322247201,324.23989936503494,0.554067596872758,340.82429698715885,1.0350566934300869,changing_wind_current
170.0,SYNTH_020,8.75372150698618,324.03284001475083,0.5516767156588505,340.89809571119,1.0334025952475199,changing_wind_current
172.0,SYNTH_020,8.882621730465301,323.8296161411849,0.5491898721465246,340.9749032463123,1.0320714070147106,changing_wind_current
174.0,SYNTH_020,9.055162160367582,323.6303676022228,0.5466388626907619,341.0546942023044,1.0310668153825437,changing_wind_current
176.0,SYNTH_020,9.003578579288625,323.43523229270284,0.5440546045882686,341.13744220271735,1.030391602511001,changing_wind_current
178.0,SYNTH_020,9.216269736721358,323.2443460763223,0.5414667471821055,341.22311989359395,1.0300476383641255,changing_wind_current
180.0,SYNTH_020,9.153628432159678,323.0578427185474,0.5389033245914986,341.31169895251077,1.030035875531262,changing_wind_current
182.0,SYNTH_020,9.23828748641647,322.87585382055875,0.5363904548238694,341.40315009794097,1.0303563465889143,changing_wind_current
184.0,SYNTH_020,9.188505336969467,322.69850875426596,0.5339520886740308,341.4974430989338,1.0310081640105255,changing_wind_current
186.0,SYNTH_020,9.112291991793798,322.5259345984225,0.5316098104498131,341.5945467851079,1.0319895226244347,changing_wind_current
188.0,SYNTH_020,9.284187715722817,322.3582560758739,0.5293826912259395,341.69442905695547,1.0332977046131961,changing_wind_current
190.0,SYNTH_020,9.366433432670206,322.1955954919684,0.5272871940571463,341.7970568964533,1.0349290870404233,changing_wind_current
192.0,SYNTH_020,9.312039992185193,322.03807267416175,0.5253371294110157,341.9023963779774,1.0368791518843066,changing_wind_current
194.0,SYNTH_020,9.181390520723797,321.88580491284586,0.5235436580388992,342.0104126795181,1.0391424985500208,changing_wind_current
196.0,SYNTH_020,8.891382802588199,321.73890690342955,0.5219153376115055,342.1210700941907,1.0417128588263678,changing_wind_current
198.0,SYNTH_020,8.980219000971873,321.59749068970166,0.5204582087195255,342.2343320420394,1.0445831142452358,changing_wind_current
200.0,SYNTH_020,8.943554262913374,321.4616656085027,0.5191759152876968,342.3501610821295,1.0477453157957943,changing_wind_current
202.0,SYNTH_020,8.877679438697665,321.3315382357337,0.5180698540751966,342.46851892492396,1.0511907059388348,changing_wind_current
204.0,SYNTH_020,8.78138834222719,321.2072123337285,0.5171393477323899,342.5893664449411,1.0549097428602803,changing_wind_current
206.0,SYNTH_020,8.665780867887385,321.0887888000146,0.5163818358446186,342.71266369368806,1.0588921268967033,changing_wind_current
208.0,SYNTH_020,8.681004519588669,320.97636561749,0.5157930785041984,342.83836991286654,1.0631268290596643,changing_wind_current
210.0,SYNTH_020,8.506788507741009,320.87003780603817,0.5153673671947565,342.9664435478464,1.0676021215798737,changing_wind_current
212.0,SYNTH_020,8.537891067677364,320.7698973756068,0.5150977381274643,343.0968422614023,1.0723056103865893,changing_wind_current
214.0,SYNTH_020,8.403609799545896,320.67603328077206,0.514976183614902,343.229522947709,1.0772242694322978,changing_wind_current
216.0,SYNTH_020,8.213321983324313,320.5885313768132,0.5149938575827353,343.3644417465907,1.0823444767676194,changing_wind_current
218.0,SYNTH_020,8.289731645711193,320.50747437731593,0.5151412718797818,343.50155405802053,1.087652052266531,changing_wind_current
220.0,SYNTH_020,8.238461010062005,320.43294181332783,0.5154084806319635,343.640814556863,1.0931322968974257,changing_wind_current
222.0,SYNTH_020,8.02628957997603,320.365009994086,0.5157852504752497,343.78217720785784,1.098770033431255,changing_wind_current
0.0,SYNTH_021,1.2485820062177773,214.97147203459343,0.040424007828676216,25.06771300424139,0.25,calm
2.0,SYNTH_021,1.072514849825511,214.80001296745925,0.04065239069169577,25.090476316524136,0.2563128740005687,calm
4.0,SYNTH_021,1.2284692323376882,214.62375409144923,0.04093050638786865,25.116515414161206,0.2626082648519139,calm
6.0,SYNTH_021,1.3058267050191217,214.44282194894888,0.04125843193759977,25.14582168942358,0.26886873782341003,calm
8.0,SYNTH_021,1.3843303603959343,214.25734539003457,0.041636267678241495,25.17838545455326,0.27507695488753425,calm
10.0,SYNTH_021,1.1033246427262107,214.06745550884665,0.042064148697024066,25.21419594496576,0.28121572273655804,calm
12.0,SYNTH_021,1.2225599784263508,213.8732855788541,0.042542257849143575,25.253241322808552,0.287268040398445,calm
14.0,SYNTH_021,1.4389981935976013,213.6749709870434,0.04307084047361995,25.295508680874285,0.2932171463200863,calm
16.0,SYNTH_021,1.1689533237309433,213.47264916706322,0.043650220903835614,25.340984046867526,0.2990465647874783,calm
18.0,SYNTH_021,1.2733150761866388,213.26645953135906,0.04428082084688119,25.38965238802357,0.30474015155428547,calm
20.0,SYNTH_021,1.2648803412260763,213.0565434023302,0.04496317967493627,25.4414976160778,0.3102821385524215,calm
22.0,SYNTH_021,1.2076379213192354,212.84304394254372,0.045697976631918144,25.496502592584,0.3156571775608268,calm
24.0,SYNTH_021,1.3572960382104668,212.62610608404012,0.04648605490866279,25.554649134579773,0.32085038271150235,calm
26.0,SYNTH_021,1.5254778938386175,212.40587645676453,0.04732844747924833,25.615918020597295,0.325847371715084,calm
28.0,SYNTH_021,1.454901595304112,212.18250331616014,0.04822640451926122,25.68028899701733,0.33063430569178254,calm
30.0,SYNTH_021,1.398538089364847,211.95613646995844,0.04918142214368095,25.747740784764453,0.335197927497383,calm
32.0,SYNTH_021,1.5139431331466142,211.7269272042033,0.05019527210786014,25.81825108634129,0.33952559843815877,calm
34.0,SYNTH_021,1.4851110112503931,211.49502820854465,0.0512700320105216,25.89179659319935,0.3436053332730233,calm
36.0,SYNTH_021,1.5186213656837195,211.2605935008396,0.05240811542405533,25.968352993444142,0.34742583340597977,calm
38.0,SYNTH_021,1.558808528337914,211.02377835109715,0.05361230125657882,26.04789497987195,0.3509765181769476,calm
40.0,SYNTH_021,1.612888135956838,210.7847392048048,0.05488576152481052,26.130396258335573,0.3542475541643043,calm
42.0,SYNTH_021,1.6923544872731047,210.54363360567487,0.05623208659011022,26.215829556436447,0.3572298824179939,calm
44.0,SYNTH_021,1.7534734146188231,210.3006201178481,0.057655306786113025,26.30416663253999,0.3599152435477785,calm
46.0,SYNTH_021,1.6104020768883098,210.05585824759387,0.059159909249998824,26.39537828511144,0.3622962005971551,calm
48.0,SYNTH_021,1.8890895668302952,209.80950836454457,0.060750848666043036,26.489434362369046,0.3643661596395882,calm
50.0,SYNTH_021,1.7161857392851338,209.56173162250434,0.06243355054571153,26.586303772251227,0.36611938804001765,calm
52.0,SYNTH_021,1.8078666681616922,209.31268987986996,0.0642139056096571,26.685954492694748,0.3675510303310692,calm
54.0,SYNTH_021,1.8719433476320315,209.0625456197041,0.06609825381027448,26.78835358222018,0.36865712165999803,calm
56.0,SYNTH_021,2.0115478710688905,208.81146186950028,0.06809335654572628,26.89346719082134,0.36943459876912527,calm
58.0,SYNTH_021,1.763507623522523,208.5596021206785,0.07020635567407671,27.001260571155132,0.3698813084793575,calm
60.0,SYNTH_021,1.8184472769723263,208.30713024785226,0.07244471804531886,27.111698090027865,0.3699960136532955,calm
62.0,SYNTH_021,1.9300711366291223,208.05421042790596,0.07481616443471825,27.224743240174583,0.3697783966214161,calm
64.0,SYNTH_021,1.8326700556221254,207.80100705892355,0.07732858198682918,27.340358652327176,0.3692290600618406,calm
66.0,SYNTH_021,1.945721052358606,207.54768467900723,0.07998991956796639,27.458506107567562,0.3683495253312512,calm
68.0,SYNTH_021,1.9844212202677,207.29440788502777,0.08280806577605614,27.5791465499617,0.3671422282515795,calm
70.0,SYNTH_021,2.0032504585647355,207.04134125134516,0.08579070976859385,27.702240099470238,0.36561051236413467,calm
72.0,SYNTH_021,2.3980822105261566,206.7886492485409,0.08894518553728592,27.82774606513167,0.36375861966985423,calm
74.0,SYNTH_021,2.0943115846818707,206.53649616220116,0.0922783007744934,27.955622958513537,0.3615916788813209,calm
76.0,SYNTH_021,2.232847272981851,206.28504601179145,0.09579615203161801,28.085828507427188,0.3591156912190818,calm
78.0,SYNTH_021,2.273145525901303,206.0344624696628,0.09950392845002888,28.218319669901703,0.35633751379160616,calm
80.0,SYNTH_021,2.113629545946321,205.78490878022902,0.10340570693526939,28.35305264841226,0.35326484060490926,calm
82.0,SYNTH_021,2.4275588198738993,205.53654767935572,0.1075042422269237,28.489982904358218,0.3499061812544357,calm
84.0,SYNTH_021,2.439522082960837,205.28954131400005,0.11180075586946403,28.629065172786266,0.3462708373582139,calm
86.0,SYNTH_021,2.33665931833579,205.04405116214153,0.1162947285919829,28.770253477353588,0.34236887679654854,calm
88.0,SYNTH_021,2.2944747428564476,204.80023795304314,0.12098370103450895,28.91350114552625,0.33821110582959263,calm
90.0,SYNTH_021,2.449077768724324,204.5582615878819,0.12586308809322608,29.058760824007738,0.33380903917001836,calm
92.0,SYNTH_021,2.474049421351321,204.31828106078896,0.1309260123748993,29.205984494392457,0.32917486809366836,calm
94.0,SYNTH_021,2.6967791178395966,204.08045438033673,0.13616316233260195,29.355123489039205,0.32432142667650343,calm
96.0,SYNTH_021,2.5282585931662065,203.84493849151366,0.14156268058374777,29.506128507159154,0.3192621562513518,calm
98.0,SYNTH_021,2.569675041744722,203.61188919822328,0.14711008767460196,29.658949631113206,0.3140110681828939,calm
100.0,SYNTH_021,2.5706870470527643,203.38146108634754,0.15278824614475464,29.81353634291326,0.30858270506397706,calm
102.0,SYNTH_021,2.638404044999324,203.153807447411,0.15857736915784093,29.96983754092187,0.30299210044072283,calm
104.0,SYNTH_021,2.747494380652833,202.92908020288448,0.16445507720456443,30.127801556744895,0.2972547371779671,calm
106.0,SYNTH_021,2.676150584977386,202.70742982916533,0.1703965054607831,30.28737617231153,0.2913865045803377,calm
108.0,SYNTH_021,2.7568222555709223,202.48900528327096,0.1763744633136794,30.44850863713593,0.2854036543877193,calm
110.0,SYNTH_021,2.7556913306128035,202.27395392928304,0.1823596463760172,30.611145685754988,0.27932275576697463,calm
112.0,SYNTH_021,2.608468647827076,202.06242146557784,0.1883209000214791,30.775233555336186,0.2731606494245696,calm
114.0,SYNTH_021,2.7265784908585458,201.85455185287975,0.1942255321277932,30.94071800345002,0.26693440096718407,calm
116.0,SYNTH_021,2.6785884954344965,201.65048724317208,0.2000396713479643,31.10754432600082,0.2606612536394755,calm
118.0,SYNTH_021,2.773209455376797,201.45036790950184,0.20572866588579175,31.275657375310292,0.2543585805698829,calm
120.0,SYNTH_021,2.8214309850318253,201.2543321767116,0.21125751647411245,31.445001578347654,0.24804383665672539,calm
122.0,SYNTH_021,2.739451685704635,201.06251635313393,0.21659133608711922,31.615520955100354,0.2417345102278441,calm
124.0,SYNTH_021,2.7525223180503597,200.87505466328145,0.22169582790437764,31.787159137079353,0.23544807460766237,calm
126.0,SYNTH_021,2.8354260869854473,200.69207918156565,0.22653777222318153,31.95985938595287,0.22920193972579717,calm
128.0,SYNTH_021,2.828877218335994,200.51371976707782,0.23108551242206662,32.133564612302266,0.22301340390123914,calm
130.0,SYNTH_021,2.9559623735852196,200.3401039994637,0.23530942973950925,32.30821739449411,0.21689960593563157,calm
132.0,SYNTH_021,2.8679804308352983,200.17135711592377,0.2391823965680808,32.48375999766199,0.2108774776483241,calm
134.0,SYNTH_021,3.205934577184876,200.00760194937018,0.24268019818668438,32.66013439279193,0.204963696984652,calm
136.0,SYNTH_021,2.986246943342599,199.8489588677712,0.2457819133633946,32.83728227590494,0.1991746418273051,calm
138.0,SYNTH_021,2.9962872519375723,199.6955457147125,0.24847024505029924,33.015145087330595,0.19352634463870377,calm
140.0,SYNTH_021,2.9868385479203523,199.54747775120526,0.250731793441128,33.19366403106503,0.18803444805999658,calm
142.0,SYNTH_021,3.0828871158337576,199.4048675987697,0.2525572649444428,33.37278009420714,0.18271416158964587,calm
144.0,SYNTH_021,2.9434235324420044,199.26782518382132,0.25394161210330735,33.55243406646635,0.1775802194615781,calm
146.0,SYNTH_021,3.190003030610906,199.13645768338898,0.25488410112291526,33.73256655973586,0.17264683983955215,calm
148.0,SYNTH_021,3.021005337315815,199.01086947218985,0.2553883054011952,33.91311802772442,0.16792768544075515,calm
150.0,SYNTH_021,3.1377303952061015,198.89116207108864,0.2554620252406006,34.09402878564056,0.16343582569767617,calm
152.0,SYNTH_021,3.082308936815612,198.7774340969657,0.25511713569694006,34.27523902992258,0.15918370056304862,calm
154.0,SYNTH_021,3.159247684861995,198.6697812140195,0.25436936623821893,34.456688858007716,0.15518308605810127,calm
156.0,SYNTH_021,3.363275979612544,198.568296086527,0.2532380174903396,34.63831828813414,0.1514450616595303,calm
158.0,SYNTH_021,3.327733650513304,198.4730683330852,0.25174562178871474,34.82006727916909,0.1479799796155123,calm
160.0,SYNTH_021,3.3242355742856073,198.38418448235714,0.24991755549297912,35.00187575045663,0.1447974362757354,calm
162.0,SYNTH_021,3.4716835980435277,198.30172793034325,0.24778161202121668,35.18368360167844,0.14190624551484915,calm
164.0,SYNTH_021,3.423822803659456,198.22577889919995,0.245367545294378,35.36543073272122,0.13931441432293468,calm
166.0,SYNTH_021,3.5209375297104164,198.1564143976252,0.24270659373431908,35.54705706354388,0.13702912063059636,calm
168.0,SYNTH_021,3.4853791124458624,198.09370818283148,0.23983099512360806,35.728502554038194,0.13505669343008692,calm
170.0,SYNTH_021,3.6142192371193502,198.0377307241235,0.23677350251531065,35.90970722387619,0.1334025952475199,calm
172.0,SYNTH_021,3.593770368797896,197.98854916810023,0.23356691098930998,36.09061117233789,0.13207140701471065,calm
174.0,SYNTH_021,3.6407450134431643,197.9462273054976,0.23024360441001812,36.271154598112545,0.13106681538254378,calm
176.0,SYNTH_021,3.693554226645372,197.91082553968778,0.22683513047788648,36.45127781906721,0.130391602511001,calm
178.0,SYNTH_021,3.7086519755699086,197.882400856852,0.2233718113194549,36.630921291975795,0.13004763836412556,calm
180.0,SYNTH_021,3.8437246409942905,197.8610067978401,0.21988239566798928,36.81002563220223,0.13003587553126217,calm
182.0,SYNTH_021,3.5958089518540723,197.84669343173184,0.21639375739219263,36.988531633331206,0.13035634658891435,calm
184.0,SYNTH_021,3.7134913300681833,197.83950733111237,0.21293064377841364,37.16638028674004,0.1310081640105257,calm
186.0,SYNTH_021,3.6931233584358,197.8394915490744,0.20951547560611902,37.34351280110508,0.13198952262443475,calm
188.0,SYNTH_021,3.562544328294354,197.84668559795836,0.2061681997189829,37.51987062183631,0.13329770461319618,calm
190.0,SYNTH_021,3.7675776906530922,197.86112542984074,0.20290619352314063,37.69539545043377,0.1349290870404234,calm
192.0,SYNTH_021,3.6286964751712745,197.882843418781,0.1997442196736642,37.87002926375918,0.13687915188430677,calm
194.0,SYNTH_021,3.478875614016194,197.91186834483466,0.196694428168242,38.04371433321667,0.13914249855002092,calm
196.0,SYNTH_021,3.53089532009104,197.94822537984194,0.19376640217527408,38.21639324383606,0.14171285882636797,calm
198.0,SYNTH_021,3.302220731913206,197.99193607499737,0.19096724319741243,38.38800891325249,0.14458311424523573,calm
200.0,SYNTH_021,3.437491245003274,198.04301835020786,0.1883016906196346,38.558504610576136,0.14774531579579453,calm
202.0,SYNTH_021,3.2877966258137516,198.1014864852437,0.18577227031544377,38.72782397514565,0.151190705938835,calm
204.0,SYNTH_021,3.164480509202756,198.16735111268696,0.1833794667819537,38.89591103515933,0.15490974286028036,calm
206.0,SYNTH_021,2.949277250450224,198.2406192126814,0.18112191323529575,39.06271022617765,0.15889212689670346,calm
208.0,SYNTH_021,2.7020200657504065,198.32129410948522,0.17899659420829053,39.228166409491166,0.16312682905966436,calm
210.0,SYNTH_021,2.8977998990817486,198.40937546982977,0.17699905543530878,39.392224890347705,0.1676021215798737,calm
212.0,SYNTH_021,2.6674307669057398,198.50485930308403,0.17512361616469715,39.554831436032764,0.17230561038658934,calm
214.0,SYNTH_021,2.4344998270745504,198.60773796322528,0.173363579485336,39.71593229379716,0.17722426943229785,calm
216.0,SYNTH_021,2.3988500190464834,198.71800015261465,0.17171143676836714,39.875474208626116,0.1823444767676195,calm
218.0,SYNTH_021,2.4726783929778704,198.83563092757612,0.17015906288554267,40.033404440843654,0.18765205226653092,calm
220.0,SYNTH_021,2.3454964165180545,198.96061170577562,0.16869789945058186,40.18967078354678,0.19313229689742573,calm
222.0,SYNTH_021,2.065876877016513,199.09292027539723,0.1673191239195467,40.344221579863465,0.19877003343125493,calm
224.0,SYNTH_021,1.9679341226226374,199.23253080611164,0.16601380296283322,40.49700574002883,0.20454964847400914,calm
226.0,SYNTH_021,1.9167068655758686,199.37941386183104,0.16477302906969504,40.64797275827386,0.21045513570713414,calm
228.0,SYNTH_021,1.8097987825425668,199.53353641524518,0.16358803985378156,40.79707272952104,0.2164701402161289,calm
230.0,SYNTH_021,1.8120109700152298,199.69486186413025,0.16245031998535386,40.944256365881515,0.22257800378456138,calm
232.0,SYNTH_021,1.767603796676524,199.86335004942345,0.16135168607583555,41.08947501294809,0.22876181102806104,calm
234.0,SYNTH_021,1.7366497364781888,200.0389572750537,0.1602843551790845,41.232680665878895,0.23500443624052336,calm
236.0,SYNTH_021,1.5902436405879705,200.22163632951916,0.15924099784965257,41.37382598526638,0.2412885908227898,calm
238.0,SYNTH_021,1.6385810772190341,200.41133650920057,0.15821477691198665,41.51286431278619,0.24759687116244952,calm
240.0,SYNTH_021,1.5030483223400943,200.60800364339897,0.1571993732485541,41.64974968662103,0.25391180683216424,calm
242.0,SYNTH_021,1.6345400999955246,200.81158012108565,0.15618900001334537,41.784436856654246,0.2602159089730339,calm
244.0,SYNTH_021,1.4067866567172267,201.02200491935082,0.15517840672538044,41.91688129942808,0.26649171872900707,calm
246.0,SYNTH_021,1.3294988417186508,201.23921363353716,0.15416287470082068,42.04703923286179,0.2727218555981992,calm
248.0,SYNTH_021,1.4914529170229853,201.46313850904323,0.153138205248647,42.1748676307247,0.2788890655672156,calm
250.0,SYNTH_021,1.4800248154286055,201.69370847478135,0.15210070199037537,42.30032423685931,0.28497626889516936,calm
252.0,SYNTH_021,1.4843338663149772,201.93084917827264,0.1510471485756339,42.42336757914987,0.29096660741506314,calm
254.0,SYNTH_021,1.1885401403653972,202.1744830223631,0.14997478295901026,42.54395698323186,0.2968434912215331,calm
256.0,SYNTH_021,0.9654799927987455,202.42452920354145,0.14888126928531514,42.66205258593765,0.30259064461565865,calm
258.0,SYNTH_021,1.2507289786259013,202.68090375184056,0.14776466830561077,42.77761534847404,0.30819215117959436,calm
260.0,SYNTH_021,1.0367857868285197,202.94351957230228,0.14662340711965807,42.8906070693273,0.31363249785619296,calm
262.0,SYNTH_021,1.3267640244713155,203.2122864879856,0.14545624891574468,43.00099039689144,0.3188966179115445,calm
264.0,SYNTH_021,1.2759922850570873,203.4871112844967,0.14426226325933203,43.10872884181545,0.32396993266144763,calm
266.0,SYNTH_021,1.2243738035359837,203.7678977560186,0.14304079737005193,43.21378678906563,0.3288383918462547,calm
268.0,SYNTH_021,1.0615278988148116,204.05454675281865,0.14179144872405852,43.31612950969881,0.33348851254227546,calm
270.0,SYNTH_021,1.5331209899477014,204.34695623020895,0.1405140392267628,43.415723172342666,0.33790741650197526,calm
272.0,SYNTH_021,1.3317061391630869,204.64502129893694,0.13920859112015116,43.5125348543793,0.34208286581955616,calm
274.0,SYNTH_021,1.2843133072657018,204.94863427698044,0.13787530471938098,43.60653255282854,0.34600329682314923,calm
0.0,SYNTH_022,8.04977656242473,7.062435033490544,0.16265749890414075,355.4399615168188,0.85,crosswind
2.0,SYNTH_022,8.247578151569785,6.941336504436038,0.1621830149034698,355.38820747014006,0.8563128740005687,crosswind
4.0,SYNTH_022,8.30276449108449,6.814380766299337,0.1617570143317967,355.33963078800514,0.8626082648519139,crosswind
6.0,SYNTH_022,8.048597749043857,6.681670015239035,0.16138014895921615,355.29424752837895,0.86886873782341,crosswind
8.0,SYNTH_022,8.266131070874444,6.543309289278852,0.1610530944234713,355.2520726935787,0.8750769548875342,crosswind
10.0,SYNTH_022,8.194900025670199,6.399406416438524,0.16077656119328296,355.2131202253145,0.881215722736558,crosswind
12.0,SYNTH_022,8.346299526194727,6.25007196148789,0.16055130711677043,355.17740300008063,0.887268040398445,crosswind
14.0,SYNTH_022,8.428878862941675,6.095419171349079,0.1603781516679595,355.14493282489894,0.8932171463200863,crosswind
16.0,SYNTH_022,8.14970000879934,5.935563919174683,0.1602579919886711,355.11572043341596,0.8990465647874784,crosswind
18.0,SYNTH_022,8.093922880625986,5.7706246471285,0.16019182080030048,355.0897754823546,0.9047401515542854,crosswind
20.0,SYNTH_022,8.201545221868955,5.6007223078980815,0.16018074622909512,355.06710654832193,0.9102821385524215,crosswind
22.0,SYNTH_022,8.116126451092429,5.425980304967652,0.1602260135485465,355.0477211249739,0.9156571775608268,crosswind
24.0,SYNTH_022,8.163280166605201,5.246524431680257,0.16032902879253702,355.03162562053853,0.9208503827115023,crosswind
26.0,SYNTH_022,8.409874898184462,5.062482809120581,0.16049138413223143,355.01882535569706,0.925847371715084,crosswind
28.0,SYNTH_022,8.223201640774127,4.873985822847487,0.16071488483788654,355.00932456182545,0.9306343056917825,crosswind
30.0,SYNTH_022,8.233411389374469,4.68116605850895,0.16100157756362815,355.0031263795955,0.935197927497383,crosswind
32.0,SYNTH_022,8.381848064051006,4.4841582363703765,0.161353779599042,355.0002328579366,0.9395255984381587,crosswind
34.0,SYNTH_022,8.29338770023584,4.283099144788821,0.1617741086268672,355.0006449533586,0.9436053332730233,crosswind
36.0,SYNTH_022,8.404966423205366,4.078127572665551,0.16226551241243817,355.00436252963516,0.9474258334059797,crosswind
38.0,SYNTH_022,8.25060296597893,3.869384240911927,0.16283129772969882,355.0113843578494,0.9509765181769476,crosswind
40.0,SYNTH_022,8.299804420315716,3.657011732959745,0.1634751577031944,355.02170811679974,0.9542475541643043,crosswind
42.0,SYNTH_022,8.349390683092432,3.4411544243528738,0.1642011966187467,355.03533039376737,0.9572298824179939,crosswind
44.0,SYNTH_022,8.450627954812969,3.2219584114535564,0.16501395113158637,355.0522466856442,0.9599152435477785,crosswind
46.0,SYNTH_022,8.560913920835464,2.9995714392991317,0.16591840668432684,355.07245140042176,0.9622962005971551,crosswind
48.0,SYNTH_022,8.492059440058858,2.7741428286444716,0.1669200078437626,355.0959378590394,0.9643661596395882,crosswind
50.0,SYNTH_022,8.469295163481435,2.5458234022260626,0.1680246611810874,355.12269829759254,0.9661193880400176,crosswind
52.0,SYNTH_022,8.435853985274626,2.314765410285304,0.16923872926121564,355.15272386989886,0.9675510303310692,crosswind
54.0,SYNTH_022,8.550141631772004,2.0811224553858665,0.17056901428018437,355.18600465042283,0.9686571216599981,crosswind
56.0,SYNTH_022,8.57569929022048,1.8450494165637679,0.1720227299018634,355.22252963755653,0.9694345987691253,crosswind
58.0,SYNTH_022,8.569860266930114,1.606702372847053,0.17360745990291757,355.26228675725673,0.9698813084793575,crosswind
60.0,SYNTH_022,8.63745215322543,1.3662385261831105,0.17533110234410867,355.305262867036,0.9699960136532955,crosswind
62.0,SYNTH_022,8.655157543857253,1.1238161238109114,0.17720179815165393,355.35144376030723,0.9697783966214161,crosswind
64.0,SYNTH_022,8.60455131177161,0.8795943801177373,0.17922784321828583,355.40081417108,0.9692290600618406,crosswind
66.0,SYNTH_022,8.810248947262998,0.6337333980178528,0.18141758342207406,355.453357779007,0.9683495253312512,crosswind
68.0,SYNTH_022,8.963986062052635,0.3863940898927467,0.18377929231220752,355.5090572147789,0.9671422282515795,crosswind
70.0,SYNTH_022,8.6739511324296,0.1377380981313081,0.18632103162272745,355.5678940658664,0.9656105123641346,crosswind
72.0,SYNTH_022,8.85720264073675,359.88792771530984,0.18905049524304582,355.6298488826066,0.9637586196698542,crosswind
74.0,SYNTH_022,8.700873735498671,359.6371258040509,0.19197483779061492,355.69490118463256,0.9615916788813209,crosswind
76.0,SYNTH_022,8.908785703262009,359.3854957166006,0.1951004894861285,355.76302946764343,0.9591156912190818,crosswind
78.0,SYNTH_022,8.940581555489903,359.1332012141639,0.19843295961208393,355.83421121051316,0.9563375137916061,crosswind
80.0,SYNTH_022,9.150332911076374,358.8804063860386,0.20197663142566716,355.9084228827354,0.9532648406049092,crosswind
82.0,SYNTH_022,9.028569154281106,358.6272755685868,0.20573455197855314,355.98563995220167,0.9499061812544357,crosswind
84.0,SYNTH_022,9.163286568304402,358.3739732640844,0.2097082208491475,356.0658368933113,0.9462708373582138,crosswind
86.0,SYNTH_022,8.928172008832274,358.1206640594885,0.21389738229536745,356.1489871954091,0.9423688767965486,crosswind
88.0,SYNTH_022,9.066938771212456,357.86751254516395,0.21829982576584694,356.23506337154913,0.9382111058295926,crosswind
90.0,SYNTH_022,9.035019429901135,357.6146832336068,0.22291120004206028,356.324036967581,0.9338090391700183,crosswind
92.0,SYNTH_022,9.153269243574282,357.3623404782071,0.2277248465018343,356.4158785715559,0.9291748680936683,crosswind
94.0,SYNTH_022,9.214443611527203,357.11064839209047,0.2327316570764994,356.51055782344946,0.9243214266765034,crosswind
96.0,SYNTH_022,9.079523770447047,356.85977076707724,0.23791996240282764,356.6080434251976,0.9192621562513518,crosswind
98.0,SYNTH_022,9.34468071352382,356.6098709928015,0.24327545543406956,356.70830315104297,0.9140110681828939,crosswind
100.0,SYNTH_022,9.361809949898847,356.3611119760278,0.2487811553636966,356.8113038581875,0.908582705063977,crosswind
102.0,SYNTH_022,9.188699363048272,356.11365606020695,0.25441741612824914,356.9170114977487,0.9029921004407228,crosswind
104.0,SYNTH_022,9.471442084052265,355.8676649453097,0.2601619829954512,357.025391126015,0.8972547371779671,crosswind
106.0,SYNTH_022,9.456019494815614,355.6232996079777,0.26599009982044447,357.13640691599704,0.8913865045803376,crosswind
108.0,SYNTH_022,9.547116331869047,355.3807202220329,0.2718746684832466,357.2500221692712,0.8854036543877193,crosswind
110.0,SYNTH_022,9.706022038097386,355.1400860793821,0.27778646082750913,357.3661993281106,0.8793227557669746,crosswind
112.0,SYNTH_022,9.35946970228557,354.90155551135774,0.2836943821336294,357.484899987901,0.8731606494245695,crosswind
114.0,SYNTH_022,9.528970536172727,354.6652858105325,0.2895657838129775,357.6060849098358,0.866934400967184,crosswind
116.0,SYNTH_022,9.780617019741074,354.4314331530477,0.29536682164359196,357.7297140338874,0.8606612536394755,crosswind
118.0,SYNTH_022,9.622304671139322,354.2001525214919,0.3010628545235566,357.85574649204966,0.8543585805698829,crosswind
120.0,SYNTH_022,9.789411255612672,353.9715976283696,0.3066188774405137,357.9841406218479,0.8480438366567253,crosswind
122.0,SYNTH_022,9.870083004914921,353.7459208401972,0.3119999811886722,358.114853980111,0.8417345102278441,crosswind
124.0,SYNTH_022,9.770984441069611,353.52327310226326,0.3171718303509295,358.2478433570016,0.8354480746076623,crosswind
126.0,SYNTH_022,9.491988039400042,353.3038038640904,0.32210115024273195,358.3830647903006,0.8292019397257971,crosswind
128.0,SYNTH_022,9.624489428981146,353.08766100563645,0.3267562129204691,358.52047357993905,0.8230134039012391,crosswind
130.0,SYNTH_022,9.78476908977882,352.8749907642701,0.33110731201839005,358.6600243027751,0.8168996059356315,crosswind
132.0,SYNTH_022,9.75647191509559,352.665937662558,0.33512721611426716,358.80167082760926,0.8108774776483241,crosswind
134.0,SYNTH_022,9.740600843996413,352.46064443689875,0.3387915905463735,358.9453663304339,0.804963696984652,crosswind
136.0,SYNTH_022,9.933634660995088,352.259251967038,0.34207937811422656,359.09106330991216,0.799174641827305,crosswind
138.0,SYNTH_022,10.06014980407097,352.0618992065017,0.3449731298844175,359.2387136030801,0.7935263446387038,crosswind
140.0,SYNTH_022,9.844467339176022,351.86872311397997,0.3474592783722191,359.3882684012681,0.7880344480599966,crosswind
142.0,SYNTH_022,9.955762782998555,351.6798585856953,0.3495283466516479,359.5396782662353,0.7827141615896458,crosswind
144.0,SYNTH_022,10.104866719396789,351.49543838879043,0.35117508842478334,359.6928931465127,0.7775802194615781,crosswind
146.0,SYNTH_022,10.262310798510427,351.315593095767,0.35239855571170514,359.8478623939484,0.7726468398395521,crosswind
148.0,SYNTH_022,10.18411585948631,351.1404510200077,0.35320209255593066,0.004534780450320852,0.7679276854407551,crosswind
150.0,SYNTH_022,10.173480212110192,350.9701381524143,0.3535932549234205,0.16285851492084724,0.7634358256976762,crosswind
152.0,SYNTH_022,10.311604250860354,350.8047780991926,0.3535836587508536,0.3227812603771536,0.7591837005630486,crosswind
154.0,SYNTH_022,10.398470516176667,350.64449202081505,0.3531887598159801,0.48425015125231674,0.7551830860581012,crosswind
156.0,SYNTH_022,10.255979868291389,350.4893985721902,0.352427570706727,0.647211810871041,0.7514450616595303,crosswind
158.0,SYNTH_022,10.370442521130764,350.3396138440708,0.35132232160792876,0.8116123690943775,0.7479799796155122,crosswind
160.0,SYNTH_022,10.446886189721353,350.195251305727,0.3498980728626756,0.9773974801274994,0.7447974362757354,crosswind
162.0,SYNTH_022,10.493767849185309,350.05642174891466,0.34818228826449593,1.144512340484777,0.7419062455148491,crosswind
164.0,SYNTH_022,10.555281891358131,349.9232332331654,0.3462043787708365,1.312901707106163,0.7393144143229347,crosswind
166.0,SYNTH_022,10.553786866847037,349.7957910324261,0.3439952267810525,1.4825099156187997,0.7370291206305963,crosswind
168.0,SYNTH_022,10.782422553044277,349.6741975830744,0.34158670128682517,1.6532808987380223,0.735056693430087,crosswind
170.0,SYNTH_022,10.805604385789993,349.558552433334,0.33901117408298065,1.8251582048014208,0.7334025952475198,crosswind
172.0,SYNTH_022,10.450759783144532,349.4489521941179,0.3363010468350193,1.9980850164301027,0.7320714070147106,crosswind
174.0,SYNTH_022,10.877639382802016,349.34549049132085,0.3334882981579608,2.1720041693107177,0.7310668153825437,crosswind
176.0,SYNTH_022,11.020075931627217,349.2482579195863,0.33060405899864737,2.346858171092259,0.730391602511001,crosswind
178.0,SYNTH_022,10.923498499100075,349.15734199757026,0.32767822356597665,2.5225892203912985,0.7300476383641256,crosswind
180.0,SYNTH_022,10.859058230087216,349.0728271247238,0.3247391018608363,2.6991392258993065,0.7300358755312621,crosswind
182.0,SYNTH_022,11.066698402272383,348.9947945396163,0.32181311856293976,2.876449825585886,0.7303563465889144,crosswind
184.0,SYNTH_022,10.942544211563561,348.923322279819,0.3189245616796944,3.0544624059915004,0.7310081640105257,crosswind
186.0,SYNTH_022,10.987300972234275,348.8584851433696,0.31609538299657014,3.233118121603238,0.7319895226244347,crosswind
188.0,SYNTH_022,10.934476439193372,348.80035465183664,0.31334505103101484,3.4123579143073632,0.7332977046131962,crosswind
190.0,SYNTH_022,10.908927240198086,348.74899901500146,0.3106904559211524,3.5921225329121516,0.7349290870404234,crosswind
192.0,SYNTH_022,10.912013023586201,348.7044830971758,0.30814586451000037,3.7723525527344557,0.7368791518843067,crosswind
194.0,SYNTH_022,10.791213998792792,348.6668683851715,0.3057229228438669,3.9529883952437603,0.7391424985500209,crosswind
196.0,SYNTH_022,10.90549885946577,348.6362129579375,0.303430702411807,4.13397034775695,0.741712858826368,crosswind
198.0,SYNTH_022,10.771218662336342,348.6125714578808,0.30127578572683206,4.315238583177567,0.7445831142452357,crosswind
200.0,SYNTH_022,10.576021303391425,348.59599506388264,0.29926238629761903,4.496733179772755,0.7477453157957945,crosswind
202.0,SYNTH_022,10.600738755275072,348.58653146602694,0.2973924976639687,4.67839414098158,0.751190705938835,crosswind
204.0,SYNTH_022,10.405768143135575,348.5842248420502,0.29566606596641853,4.8601614152480845,0.7549097428602803,crosswind
206.0,SYNTH_022,10.285777184730566,348.58911583552606,0.2940811804810954,5.041974915872437,0.7588921268967035,crosswind
208.0,SYNTH_022,10.356900813035642,348.60124153579574,0.29263427666138886,5.223774540873789,0.7631268290596643,crosswind
210.0,SYNTH_022,10.113132815313207,348.6206354596525,0.29132034647101024,5.405500192858173,0.7676021215798736,crosswind
212.0,SYNTH_022,9.939591441537663,348.6473275347913,0.2901331511484451,5.5870917988848126,0.7723056103865893,crosswind
214.0,SYNTH_022,9.732814992325888,348.68134408502993,0.28906543198899826,5.768489330324424,0.7772242694322978,crosswind
216.0,SYNTH_022,9.824057285581398,348.7227078173104,0.2881091152450974,5.949632822702869,0.7823444767676195,crosswind
218.0,SYNTH_022,9.484857320683751,348.7714378104859,0.287255507805932,6.1304623955235265,0.7876520522665309,crosswind
0.0,SYNTH_023,7.627893043687621,335.0764374505282,0.53973203586967,359.95238434440705,1.15,changing_wind_current
2.0,SYNTH_023,7.789808601248982,335.40085141963243,0.5398796631635613,359.96846026313176,1.1563128740005686,changing_wind_current
4.0,SYNTH_023,7.759221680711881,335.72016888172425,0.5399797015257131,359.98124091387206,1.1626082648519138,changing_wind_current
6.0,SYNTH_023,7.743369421059715,336.0342716602042,0.5400323733358937,359.9907220717358,1.16886873782341,changing_wind_current
8.0,SYNTH_023,7.741507978341169,336.34304415351926,0.5400380036131007,359.9969006025422,1.1750769548875342,changing_wind_current
10.0,SYNTH_023,7.705257246619898,336.64637339224777,0.5399970312650899,359.99977446385816,1.1812157227365578,changing_wind_current
12.0,SYNTH_023,7.7199066164039545,336.94414909488444,0.5399100218584642,359.9993427056729,1.1872680403984448,changing_wind_current
14.0,SYNTH_023,7.814841257900865,337.2362637222978,0.5397776820221339,359.9956054707125,1.1932171463200862,changing_wind_current
16.0,SYNTH_023,7.684912524054731,337.5226125308344,0.5396008755813197,359.9885639943926,1.1990465647874782,changing_wind_current
18.0,SYNTH_023,7.499709296604733,337.8030936240414,0.5393806414965253,359.9782206044097,1.2047401515542855,changing_wind_current
20.0,SYNTH_023,7.576280424994639,338.07760800298394,0.5391182136510726,359.9645787199722,1.2102821385524214,changing_wind_current
22.0,SYNTH_023,7.615858984568429,338.3460596151314,0.5388150424908416,359.9476428506697,1.2156571775608267,changing_wind_current
24.0,SYNTH_023,7.846934478655598,338.60835540178897,0.5384728184699407,359.9274185949824,1.2208503827115023,changing_wind_current
26.0,SYNTH_023,7.6134804169943955,338.8644053440506,0.5380934971954348,359.9039126384304,1.225847371715084,changing_wind_current
28.0,SYNTH_023,7.624039781557327,339.1141225072507,0.5376793260924918,359.87713275136406,1.2306343056917826,changing_wind_current
30.0,SYNTH_023,7.488531141626799,339.3574230838936,0.5372328723282424,359.84708778639447,1.2351979274973828,changing_wind_current
32.0,SYNTH_023,7.488724549137955,339.5942264350376,0.5367570516384905,359.81378767546795,1.2395255984381588,changing_wind_current
34.0,SYNTH_023,7.7311301877425445,339.82445513011584,0.536255157596913,359.7772434265824,1.2436053332730233,changing_wind_current
36.0,SYNTH_023,7.4412376232998705,340.048034985171,0.535730890752791,359.7374671201484,1.2474258334059798,changing_wind_current
38.0,SYNTH_023,7.6672638229657455,340.26489509948897,0.5351883869425488,359.6944719049959,1.2509765181769474,changing_wind_current
40.0,SYNTH_023,7.743044737360269,340.47496789060926,0.5346322439550056,359.6482719940277,1.2542475541643043,changing_wind_current
42.0,SYNTH_023,7.54951557261246,340.6781891276981,0.5340675456036,359.59888265952094,1.2572298824179937,changing_wind_current
44.0,SYNTH_023,7.528811046989043,340.8744979632659,0.5334998821349618,359.5463202280784,1.2599152435477783,changing_wind_current
46.0,SYNTH_023,7.45261764412017,341.0638369632144,0.5329353657868702,359.490602075232,1.262296200597155,changing_wind_current
48.0,SYNTH_023,7.479451201027567,341.2461521351976,0.5323806402052818,359.4317466196983,1.264366159639588,changing_wind_current
50.0,SYNTH_023,7.535884001616306,341.4213929552837,0.531842882345775,359.3697733172902,1.2661193880400174,changing_wind_current
52.0,SYNTH_023,7.475503090358998,341.5895123929047,0.5313297954258938,359.3047026544856,1.267551030331069,changing_wind_current
54.0,SYNTH_023,7.354184837928022,341.7504669340795,0.5308495914682138,359.2365561416547,1.268657121659998,changing_wind_current
56.0,SYNTH_023,7.284964970164765,341.90421660290207,0.5304109619862517,359.16535630594984,1.2694345987691251,changing_wind_current
58.0,SYNTH_023,7.141326550131981,342.05072498128163,0.5300230354231019,359.0911266838583,1.2698813084793574,changing_wind_current
60.0,SYNTH_023,7.299092089927965,342.1899592269261,0.5296953200618719,359.0138918134222,1.2699960136532953,changing_wind_current
62.0,SYNTH_023,7.231296617294797,342.3218900895599,0.5294376312926631,358.93367722612675,1.269778396621416,changing_wind_current
64.0,SYNTH_023,7.218024087087009,342.44649192536787,0.5292600023468141,358.8505094384604,1.2692290600618406,changing_wind_current
66.0,SYNTH_023,7.093860163305528,342.56374270965847,0.529172577897584,358.76441594314923,1.2683495253312511,changing_wind_current
68.0,SYNTH_023,6.964579695135148,342.67362404773974,0.5291854902776293,358.67542520006884,1.2671422282515794,changing_wind_current
70.0,SYNTH_023,6.833007455340631,342.77612118400253,0.5293087184754667,358.58356662683633,1.2656105123641346,changing_wind_current
72.0,SYNTH_023,7.2209741921075885,342.8712230092071,0.529551930540992,358.4888705890856,1.2637586196698543,changing_wind_current
74.0,SYNTH_023,6.892627940134647,342.9589220659689,0.5299243105466995,358.3913683904296,1.2615916788813208,changing_wind_current
76.0,SYNTH_023,6.817042794727215,343.03921455244114,0.5304343718062985,358.29109226211216,1.2591156912190817,changing_wind_current
78.0,SYNTH_023,6.939691681192948,343.11210032419183,0.531089758632906,358.18807535235345,1.2563375137916062,changing_wind_current
80.0,SYNTH_023,6.863421185550592,343.1775828942756,0.531897039509169,358.08235171539206,1.2532648406049092,changing_wind_current
82.0,SYNTH_023,6.924017421692978,343.23566943149865,0.5328614951233287,357.9739563002279,1.2499061812544356,changing_wind_current
84.0,SYNTH_023,6.848796381965895,343.2863707568788,0.5339869052782088,357.8629249390688,1.2462708373582139,changing_wind_current
86.0,SYNTH_023,7.057116902692048,343.32970133830185,0.5352753391827157,357.749294335486,1.2423688767965484,changing_wind_current
88.0,SYNTH_023,6.659150165067199,343.36567928337746,0.5367269540652537,357.6331020522805,1.2382111058295926,changing_wind_current
90.0,SYNTH_023,6.678627450772821,343.39432633049756,0.5383398073830986,357.5143864990663,1.2338090391700183,changing_wind_current
92.0,SYNTH_023,6.793831859720347,343.4156678381013,0.5401096881197778,357.3931869195732,1.2291748680936683,changing_wind_current
94.0,SYNTH_023,6.725459292880472,343.4297327721534,0.5420299727443111,357.2695433786743,1.2243214266765032,changing_wind_current
96.0,SYNTH_023,6.58264516095419,343.43655369184034,0.5440915113350934,357.1434967491414,1.2192621562513517,changing_wind_current
98.0,SYNTH_023,6.550444572145441,343.4361667334926,0.5462825491343846,357.01508869813375,1.2140110681828937,changing_wind_current
100.0,SYNTH_023,6.575485238115073,343.4286115927397,0.5485886883886916,356.8843616734247,1.208582705063977,changing_wind_current
102.0,SYNTH_023,6.414180095669268,343.41393150490904,0.5509928947431461,356.7513588893689,1.2029921004407227,changing_wind_current
104.0,SYNTH_023,6.32491390341489,343.39217322367557,0.5534755516977562,356.61612431261767,1.197254737177967,changing_wind_current
106.0,SYNTH_023,6.463438418753256,343.36338699797426,0.5560145657101292,356.4787026475847,1.1913865045803376,changing_wind_current
108.0,SYNTH_023,6.379288343978882,343.32762654718744,0.5585855234595236,356.3391393216682,1.185403654387719,changing_wind_current
110.0,SYNTH_023,6.539069650502326,343.28494903461734,0.561161901594084,356.1974804702338,1.1793227557669745,changing_wind_current
112.0,SYNTH_023,6.411617880110562,343.23541503925867,0.5637153279960989,356.0537729213638,1.1731606494245694,changing_wind_current
114.0,SYNTH_023,6.361799534392136,343.1790885258841,0.5662158922538475,355.9080641803772,1.166934400967184,changing_wind_current
116.0,SYNTH_023,6.405966288234534,343.11603681345827,0.5686325016622001,355.760402414126,1.1606612536394754,changing_wind_current
118.0,SYNTH_023,6.239607352928607,343.0463305418951,0.5709332777300125,355.61083643507243,1.1543585805698828,changing_wind_current
120.0,SYNTH_023,6.354546713096812,342.97004363717525,0.5730859868945989,355.4594156851533,1.1480438366567254,changing_wind_current
122.0,SYNTH_023,6.271856728996499,342.88725327484104,0.5750584979764876,355.30619021943596,1.141734510227844,changing_wind_current
124.0,SYNTH_023,6.404121131156199,342.7980398418867,0.576819257893919,355.1512106895715,1.1354480746076623,changing_wind_current
126.0,SYNTH_023,6.323784704419993,342.7024868970627,0.5783377763355675,354.994528327051,1.129201939725797,changing_wind_current
128.0,SYNTH_023,6.307500820207277,342.6006811296137,0.5795851094961321,354.8361949262699,1.123013403901239,changing_wind_current
130.0,SYNTH_023,6.271368092364914,342.49271231647094,0.5805343326406417,354.67626282740645,1.1168996059356315,changing_wind_current
132.0,SYNTH_023,6.270885149999265,342.37867327791986,0.5811609911995541,354.51478489911943,1.110877477648324,changing_wind_current
134.0,SYNTH_023,6.43814685411673,342.2586598317647,0.5814435203190689,354.35181452107173,1.104963696984652,changing_wind_current
136.0,SYNTH_023,6.482707486244429,342.1327707460129,0.5813636233009579,354.1874055662842,1.099174641827305,changing_wind_current
138.0,SYNTH_023,6.174370979477143,342.00110769010314,0.5809066001550758,354.0216123833275,1.0935263446387038,changing_wind_current
140.0,SYNTH_023,6.461022943729249,341.86377518469993,0.5800616185370862,353.85448977835546,1.0880344480599966,changing_wind_current
142.0,SYNTH_023,6.447214830655897,341.72088055008066,0.5788219206259068,353.68609299698824,1.0827141615896458,changing_wind_current
144.0,SYNTH_023,6.352357786232155,341.5725338531402,0.5771849609735036,353.5164777060499,1.077580219461578,changing_wind_current
146.0,SYNTH_023,6.590792306914615,341.41884785303915,0.5751524719902015,353.34569997516627,1.0726468398395521,changing_wind_current
148.0,SYNTH_023,6.603678628081225,341.2599379455225,0.5727304554621976,353.1738162582304,1.0679276854407551,changing_wind_current
150.0,SYNTH_023,6.620773034847706,341.0959221059363,0.5699291002811283,353.0008833747403,1.0634358256976761,changing_wind_current
152.0,SYNTH_023,6.779211139610717,340.926920830971,0.5667626283431635,352.8269584910166,1.0591837005630484,changing_wind_current
154.0,SYNTH_023,6.954235491831335,340.7530570791591,0.5632490722921901,352.6520991013048,1.0551830860581013,changing_wind_current
156.0,SYNTH_023,6.558906253585928,340.57445621015717,0.5594099903854972,352.47636300876934,1.0514450616595301,changing_wind_current
158.0,SYNTH_023,6.992627881888261,340.39124592284287,0.5552701252025503,352.2998083063859,1.0479799796155123,changing_wind_current
160.0,SYNTH_023,7.009815207882548,340.2035561922562,0.5508570141555437,352.1224933577375,1.0447974362757353,changing_wind_current
162.0,SYNTH_023,7.042932665679947,340.0115192054167,0.5462005607596252,351.94447677772126,1.0419062455148491,changing_wind_current
164.0,SYNTH_023,7.287697799729561,339.8152692960488,0.5413325763549008,351.7658174131724,1.0393144143229347,changing_wind_current
166.0,SYNTH_023,7.232054551224754,339.61494287824706,0.5362863024250628,351.58657432341073,1.0370291206305962,changing_wind_current
168.0,SYNTH_023,7.448177605285927,339.4106783791137,0.5310959238221546,351.406806760718,1.0350566934300869,changing_wind_current
170.0,SYNTH_023,7.417162470658785,339.2026161704022,0.5257960830870203,351.2265741507504,1.0334025952475199,changing_wind_current
172.0,SYNTH_023,7.567389157445616,338.99089849920136,0.52042140566329,351.0459360728949,1.0320714070147106,changing_wind_current
174.0,SYNTH_023,7.560631694067011,338.7756694176921,0.5150060451610192,350.8649522405734,1.0310668153825437,changing_wind_current
176.0,SYNTH_023,7.5349057301219275,338.557074712014,0.5095832569636064,350.68368248150387,1.030391602511001,changing_wind_current
178.0,SYNTH_023,7.819333827277525,338.3352618302746,0.5041850074239105,350.5021867179227,1.0300476383641255,changing_wind_current
180.0,SYNTH_023,7.6914546102557155,338.1103798097389,0.498841624702754,350.3205249467767,1.030035875531262,changing_wind_current
182.0,SYNTH_023,7.843888806768517,337.8825792032337,0.4935814960083934,350.13875721988956,1.0303563465889143,changing_wind_current
184.0,SYNTH_023,7.820428194228611,337.65201200480357,0.4884308146434322,349.9569436241107,1.0310081640105255,changing_wind_current
186.0,SYNTH_023,7.8524455055134,337.41883157465475,0.48341337889995256,349.7751442614524,1.0319895226244347,changing_wind_current
188.0,SYNTH_023,8.016601128542518,337.18319256342556,0.4785504435061807,349.593419229222,1.0332977046131961,changing_wind_current
190.0,SYNTH_023,8.036451861035845,336.9452508358183,0.4738606230571526,349.4118286001553,1.0349290870404233,changing_wind_current
192.0,SYNTH_023,7.935982427970618,336.7051633936323,0.4693598456913082,349.2304324025587,1.0368791518843066,changing_wind_current
194.0,SYNTH_023,7.936831280911834,336.46308829823556,0.4650613542328206,349.0492906004653,1.0391424985500208,changing_wind_current
196.0,SYNTH_023,8.120267128390273,336.2191845925127,0.4609757511276487,348.8684630738132,1.0417128588263678,changing_wind_current
198.0,SYNTH_023,8.065465484851801,335.9736122223289,0.45711108277507134,348.6880095986501,1.0445831142452358,changing_wind_current
200.0,SYNTH_023,7.994197491792379,335.7265319575468,0.45347295830446843,348.50798982737433,1.0477453157957943,changing_wind_current
202.0,SYNTH_023,8.008436149494113,335.47810531263804,0.4500646974715745,348.3284632690145,1.0511907059388348,changing_wind_current
204.0,SYNTH_023,8.014384957625147,335.228494466926,0.44688750214554007,348.1494892695584,1.0549097428602803,changing_wind_current
206.0,SYNTH_023,7.706450180956138,334.9778621845003,0.4439406458187693,347.9711269923345,1.0588921268967033,changing_wind_current
208.0,SYNTH_023,7.917352902949219,334.7263717338431,0.44122167568195225,347.793435398455,1.0631268290596643,changing_wind_current
210.0,SYNTH_023,7.87312026169516,334.4741868072059,0.4387266220496444,347.6164732273243,1.0676021215798737,changing_wind_current
0.0,SYNTH_024,1.8636588946817139,205.75620968400352,0.09397574505939364,33.9930025426943,0.25,calm
2.0,SYNTH_024,2.0101550055993505,205.5031409035634,0.09568848034787454,34.174052992334545,0.2563128740005687,calm
4.0,SYNTH_024,2.0508851379862074,205.2498631732513,0.0974060241055852,34.355376474786205,0.2626082648519139,calm
6.0,SYNTH_024,2.0786124795526835,204.99654106788975,0.09912727838954773,34.53691305005348,0.26886873782341003,calm
8.0,SYNTH_024,2.011555240661308,204.74333918421377,0.10085120620327566,34.718602707698544,0.27507695488753425,calm
10.0,SYNTH_024,2.0971244835380656,204.4904220595923,0.10257684385807714,34.90038538667929,0.28121572273655804,calm
12.0,SYNTH_024,2.1459672265417193,204.23795409077812,0.10430331488804144,35.08220099520355,0.287268040398445,calm
14.0,SYNTH_024,2.238141221312125,203.98609945272796,0.10602984563059058,35.26398943059368,0.2932171463200863,calm
16.0,SYNTH_024,2.1449435924926945,203.73502201753146,0.107755782568799,35.445690599154645,0.2990465647874783,calm
18.0,SYNTH_024,2.0917178840079838,203.48488527349036,0.10948061150893038,35.62724443603915,0.30474015155428547,calm
20.0,SYNTH_024,2.3745267099477845,203.23585224438654,0.11120397863576688,35.80859092510322,0.3102821385524215,calm
22.0,SYNTH_024,2.277767489271303,202.9880854089799,0.11292571344834108,35.98967011874577,0.3156571775608268,calm
24.0,SYNTH_024,2.377488887352565,202.74174662077536,0.11464585352873892,36.170422157725376,0.32085038271150235,calm
26.0,SYNTH_024,2.547537185234449,202.49699702809818,0.1163646710360183,36.35078729094794,0.325847371715084,calm
28.0,SYNTH_024,2.131360646307694,202.2539969945182,0.11808270074550636,36.53070589521859,0.33063430569178254,calm
30.0,SYNTH_024,2.3345928171876027,202.01290601966076,0.1198007693706449,36.71011849495121,0.335197927497383,calm
32.0,SYNTH_024,2.338772730979106,201.77388266044525,0.12152002581038333,36.88896578182937,0.33952559843815877,calm
34.0,SYNTH_024,2.5493473462821528,201.53708445278812,0.12324197186059549,37.06718863441173,0.3436053332730233,calm
36.0,SYNTH_024,2.4553903421811416,201.30266783381074,0.1249684928143877,37.24472813767586,0.34742583340597977,calm
38.0,SYNTH_024,2.356375789175763,201.07078806458983,0.1267018872553782,37.42152560249366,0.3509765181769476,calm
40.0,SYNTH_024,2.578441674409715,200.84159915348826,0.12844489522264554,37.597522585032266,0.3542475541643043,calm
42.0,SYNTH_024,2.701562143442576,200.61525378010484,0.1302007237993798,37.77266090607379,0.3572298824179939,calm
44.0,SYNTH_024,2.8161023222700523,200.3919032198799,0.1319730690533755,37.94688267024751,0.3599152435477785,calm
46.0,SYNTH_024,2.5556337130697795,200.17169726939466,0.13376613314115235,38.1201302851684,0.3622962005971551,calm
48.0,SYNTH_024,2.5420627676830847,199.95478417240042,0.13558463528412765,38.29234648047538,0.3643661596395882,calm
50.0,SYNTH_024,2.717762811073648,199.74131054661507,0.1374338152409127,38.463474326763105,0.36611938804001765,calm
52.0,SYNTH_024,2.7681619397122237,199.53142131132196,0.13931942784093385,38.633457254401144,0.3675510303310692,calm
54.0,SYNTH_024,2.5882130761025435,199.32525961580794,0.1412477271179116,38.802239072234144,0.36865712165999803,calm
56.0,SYNTH_024,2.815868726257254,199.1229667686753,0.1432254385940195,38.969763986156885,0.36943459876912527,calm
58.0,SYNTH_024,2.7264375864499826,198.92468216806236,0.14525971832330253,39.13597661755816,0.3698813084793575,calm
60.0,SYNTH_024,2.7660310909331924,198.73054323280815,0.14735809741211628,39.30082202162716,0.3699960136532955,calm
62.0,SYNTH_024,2.737599839831921,198.54068533459352,0.14952841090002011,39.46424570551668,0.3697783966214161,calm
64.0,SYNTH_024,3.0348445405776503,198.35524173109422,0.15177871011052296,39.62619364635664,0.3692290600618406,calm
66.0,SYNTH_024,2.808406054046635,198.1743435001769,0.15411715786954033,39.7866123091125,0.3683495253312512,calm
68.0,SYNTH_024,2.861850203373194,197.9981194751722,0.15655190634059638,39.94544866428225,0.3671422282515795,calm
70.0,SYNTH_024,2.809614348419204,197.82669618125587,0.15909095763764053,40.10265020542638,0.36561051236413467,calm
72.0,SYNTH_024,2.91023064787609,197.66019777296992,0.1617420078442323,40.258164966524845,0.36375861966985423,calm
74.0,SYNTH_024,2.9601369062465226,197.49874597291407,0.16451227558441953,40.41194153915552,0.3615916788813209,calm
76.0,SYNTH_024,2.8332411032791427,197.3424600116384,0.16740831684569302,40.563929089488184,0.3591156912190818,calm
78.0,SYNTH_024,2.715170474250294,197.1914565687665,0.17043582833488888,40.714077375088635,0.35633751379160616,calm
80.0,SYNTH_024,2.728059107134479,197.04584971537824,0.1735994422380843,40.862336761527374,0.35326484060490926,calm
82.0,SYNTH_024,2.636989193123872,196.90575085768066,0.17690251583720473,41.00865823878712,0.3499061812544357,calm
84.0,SYNTH_024,2.7465728044007176,196.7712686819949,0.1803469199890335,41.15299343746412,0.3462708373582139,calm
86.0,SYNTH_024,2.727762596772791,196.6425091010861,0.18393283097492882,41.29529464475752,0.34236887679654854,calm
88.0,SYNTH_024,2.6951928877041498,196.51957520186295,0.187658530659381,41.43551482024179,0.33821110582959263,calm
90.0,SYNTH_024,2.8334449061160116,196.40256719447268,0.19152022023019116,41.57360761141689,0.33380903917001836,calm
92.0,SYNTH_024,2.742341770044131,196.29158236281668,0.19551185301107005,41.709527369030894,0.32917486809366836,calm
94.0,SYNTH_024,2.6311182237180604,196.18671501651085,0.1996249919192755,41.843229162170324,0.32432142667650343,calm
96.0,SYNTH_024,2.53371746358056,196.0880564443151,0.2038486970698441,41.97466879311288,0.3192621562513518,calm
98.0,SYNTH_024,2.6786432041266717,195.99569486905412,0.20816944879117635,42.10380281193788,0.3140110681828939,calm
100.0,SYNTH_024,2.726000503934605,195.90971540405258,0.212571110906067,42.230588530889484,0.30858270506397706,calm
102.0,SYNTH_024,2.766179148044437,195.83020001110535,0.21703493854510725,42.35498403848793,0.30299210044072283,calm
104.0,SYNTH_024,2.611963093478555,195.75722746000434,0.22153963399918053,42.47694821338418,0.2972547371779671,calm
106.0,SYNTH_024,2.6307833602305486,195.69087328964142,0.2260614531945065,42.596440737953465,0.2913865045803377,calm
108.0,SYNTH_024,2.478490309085432,195.6312097707068,0.23057436430397488,42.71342211162293,0.2854036543877193,calm
110.0,SYNTH_024,2.4855265603650563,195.57830587000126,0.23505025881551944,42.82785366392944,0.27932275576697463,calm
112.0,SYNTH_024,2.4888595230732,195.53222721637982,0.23945921409129695,42.93969756730272,0.2731606494245696,calm
114.0,SYNTH_024,2.5270744445756654,195.49303606834394,0.24376980510517765,43.04891684957015,0.26693440096718407,calm
116.0,SYNTH_024,2.618700226525781,195.4607912832975,0.24794946167968226,43.15547540617847,0.2606612536394755,calm
118.0,SYNTH_024,2.4326753437204873,195.43554828848315,0.2519648661993935,43.259338012128964,0.2543585805698829,calm
120.0,SYNTH_024,2.318298468975608,195.4173590536113,0.25578238550014537,43.36047033362173,0.24804383665672539,calm
122.0,SYNTH_024,2.5271977785952937,195.40627206519767,0.2593685294662317,43.45883893940534,0.2417345102278441,calm
124.0,SYNTH_024,2.4934321831105444,195.40233230262007,0.26269042785416546,43.554411311828254,0.23544807460766237,calm
126.0,SYNTH_024,2.370494610147056,195.4055812159073,0.2657163160405611,43.64715585758813,0.22920193972579717,calm
128.0,SYNTH_024,2.1914623065683414,195.41605670527082,0.2684160197979091,43.737041918175585,0.22301340390123914,calm
130.0,SYNTH_024,2.3241373285633826,195.4337931023895,0.2707614288632394,43.824039780009,0.21689960593563157,calm
132.0,SYNTH_024,2.516760769397536,195.45882115345623,0.2727269490009323,43.9081206842569,0.2108774776483241,calm
134.0,SYNTH_024,2.3807064414082006,195.4911680039953,0.2742899224833082,43.98925683634474,0.204963696984652,calm
136.0,SYNTH_024,2.164366658288723,195.53085718545782,0.2754310074225387,44.067421415142945,0.1991746418273051,calm
138.0,SYNTH_024,2.2142290741491717,195.57790860360166,0.27613450717631555,44.14258858183315,0.19352634463870377,calm
140.0,SYNTH_024,2.2704070966910255,195.63233852866185,0.2763886420991148,44.21473348844976,0.18803444805999658,calm
142.0,SYNTH_024,2.236072044419011,195.6941595873163,0.27618575719289673,44.283832286093855,0.18271416158964587,calm
144.0,SYNTH_024,2.3984622964887072,195.76338075645052,0.2755224606892392,44.34986213281697,0.1775802194615781,calm
146.0,SYNTH_024,2.303457341932706,195.84000735872496,0.27439969022547533,44.41280120117193,0.17264683983955215,calm
148.0,SYNTH_024,2.3838347087512064,195.92404105994643,0.27282270501095685,44.472628685428305,0.16792768544075515,calm
150.0,SYNTH_024,2.2831370786644793,196.01547986824573,0.27080100416276504,44.52932480845018,0.16343582569767617,calm
152.0,SYNTH_024,2.3869584229828584,196.11431813506107,0.2683481731678481,44.58287082823387,0.15918370056304862,calm
154.0,SYNTH_024,2.2993400849139594,196.22054655792746,0.26548166214568697,44.63324904410345,0.15518308605810127,calm
156.0,SYNTH_024,2.4676226213017975,196.33415218507034,0.2622225011894782,44.68044280256203,0.1514450616595303,calm
158.0,SYNTH_024,2.355674368444003,196.45511842180116,0.25859495950603306,44.72443650279692,0.1479799796155123,calm
160.0,SYNTH_024,2.41813875516628,196.58342503871216,0.2546261563127313,44.76521560183679,0.1447974362757354,calm
162.0,SYNTH_024,2.3196946138375205,196.71904818166544,0.2503456324491042,44.80276661935912,0.14190624551484915,calm
164.0,SYNTH_024,2.440356918752587,196.86196038357272,0.2457848923948831,44.83707714214634,0.13931441432293468,calm
166.0,SYNTH_024,2.361570120189179,197.01213057795837,0.24097692683910676,44.868135828189345,0.13702912063059636,calm
168.0,SYNTH_024,2.4978121428892455,197.1695241143006,0.23595572610960405,44.89593241043674,0.13505669343008692,calm
170.0,SYNTH_024,2.5750043901057076,197.33410277514187,0.23075579465222718,44.92045770018886,0.1334025952475199,calm
172.0,SYNTH_024,2.6099083381519588,197.505824794961,0.22541167635756032,44.94170359013524,0.13207140701471065,calm
174.0,SYNTH_024,2.716744032061666,197.68464488079744,0.21995749989112798,44.95966305703467,0.13106681538254378,calm
176.0,SYNTH_024,2.5056787158952747,197.87051423461688,0.21442655232067456,44.97433016403685,0.130391602511001,calm
178.0,SYNTH_024,2.71129944899631,198.06338057740848,0.20885088828641857,44.98570006264494,0.13004763836412556,calm
180.0,SYNTH_024,2.8539430037641145,198.26318817500027,0.20326098076748939,44.993768994318316,0.13003587553126217,calm
182.0,SYNTH_024,2.6524337736715338,198.46987786558125,0.19768541820318647,44.99853429171502,0.13035634658891435,calm
184.0,SYNTH_024,2.7482771253581215,198.68338708891582,0.19215065137563386,44.999994379573536,0.1310081640105257,calm
186.0,SYNTH_024,2.665382893111566,198.9036499172364,0.1866807920947382,44.99814877523348,0.13198952262443475,calm
188.0,SYNTH_024,2.8130273790170666,199.13059708779926,0.1812974643889388,44.99299808879519,0.13329770461319618,calm
190.0,SYNTH_024,2.6506883624986557,199.36415603708653,0.17601970763442445,44.98454402291801,0.1349290870404234,calm
192.0,SYNTH_024,2.8034463727781262,199.604250936639,0.17086392988499102,44.97278937225748,0.13687915188430677,calm
194.0,SYNTH_024,2.5505332544927852,199.85080273050036,0.1658439086226294,44.95773802254148,0.13914249855002092,calm
196.0,SYNTH_024,2.730171764627399,200.10372917425585,0.16097083525715303,44.93939494928574,0.14171285882636797,calm
198.0,SYNTH_024,2.4841684122127488,200.36294487564487,0.15625339897697713,44.91776621614909,0.14458311424523573,calm
200.0,SYNTH_024,2.622116803140293,200.62836133672857,0.1516979050012105,44.89285897292898,0.14774531579579453,calm
202.0,SYNTH_024,2.2027098425312506,200.8998869975904,0.14730842190771068,44.864681453197996,0.151190705938835,calm
204.0,SYNTH_024,2.1449893387064245,201.1774272815492,0.1430869525089039,44.83324297158209,0.15490974286028036,calm
206.0,SYNTH_024,2.155422169182226,201.4608846418619,0.13903362270783565,44.79855392068146,0.15889212689670346,calm
208.0,SYNTH_024,2.114917062704385,201.7501586098925,0.13514688287740484,44.76062576763501,0.16312682905966436,calm
210.0,SYNTH_024,2.073710838919677,202.04514584472454,0.1314237165487024,44.71947105032979,0.1676021215798737,calm
212.0,SYNTH_024,1.89915722272842,202.3457401841911,0.12785985154980506,44.675103373256206,0.17230561038658934,calm
214.0,SYNTH_024,1.9338239850902195,202.6518326972989,0.12444996918255022,44.627537403010926,0.17722426943229785,calm
216.0,SYNTH_024,1.8709647029423226,202.96331173801866,0.12118790753926877,44.57678886344845,0.1823444767676195,calm
218.0,SYNTH_024,1.9310487224488817,203.2800630004171,0.11806685562184424,44.52287453048333,0.18765205226653092,calm
220.0,SYNTH_024,1.8069040721694891,203.60196957510178,0.11507953551038345,44.465812226544585,0.19313229689742573,calm
222.0,SYNTH_024,1.9027230588550068,203.92891200695175,0.11221837041838437,44.405620814684106,0.19877003343125493,calm
224.0,SYNTH_024,1.6410907693393197,204.26076835410547,0.10947563704785193,44.34232019234114,0.20454964847400914,calm
226.0,SYNTH_024,1.7442927315622012,204.59741424817625,0.10684360120610778,44.27593128476478,0.21045513570713414,calm
228.0,SYNTH_024,1.6926240768591936,204.93872295566652,0.10431463615358295,44.20647603809677,0.2164701402161289,calm
230.0,SYNTH_024,1.4795396323255428,205.2845654405495,0.10188132360903823,44.13397741211671,0.22257800378456138,calm
232.0,SYNTH_024,1.3138016856238919,205.63481042798813,0.09953653773862613,44.05845937265228,0.22876181102806104,calm
234.0,SYNTH_024,1.3751471072156969,205.98932446915944,0.09727351279391155,43.97994688365693,0.23500443624052336,calm
236.0,SYNTH_024,1.4564243691966985,206.34797200715266,0.09508589533982222,43.89846589895747,0.2412885908227898,calm
238.0,SYNTH_024,1.5501809476900668,206.71061544390787,0.09296778222716083,43.81404335367458,0.24759687116244952,calm
240.0,SYNTH_024,1.626397186916012,207.07711520816306,0.09091374561831202,43.72670715531889,0.25391180683216424,calm
242.0,SYNTH_024,1.4840065916303524,207.44732982437546,0.08891884647321895,43.63648617456558,0.2602159089730339,calm
244.0,SYNTH_024,1.5271835874852204,207.82111598258274,0.08697863795085024,43.543410235710624,0.26649171872900707,calm
246.0,SYNTH_024,1.3945583851778227,208.19832860917097,0.08508916018532403,43.44751010681182,0.2727218555981992,calm
248.0,SYNTH_024,1.6615973002713338,208.5788209385125,0.08324692786218486,43.34881748951778,0.2788890655672156,calm
0.0,SYNTH_025,9.183243237867229,357.6707005903283,0.2410419556968591,8.504037648938544,0.85,crosswind
2.0,SYNTH_025,9.247443490825729,358.07802153526296,0.24264368398440264,8.673739783038148,0.8563128740005687,crosswind
4.0,SYNTH_025,9.362430868182887,358.483862036661,0.24422821799015623,8.842227491161156,0.8626082648519139,crosswind
6.0,SYNTH_025,9.332021386252332,358.88806119225427,0.24579456834314523,9.009445076426035,0.86886873782341,crosswind
8.0,SYNTH_025,9.433682407826002,359.2904589102827,0.24734182449046976,9.17533726181501,0.8750769548875342,crosswind
10.0,SYNTH_025,9.371648593003156,359.69089598854845,0.24886916695539565,9.339849208446953,0.881215722736558,crosswind
12.0,SYNTH_025,9.441062173134078,0.08921419303078437,0.25037588113462517,9.502926533705446,0.887268040398445,crosswind
14.0,SYNTH_025,9.578197113651767,0.48525633602343987,0.25186137274672454,9.664515329216002,0.8932171463200863,crosswind
16.0,SYNTH_025,9.674314147635615,0.8788663537549155,0.2533251850280202,9.824562178666529,0.8990465647874784,crosswind
18.0,SYNTH_025,9.426701510232506,1.2698893834537444,0.2547670177495314,9.98301417546513,0.9047401515542854,crosswind
20.0,SYNTH_025,9.669733340037528,1.6581718398208523,0.25618674809764685,10.139818940229393,0.9102821385524215,crosswind
22.0,SYNTH_025,9.524297947726383,2.0435614908710704,0.25758445342129593,10.294924638101435,0.9156571775608268,crosswind
24.0,SYNTH_025,9.71721972229583,2.4259075331061695,0.25896043579843936,10.448279995882892,0.9208503827115023,crosswind
26.0,SYNTH_025,9.509863445226953,2.8050606659829214,0.2603152483140876,10.59983431898429,0.925847371715084,crosswind
28.0,SYNTH_025,9.653633480057952,3.1808731656383884,0.2616497228702862,10.749537508183113,0.9306343056917825,crosswind
30.0,SYNTH_025,9.746286210736267,3.55319895783731,0.2629649992654254,10.897340076185094,0.935197927497383,crosswind
32.0,SYNTH_025,9.950400011353725,3.921893690104355,0.2642625551860709,11.043193163983165,0.9395255984381587,crosswind
34.0,SYNTH_025,9.862861033847985,4.286814803006507,0.26554423665000076,11.187048557008787,0.9436053332730233,crosswind
36.0,SYNTH_025,9.779283543418128,4.647821600549605,0.2668122883255353,11.328858701070182,0.9474258334059797,crosswind
38.0,SYNTH_025,9.805632789753497,5.004775319655266,0.2680693830314689,11.468576718072317,0.9509765181769476,crosswind
40.0,SYNTH_025,9.758315477459124,5.357539198683185,0.26931864959654095,11.60615642151335,0.9542475541643043,crosswind
42.0,SYNTH_025,9.630425846651258,5.705978544964296,0.2705636981307295,11.741552331752487,0.9572298824179939,crosswind
44.0,SYNTH_025,9.674569602979789,6.049960801313773,0.27180864163676505,11.874719691044152,0.9599152435477785,crosswind
46.0,SYNTH_025,9.97719924310877,6.389355611488099,0.2730581127739193,12.00561447833353,0.9622962005971551,crosswind
48.0,SYNTH_025,9.705825526573687,6.72403488455609,0.27431727448277093,12.134193423808586,0.9643661596395882,crosswind
50.0,SYNTH_025,9.613064367212445,7.053872858150953,0.2755918230953065,12.260414023203735,0.9661193880400176,crosswind
52.0,SYNTH_025,9.869108777075192,7.3787461605728595,0.27688798249585417,12.384234551850454,0.9675510303310692,crosswind
54.0,SYNTH_025,9.92069245329683,7.698533871710424,0.27821248787168684,12.50561407847018,0.9686571216599981,crosswind
56.0,SYNTH_025,9.724833906592208,8.013117582751988,0.27957255760442945,12.62451247870494,0.9694345987691253,crosswind
58.0,SYNTH_025,9.80251207696211,8.322381454656806,0.2809758519111703,12.740890448381236,0.9698813084793575,crosswind
60.0,SYNTH_025,9.79213799680849,8.626212275357034,0.28243041695336646,12.854709516502803,0.9699960136532955,crosswind
62.0,SYNTH_025,9.749605768590222,8.924499515662887,0.2839446132973129,12.965932057967937,0.9697783966214161,crosswind
64.0,SYNTH_025,9.784262319788738,9.217135383841992,0.2855270278359156,13.074521306007211,0.9692290600618406,crosswind
66.0,SYNTH_025,9.809001509786299,9.504014878848693,0.2871863685699788,13.180441364337446,0.9683495253312512,crosswind
68.0,SYNTH_025,9.737539957842452,9.785035842173556,0.2889313419983969,13.283657219027907,0.9671422282515795,crosswind
70.0,SYNTH_025,9.750995136119446,10.060099008290024,0.29077051327848286,13.384134750074857,0.9656105123641346,crosswind
72.0,SYNTH_025,9.586009761140234,10.329108053672826,0.2927121497855574,13.481840742680578,0.9637586196698542,crosswind
74.0,SYNTH_025,9.695916465926912,10.591969644362734,0.29476404921749805,13.576742898233165,0.9615916788813209,crosswind
76.0,SYNTH_025,9.601489759612507,10.848593482055719,0.29693335394501263,13.668809844983462,0.9591156912190818,crosswind
78.0,SYNTH_025,9.527982367250567,11.0988923486928,0.2992263538888944,13.758011148415601,0.9563375137916061,crosswind
80.0,SYNTH_025,9.577595469342507,11.342782149529057,0.3016482807956937,13.844317321307724,0.9532648406049092,crosswind
82.0,SYNTH_025,9.563190833167976,11.58018195466002,0.30420309736492224,13.927699833479553,0.9499061812544357,crosswind
84.0,SYNTH_025,9.480766902465202,11.811014038985604,0.30689328523387693,14.008131121223599,0.9462708373582138,crosswind
86.0,SYNTH_025,9.587833661423907,12.035203920590902,0.30971963632879546,14.085584596416876,0.9423688767965486,crosswind
88.0,SYNTH_025,9.493326789739458,12.252680397526376,0.31268105252087947,14.160034655310124,0.9382111058295926,crosswind
90.0,SYNTH_025,9.512309625670815,12.463375582967615,0.31577435886038047,14.231456686991622,0.9338090391700183,crosswind
92.0,SYNTH_025,9.529266853307035,12.667224938738116,0.31899413587995773,14.29982708152281,0.9291748680936683,crosswind
94.0,SYNTH_025,9.356896990786321,12.864167307179116,0.32233257654034286,14.365123237743004,0.9243214266765034,crosswind
96.0,SYNTH_025,9.389043258042827,13.054144941349364,0.3257793733202858,14.427323570740647,0.9192621562513518,crosswind
98.0,SYNTH_025,9.474094795945627,13.237103533541017,0.32932164071595915,14.48640751898863,0.9140110681828939,crosswind
100.0,SYNTH_025,9.371980280130265,13.412992242097062,0.3329438780043367,14.542355551141299,0.908582705063977,crosswind
102.0,SYNTH_025,9.432000597472578,13.581763716517457,0.3366279765378919,14.595149172490919,0.9029921004407228,crosswind
104.0,SYNTH_025,9.26091512709597,13.743374120841167,0.34035327507776464,14.644770931081453,0.8972547371779671,crosswind
106.0,SYNTH_025,9.211459880532285,13.897783155292302,0.34409666574927283,14.69120442347766,0.8913865045803376,crosswind
108.0,SYNTH_025,9.252152407716052,14.04495407618083,0.3478327521339356,14.734434300187559,0.8854036543877193,crosswind
110.0,SYNTH_025,9.361295565570934,14.18485371404671,0.3515340598191813,14.774446270736494,0.8793227557669746,crosswind
112.0,SYNTH_025,9.16522690917628,14.317452490039045,0.35517129843992995,14.811227108391146,0.8731606494245695,crosswind
114.0,SYNTH_025,9.161170949957326,14.44272443052256,0.35871367289997713,14.844764654531868,0.866934400967184,crosswind
116.0,SYNTH_025,9.024937753748187,14.56064717990347,0.362129240094738,14.87504782267197,0.8606612536394755,crosswind
118.0,SYNTH_025,9.185361706568289,14.67120201166881,0.3653853061127972,14.902066602122554,0.8543585805698829,crosswind
120.0,SYNTH_025,8.786546236243847,14.774373837633561,0.36844885761598656,14.925812061301759,0.8480438366567253,crosswind
122.0,SYNTH_025,9.08751954684858,14.87015121539173,0.37128701993064767,14.946276350687258,0.8417345102278441,crosswind
124.0,SYNTH_025,9.291250550609343,14.95852635396625,0.373867533369024,14.963452705411068,0.8354480746076623,crosswind
126.0,SYNTH_025,8.890339223541762,15.039495117656486,0.3761592384787639,14.97733544749582,0.8292019397257971,crosswind
128.0,SYNTH_025,8.920577771781632,15.113057028080163,0.3781325603247118,14.987919987731711,0.8230134039012391,crosswind
130.0,SYNTH_025,8.961613551924211,15.179215264410004,0.3797599815683866,14.99520282719357,0.8168996059356315,crosswind
132.0,SYNTH_025,8.96163187510126,15.2379766618036,0.3810164940468056,14.999181558397481,0.8108774776483241,crosswind
134.0,SYNTH_025,8.915784362734271,15.289351708028164,0.38188001877468014,14.999854866096637,0.804963696984652,crosswind
136.0,SYNTH_025,9.007922936223567,15.333354538281526,0.3823317848039156,14.997222527716113,0.799174641827305,crosswind
138.0,SYNTH_025,8.839396016933607,15.370002928212386,0.38235665816323977,14.99128541342644,0.7935263446387038,crosswind
140.0,SYNTH_025,8.923108984870922,15.399318285142328,0.381943413150174,14.982045485855961,0.7880344480599966,crosswind
142.0,SYNTH_025,8.81460686747054,15.421325637494533,0.3810849395295661,14.969505799442043,0.7827141615896458,crosswind
144.0,SYNTH_025,8.915396192193093,15.43605362243511,0.37977838067104913,14.953670499421367,0.7775802194615781,crosswind
146.0,SYNTH_025,9.06153484402466,15.443534471731482,0.37802519928836176,14.934544820459655,0.7726468398395521,crosswind
148.0,SYNTH_025,8.956654270445359,15.44380399583622,0.37583116917700665,14.912135084921228,0.7679276854407551,crosswind
150.0,SYNTH_025,8.907961164240588,15.43690156620346,0.37320629312992,14.886448700779049,0.7634358256976762,crosswind
152.0,SYNTH_025,9.071390845088851,15.422870095847372,0.37016464898847246,14.857494159165851,0.7591837005630486,crosswind
154.0,SYNTH_025,8.955631048616565,15.401756018151104,0.36672416750324094,14.825281031567252,0.7551830860581012,crosswind
156.0,SYNTH_025,9.0705341816764,15.373609263937567,0.36290634728286547,14.789819966657694,0.7514450616595303,crosswind
158.0,SYNTH_025,9.156301249605596,15.338483236813659,0.3587359135515135,14.751122686780327,0.7479799796155122,crosswind
160.0,SYNTH_025,9.13327917811095,15.296434786798898,0.3542404286735993,14.709201984071962,0.7447974362757354,crosswind
162.0,SYNTH_025,9.120435990592531,15.247524182252619,0.34944986340363965,14.664071716234377,0.7419062455148491,crosswind
164.0,SYNTH_025,9.248827974922593,15.191815080112804,0.3443961385533743,14.615746801953389,0.7393144143229347,crosswind
166.0,SYNTH_025,9.218959305452902,15.12937449446224,0.3391126472210344,14.564243215967188,0.7370291206305963,crosswind
168.0,SYNTH_025,9.368605295550621,15.060272763436217,0.33363376789234983,14.509577983785583,0.735056693430087,crosswind
170.0,SYNTH_025,9.517173797817772,14.984583514489145,0.3279943786029405,14.451769176061887,0.7334025952475198,crosswind
172.0,SYNTH_025,9.529782729672693,14.902383628036887,0.3222293819600744,14.39083590261931,0.7320714070147106,crosswind
174.0,SYNTH_025,9.604413953654309,14.81375319949268,0.31637325018006623,14.326798306133838,0.7310668153825437,crosswind
176.0,SYNTH_025,9.519523761485962,14.71877549971532,0.31045959843512594,14.25967755547568,0.730391602511001,crosswind
178.0,SYNTH_025,9.435175857356429,14.61753693388954,0.3045207937557911,14.18949583871149,0.7300476383641256,crosswind
180.0,SYNTH_025,9.687021279787757,14.510126998858595,0.2985876055423685,14.116276355769665,0.7300358755312621,crosswind
182.0,SYNTH_025,9.587408992294588,14.396638238930052,0.2926889024442334,14.040043310771164,0.7303563465889144,crosswind
184.0,SYNTH_025,9.584525030540053,14.27716620017685,0.2868513990137563,13.960821904028363,0.7310081640105257,crosswind
186.0,SYNTH_025,9.738227257368195,14.151809383255795,0.2810994541759534,13.878638323714599,0.7319895226244347,crosswind
188.0,SYNTH_025,9.56558951474876,14.020669194767436,0.27545492221752355,13.793519737207177,0.7332977046131962,crosswind
190.0,SYNTH_025,9.624899424619082,13.88384989718088,0.269937055728112,13.705494282106649,0.7349290870404234,crosswind
192.0,SYNTH_025,9.50175452760013,13.741458557347869,0.26456245875612794,13.614591056935383,0.7368791518843067,crosswind
194.0,SYNTH_025,9.391617295877474,13.59360499363305,0.25934508739934775,13.5208401115185,0.7391424985500209,crosswind
196.0,SYNTH_025,9.332477971719275,13.440401721684282,0.2542962941587437,13.424272437050307,0.741712858826368,crosswind
198.0,SYNTH_025,9.604075152296678,13.28196389887222,0.24942491165776928,13.324919955849557,0.7445831142452357,crosswind
200.0,SYNTH_025,9.359349733046432,13.118409267424283,0.2447373707773688,13.222815510806909,0.7477453157957945,crosswind
202.0,SYNTH_025,9.300770351092726,12.949858096283037,0.24023784788145866,13.117992854528074,0.751190705938835,crosswind
204.0,SYNTH_025,9.281017920277009,12.776433121716707,0.23592843560476456,13.010486638176243,0.7549097428602803,crosswind
206.0,SYNTH_025,9.270886637269033,12.598259486710731,0.23180933163555284,12.900332400017453,0.7588921268967035,crosswind
208.0,SYNTH_025,9.186507210202295,12.415464679171635,0.2278790400362685,12.787566553672743,0.7631268290596643,crosswind
210.0,SYNTH_025,8.99291808284499,12.228178468972544,0.22413457988804827,12.672226376080918,0.7676021215798736,crosswind
0.0,SYNTH_026,6.90981859043153,326.176987146974,0.4706308636716892,348.43552231141024,1.15,changing_wind_current
2.0,SYNTH_026,6.829443886647475,325.9244182926356,0.4723325704489752,348.61535031678744,1.1563128740005686,changing_wind_current
4.0,SYNTH_026,6.998264176482862,325.6714324587697,0.4740418250274191,348.7956360449875,1.1626082648519138,changing_wind_current
6.0,SYNTH_026,6.980368165277957,325.418194076058,0.4757575362302596,348.9763198990643,1.16886873782341,changing_wind_current
8.0,SYNTH_026,7.0211218497230234,325.1648676998929,0.4774786715856666,349.15734215046365,1.1750769548875342,changing_wind_current
10.0,SYNTH_026,7.116321994399043,324.91161792911856,0.47920426968435104,349.33864295876754,1.1812157227365578,changing_wind_current
12.0,SYNTH_026,7.171796327512411,324.6586093247508,0.4809334540926906,349.5201623914754,1.1872680403984448,changing_wind_current
14.0,SYNTH_026,7.126017633883303,324.4060063287156,0.4826654489332554,349.70184044381637,1.1932171463200862,changing_wind_current
16.0,SYNTH_026,7.062191864611303,324.1539731826472,0.48439959622893497,349.8836170585846,1.1990465647874782,changing_wind_current
18.0,SYNTH_026,7.232632151486536,323.9026738467837,0.4861353750841163,350.0654321459926,1.2047401515542855,changing_wind_current
20.0,SYNTH_026,7.112683236615024,323.6522719190029,0.48787242274548354,350.247225603535,1.2102821385524214,changing_wind_current
22.0,SYNTH_026,7.215323299477315,323.4029305540362,0.4896105575450456,350.4289373358566,1.2156571775608267,changing_wind_current
24.0,SYNTH_026,7.3446705355511375,323.1548123829018,0.4913498036780547,350.610507274618,1.2208503827115023,changing_wind_current
26.0,SYNTH_026,7.4025717422708635,322.90807943259676,0.493090417707852,350.79187539835243,1.225847371715084,changing_wind_current
28.0,SYNTH_026,7.417508542758099,322.6628930460862,0.49483291661789547,350.97298175230713,1.2306343056917826,changing_wind_current
30.0,SYNTH_026,7.409162114092239,322.41941380263165,0.49657810714812806,351.1537664682623,1.2351979274973828,changing_wind_current
32.0,SYNTH_026,7.322989557267332,322.17780143849575,0.49832711605867464,351.3341697843217,1.2395255984381588,changing_wind_current
34.0,SYNTH_026,7.356483089017827,321.9382147680634,0.50008142085933,351.51413206466856,1.2436053332730233,changing_wind_current
36.0,SYNTH_026,7.506173940103068,321.70081160541787,0.5018428804296908,351.69359381927865,1.2474258334059798,changing_wind_current
38.0,SYNTH_026,7.440810142469139,321.46574868641153,0.5036137648339958,351.87249572358655,1.2509765181769474,changing_wind_current
40.0,SYNTH_026,7.407300910046553,321.2331815912686,0.5053967835093538,352.05077863809595,1.2542475541643043,changing_wind_current
42.0,SYNTH_026,7.561749519425437,321.003264667758,0.5071951108793742,352.2283836279299,1.2572298824179937,changing_wind_current
44.0,SYNTH_026,7.549793115991765,320.77615095497606,0.5090124083213189,352.4052519823124,1.2599152435477783,changing_wind_current
46.0,SYNTH_026,7.589662272888711,320.5519921077745,0.5108528412985404,352.5813252339766,1.262296200597155,changing_wind_current
48.0,SYNTH_026,7.5949179082613965,320.33093832187205,0.512721090366605,352.75654517849244,1.264366159639588,changing_wind_current
50.0,SYNTH_026,7.555192929094097,320.113138259687,0.5146223546771519,352.930853893507,1.2661193880400174,changing_wind_current
52.0,SYNTH_026,7.766867286248329,319.89873897692667,0.51656234654466,353.1041937578919,1.267551030331069,changing_wind_current
54.0,SYNTH_026,7.859263151547759,319.6878858499702,0.5185472756146307,353.2765074707913,1.268657121659998,changing_wind_current
56.0,SYNTH_026,7.656044666049211,319.4807225040807,0.5205838211839797,353.4477380705634,1.2694345987691251,changing_wind_current
58.0,SYNTH_026,7.562960309037138,319.2773907424822,0.522679091282188,353.6178289536107,1.2698813084793574,changing_wind_current
60.0,SYNTH_026,7.745224990448362,319.0780304763363,0.5248405672309419,353.786723893091,1.2699960136532953,changing_wind_current
62.0,SYNTH_026,7.897163632019228,318.8827796556529,0.5270760325656634,353.95436705750467,1.269778396621416,changing_wind_current
64.0,SYNTH_026,7.943802058241361,318.69177420116944,0.5293934854282987,354.1207030291504,1.2692290600618406,changing_wind_current
66.0,SYNTH_026,7.696112313844365,318.50514793723283,0.5318010338291844,354.2856768224449,1.2683495253312511,changing_wind_current
68.0,SYNTH_026,7.802046549289581,318.3230325257155,0.5343067735269946,354.4492339020994,1.2671422282515794,changing_wind_current
70.0,SYNTH_026,7.6477215226663695,318.1455574010003,0.5369186486875992,354.6113202011473,1.2656105123641346,changing_wind_current
72.0,SYNTH_026,7.764384643646191,317.97284970606444,0.5396442959505496,354.77188213881703,1.2637586196698543,changing_wind_current
74.0,SYNTH_026,7.74139224778972,317.80503422969605,0.5424908730484801,354.93086663824425,1.2615916788813208,changing_wind_current
76.0,SYNTH_026,7.853773717446613,317.64223334487207,0.5454648736797657,355.0882211440176,1.2591156912190817,changing_wind_current
78.0,SYNTH_026,7.820285233432749,317.48456694832976,0.5485719309152697,355.2438936395515,1.2563375137916062,changing_wind_current
80.0,SYNTH_026,7.741205297917933,317.33215240136116,0.5518166120101831,355.3978326642817,1.2532648406049092,changing_wind_current
82.0,SYNTH_026,7.900545309955241,317.18510447185895,0.5552022080736341,355.54998733067623,1.2499061812544356,changing_wind_current
84.0,SYNTH_026,7.827972981995173,317.0435352776435,0.5587305226017113,355.7003073410575,1.2462708373582139,changing_wind_current
86.0,SYNTH_026,7.885693389052516,316.9075542310981,0.5624016633821665,355.84874300422905,1.2423688767965484,changing_wind_current
88.0,SYNTH_026,7.939778505802471,316.77726798514055,0.56621384270888,355.99524525190185,1.2382111058295926,changing_wind_current
90.0,SYNTH_026,7.737875002271263,316.6527803805573,0.5701631911788292,356.139765654915,1.2338090391700183,changing_wind_current
92.0,SYNTH_026,7.733538815039029,316.53419239472584,0.5742435905623076,356.28225643924475,1.2291748680936683,changing_wind_current
94.0,SYNTH_026,7.738154002975582,316.42160209175165,0.5784465313189693,356.42267050179726,1.2243214266765032,changing_wind_current
96.0,SYNTH_026,7.728071385520518,316.3151045740434,0.5827610002612066,356.5609614259793,1.2192621562513517,changing_wind_current
98.0,SYNTH_026,7.74273356954368,316.2147919353509,0.587173403629569,356.69708349704223,1.2140110681828937,changing_wind_current
100.0,SYNTH_026,7.512114600849628,316.120753215288,0.5916675304342695,356.83099171719397,1.208582705063977,changing_wind_current
102.0,SYNTH_026,7.672426060784289,316.03307435536504,0.5962245603296547,356.9626418204738,1.2029921004407227,changing_wind_current
104.0,SYNTH_026,7.618652258150903,315.95183815654974,0.6008231195283089,357.09199028738516,1.197254737177967,changing_wind_current
106.0,SYNTH_026,7.750000868203264,315.8771242383797,0.6054393873381992,357.2189943592824,1.1913865045803376,changing_wind_current
108.0,SYNTH_026,7.670595365069408,315.80900899964564,0.6100472548365505,357.3436120525049,1.185403654387719,changing_wind_current
110.0,SYNTH_026,7.398055980366276,315.74756558066554,0.6146185360011499,357.46580217225585,1.1793227557669745,changing_wind_current
112.0,SYNTH_026,7.399369691341633,315.692863827167,0.6191232303327955,357.58552432622,1.1731606494245694,changing_wind_current
114.0,SYNTH_026,7.61404672671743,315.6449702557969,0.6235298346563426,357.70273893791614,1.166934400967184,changing_wind_current
116.0,SYNTH_026,7.568422897288781,315.6039480212756,0.6278057004214319,357.81740725977966,1.1606612536394754,changing_wind_current
118.0,SYNTH_026,7.312227543680764,315.5698568852101,0.6319174314798738,357.9294913859716,1.1543585805698828,changing_wind_current
120.0,SYNTH_026,7.416498065473411,315.54275318658347,0.6358313160389422,358.0389542649089,1.1480438366567254,changing_wind_current
122.0,SYNTH_026,7.122477098513449,315.52268981393473,0.6395137853227653,358.1457597115129,1.141734510227844,changing_wind_current
124.0,SYNTH_026,7.5311279087262895,315.50971617924154,0.6429318904602925,358.2498724191704,1.1354480746076623,changing_wind_current
126.0,SYNTH_026,7.153599517557088,315.50387819352056,0.6460537882973588,358.35125797140563,1.129201939725797,changing_wind_current
128.0,SYNTH_026,7.304059870244073,315.505218244156,0.6488492262365609,358.4498828532568,1.123013403901239,changing_wind_current
130.0,SYNTH_026,7.43522995807158,315.51377517396907,0.6512900158698928,358.5457144623553,1.1168996059356315,changing_wind_current
132.0,SYNTH_026,7.223309662631024,315.52958426203617,0.6533504851053427,358.6387211197032,1.110877477648324,changing_wind_current
134.0,SYNTH_026,7.1566330810128616,315.55267720626875,0.6550078987110364,358.728872080145,1.104963696984652,changing_wind_current
136.0,SYNTH_026,7.216394998055635,315.58308210776,0.6562428377104115,358.8161375425312,1.099174641827305,changing_wind_current
138.0,SYNTH_026,7.326336185305101,315.62082345690874,0.6570395288508123,358.9004886595698,1.0935263446387038,changing_wind_current
140.0,SYNTH_026,7.308871194462467,315.66592212132593,0.6573861164172885,358.9818975473622,1.0880344480599966,changing_wind_current
142.0,SYNTH_026,7.316309717660979,315.7183953355295,0.6572748699453884,359.0603372946208,1.0827141615896458,changing_wind_current
144.0,SYNTH_026,7.267721107514466,315.77825669243475,0.6567023228648937,359.13578197156494,1.077580219461578,changing_wind_current
146.0,SYNTH_026,7.304019881968645,315.8455161366412,0.6556693387370149,359.2082066384926,1.0726468398395521,changing_wind_current
148.0,SYNTH_026,7.335611055465325,315.92017995952256,0.6541811034811219,359.2775873540246,1.0679276854407551,changing_wind_current
150.0,SYNTH_026,7.204846775431163,316.0022507961195,0.6522470437702782,359.3439011830191,1.0634358256976761,changing_wind_current
152.0,SYNTH_026,7.411233197828852,316.0917276238387,0.6498806735525133,359.4071262041531,1.0591837005630484,changing_wind_current
154.0,SYNTH_026,7.417953167660642,316.188605762958,0.6470993723718832,359.4672415171689,1.0551830860581013,changing_wind_current
156.0,SYNTH_026,7.487063887201867,316.29287687893674,0.6439241007672619,359.5242272497832,1.0514450616595301,changing_wind_current
158.0,SYNTH_026,7.616034513142367,316.40452898653183,0.6403790594690157,359.5780645642563,1.0479799796155123,changing_wind_current
160.0,SYNTH_026,7.577635655152427,316.5235464557162,0.6364913003518526,359.62873566361907,1.0447974362757353,changing_wind_current
162.0,SYNTH_026,7.38012171960989,316.6499100193967,0.6322902981013749,359.6762237975563,1.0419062455148491,changing_wind_current
164.0,SYNTH_026,7.471823245581986,316.78359678292844,0.627807492286127,359.7205132679439,1.0393144143229347,changing_wind_current
166.0,SYNTH_026,7.805627427940427,316.92458023542054,0.6230758099796886,359.7615894340379,1.0370291206305962,changing_wind_current
168.0,SYNTH_026,7.5512156162724065,317.0728302628271,0.6181291792420844,359.79943871731444,1.0350566934300869,changing_wind_current
170.0,SYNTH_026,7.712592457733652,317.2283131628177,0.6130020436498448,359.8340486059585,1.0334025952475199,changing_wind_current
172.0,SYNTH_026,7.797334131262435,317.3909916614203,0.6077288876724002,359.86540765899974,1.0320714070147106,changing_wind_current
174.0,SYNTH_026,7.708905457300169,317.5608249314268,0.6023437820507938,359.89350551009466,1.0310668153825437,changing_wind_current
176.0,SYNTH_026,7.797433050907615,317.7377686125542,0.5968799574722422,359.91833287095324,1.030391602511001,changing_wind_current
178.0,SYNTH_026,7.552056749216353,317.9217748333496,0.5913694137864123,359.93988153440966,1.0300476383641255,changing_wind_current
180.0,SYNTH_026,7.7738220477096664,318.11279223483007,0.5858425708165815,359.95814437713506,1.030035875531262,changing_wind_current
182.0,SYNTH_026,7.747511284898641,318.3107659958435,0.5803279655242868,359.97311536199226,1.0303563465889143,changing_wind_current
184.0,SYNTH_026,7.954725691364397,318.5156378601399,0.5748519989339989,359.9847895400318,1.0310081640105255,changing_wind_current
186.0,SYNTH_026,7.8485255798105955,318.7273461651387,0.5694387348586958,359.9931630521275,1.0319895226244347,changing_wind_current
188.0,SYNTH_026,7.849466230329716,318.94582587237824,0.564109751129792,359.9982331302525,1.0332977046131961,changing_wind_current
190.0,SYNTH_026,7.640458297815292,319.17100859963205,0.5588840427640638,359.9999980983941,1.0349290870404233,changing_wind_current
192.0,SYNTH_026,7.759856688080203,319.4028226546764,0.5537779753297167,359.9984573731078,1.0368791518843066,changing_wind_current
194.0,SYNTH_026,7.561594568018751,319.64119307069285,0.5488052857316532,359.9936114637102,1.0391424985500208,changing_wind_current
196.0,SYNTH_026,7.602156375472634,319.8860416432869,0.5439771267442215,359.9854619721107,1.0417128588263678,changing_wind_current
198.0,SYNTH_026,7.43935670384135,320.13728696910607,0.5393021508935326,359.97401159228207,1.0445831142452358,changing_wind_current
200.0,SYNTH_026,7.465648187431728,320.39484448603724,0.5347866287394785,359.9592641093693,1.0477453157957943,changing_wind_current
202.0,SYNTH_026,7.35387939738599,320.6586265149644,0.5304345962320773,359.9412243984392,1.0511907059388348,changing_wind_current
204.0,SYNTH_026,7.411026097045827,320.92854230306483,0.5262480256139282,359.9198984228683,1.0549097428602803,changing_wind_current
206.0,SYNTH_026,7.3092524635340546,321.20449806862354,0.5222270143012142,359.8952932323716,1.0588921268967033,changing_wind_current
208.0,SYNTH_026,6.967972213221671,321.4863970473434,0.518369986286189,359.86741696067236,1.0631268290596643,changing_wind_current
210.0,SYNTH_026,7.084288454801793,321.77413954012803,0.5146739008470508,359.83627882281314,1.0676021215798737,changing_wind_current
212.0,SYNTH_026,6.985443182949994,322.06762296231386,0.5111344637065312,359.8018891121096,1.0723056103865893,changing_wind_current
214.0,SYNTH_026,6.9795740418536045,322.3667418943269,0.5077463362267152,359.764259196748,1.0772242694322978,changing_wind_current
0.0,SYNTH_027,1.2544840906309016,213.4866304109621,0.04403588123995233,25.669691906120747,0.25,calm
2.0,SYNTH_027,1.2363905757816267,213.28970451316943,0.04468036909400039,25.73664800135947,0.2563128740005687,calm
4.0,SYNTH_027,1.3039836469337591,213.0887246071442,0.04537130185924455,25.806666277362716,0.2626082648519139,calm
6.0,SYNTH_027,1.5064628330197714,212.88382944268562,0.046108419585488024,25.87972358823061,0.26886873782341003,calm
8.0,SYNTH_027,1.3620768120291118,212.6751597029742,0.046891488598376205,25.95579578345131,0.27507695488753425,calm
10.0,SYNTH_027,1.2908300274500897,212.4628579351016,0.047720313204971096,26.034857715884463,0.28121572273655804,calm
12.0,SYNTH_027,1.3797857775707083,212.24706847967965,0.0485947489818455,26.116883250074057,0.287268040398445,calm
14.0,SYNTH_027,1.215796893403439,212.0279373995644,0.04951471775808917,26.201845270887997,0.2932171463200863,calm
16.0,SYNTH_027,1.6092359907864386,211.80561240772877,0.05048022438991914,26.28971569248157,0.2990465647874783,calm
18.0,SYNTH_027,1.3611231603634488,211.5802427943213,0.05149137540080545,26.380465467581725,0.30474015155428547,calm
20.0,SYNTH_027,1.284589431319107,211.35197935294542,0.052548399530127084,26.47406459708925,0.3102821385524215,calm
22.0,SYNTH_027,1.4525561509280718,211.1209743061966,0.053651670193381344,26.570482139995537,0.3156571775608268,calm
24.0,SYNTH_027,1.5351478364454891,210.88738123049382,0.05480172980700359,26.669686223610725,0.32085038271150235,calm
26.0,SYNTH_027,1.4695683477754824,210.6513549802424,0.0559993158702042,26.771644054099866,0.325847371715084,calm
28.0,SYNTH_027,1.5875780559861619,210.41305161136597,0.05724538862442242,26.876321927323524,0.33063430569178254,calm
30.0,SYNTH_027,1.561477764406661,210.17262830424485,0.058541160027875586,26.983685239979366,0.335197927497383,calm
32.0,SYNTH_027,1.6055804533316682,209.93024328609943,0.0598881236884885,27.093698501040944,0.33952559843815877,calm
34.0,SYNTH_027,1.531605047148609,209.6860557528563,0.06128808529393395,27.20632534348993,0.3436053332730233,calm
36.0,SYNTH_027,1.688593500898707,209.44022579053643,0.06274319296388291,27.321528536337947,0.34742583340597977,calm
38.0,SYNTH_027,1.818155868100431,209.1929142962035,0.06425596682874618,27.439269996934023,0.3509765181769476,calm
40.0,SYNTH_027,1.7535109187991322,208.94428289851174,0.0658293270137805,27.559510803553493,0.3542475541643043,calm
42.0,SYNTH_027,1.8723181758152063,208.69449387789285,0.06746661908074078,27.68221120826439,0.3572298824179939,calm
44.0,SYNTH_027,1.7329269079842353,208.44371008642045,0.06917163585533688,27.807330650066852,0.3599152435477785,calm
46.0,SYNTH_027,1.8369450560326577,208.19209486739297,0.07094863445237358,27.93482776830136,0.3622962005971551,calm
48.0,SYNTH_027,1.9711879125739702,207.93981197467335,0.07280234720706255,28.064660416321328,0.3643661596395882,calm
50.0,SYNTH_027,1.985254237566595,207.68702549182646,0.07473798513661374,28.196785675425453,0.36611938804001765,calm
52.0,SYNTH_027,1.960041951772141,207.43389975109332,0.07676123249731769,28.33115986904538,0.3675510303310692,calm
54.0,SYNTH_027,2.0933196194370365,207.18059925224284,0.07887823097563121,28.46773857718377,0.36865712165999803,calm
56.0,SYNTH_027,2.146300391914988,206.92728858134075,0.08109555206404216,28.606476651098255,0.36943459876912527,calm
58.0,SYNTH_027,2.1349277929096626,206.67413232947573,0.08342015623021763,28.74732822822621,0.3698813084793575,calm
60.0,SYNTH_027,2.0515917628525147,206.42129501148332,0.08585933759709495,28.890246747345486,0.3699960136532955,calm
62.0,SYNTH_027,2.2626237571094903,206.16894098470735,0.08842065301721724,29.035184963966163,0.3697783966214161,calm
64.0,SYNTH_027,2.2092592552849952,205.9172343678391,0.09111183465055545,29.182094965948124,0.3692290600618406,calm
66.0,SYNTH_027,2.3692189777013333,205.6663389598744,0.09394068544348885,29.330928189339325,0.3683495253312512,calm
68.0,SYNTH_027,2.3302888803211945,205.41641815922867,0.09691495725776693,29.48163543442957,0.3671422282515795,calm
70.0,SYNTH_027,2.3279430968496673,205.1676348830495,0.10004221181008044,29.63416688201442,0.36561051236413467,calm
72.0,SYNTH_027,2.3509611433406876,204.92015148676703,0.10332966505072957,29.788472109863903,0.36375861966985423,calm
74.0,SYNTH_027,2.407129352554768,204.67412968392202,0.10678401612642144,29.944500109390564,0.3615916788813209,calm
76.0,SYNTH_027,2.4743302320059453,204.4297304663102,0.11041126262725864,30.102199302511327,0.3591156912190818,calm
78.0,SYNTH_027,2.4591508671927977,204.1871140244838,0.11421650439844548,30.261517558697662,0.35633751379160616,calm
80.0,SYNTH_027,2.335139184785805,203.946439668648,0.1182037387873842,30.422402212208308,0.35326484060490926,calm
82.0,SYNTH_027,2.4572221307765325,203.70786574999275,0.12237565077848306,30.58480007949896,0.3499061812544357,calm
84.0,SYNTH_027,2.4702889174282703,203.47154958249772,0.1267334020209426,30.748657476803178,0.3462708373582139,calm
86.0,SYNTH_027,2.5455198659979876,203.2376473652496,0.13127642325737832,30.913920237878507,0.34236887679654854,calm
88.0,SYNTH_027,2.464067340520829,203.00631410530997,0.1360022150909394,31.080533731912233,0.33821110582959263,calm
90.0,SYNTH_027,2.918421906382025,202.7777035411717,0.14090616236320866,31.248442881580676,0.33380903917001836,calm
92.0,SYNTH_027,2.703902220137671,202.5519680668419,0.14598136763316094,31.417592181256012,0.32917486809366836,calm
94.0,SYNTH_027,2.675150278333865,202.32925865658856,0.1512185093292551,31.5879257153548,0.32432142667650343,calm
96.0,SYNTH_027,2.595318649920465,202.1097247903887,0.15660573007564849,31.7593871768219,0.3192621562513518,calm
98.0,SYNTH_027,2.879484427024348,201.8935143801138,0.1621285604567029,31.931919885743895,0.3140110681828939,calm
100.0,SYNTH_027,2.61416203717968,201.68077369649023,0.16776988307326396,32.10546680808576,0.30858270506397706,calm
102.0,SYNTH_027,2.7657974550201154,201.47164729686946,0.1735099411570057,32.2799705745445,0.30299210044072283,calm
104.0,SYNTH_027,2.5813771082040295,201.26627795384493,0.1793263952489107,32.455373499513776,0.2972547371779671,calm
106.0,SYNTH_027,2.80211580851588,201.06480658474976,0.18519443052466383,32.63161760015292,0.2913865045803377,calm
108.0,SYNTH_027,2.6977304178912433,200.8673721820709,0.19108691628000918,32.80864461555433,0.2854036543877193,calm
110.0,SYNTH_027,2.860574503992094,200.67411174481376,0.19697461789610504,32.98639602600275,0.27932275576697463,calm
112.0,SYNTH_027,2.7960562161797275,200.48516021085092,0.2028264603179117,33.16481307232008,0.2731606494245696,calm
114.0,SYNTH_027,2.6722530894144176,200.30065039028923,0.20860984073236602,33.34383677528933,0.26693440096718407,calm
116.0,SYNTH_027,2.793749454584213,200.12071289988688,0.21429098676671252,33.523407955151455,0.2606612536394755,calm
118.0,SYNTH_027,2.7689276107894596,199.9454760985544,0.21983535518323147,33.70346725116823,0.2543585805698829,calm
120.0,SYNTH_027,2.856421460619594,199.77506602396969,0.2252080647688683,33.88395514124518,0.24804383665672539,calm
122.0,SYNTH_027,2.952932428486702,199.60960633034006,0.23037435595118816,34.06481196160778,0.2417345102278441,calm
124.0,SYNTH_027,2.8933180075822973,199.44921822734094,0.2353000686583563,34.2459779265244,0.23544807460766237,calm
126.0,SYNTH_027,2.713049618571164,199.29402042026143,0.2399521291198694,34.4273931480697,0.22920193972579717,calm
128.0,SYNTH_027,2.8746030979556383,199.1441290513872,0.2442990357109492,34.608997655921705,0.22301340390123914,calm
130.0,SYNTH_027,2.88373659624393,198.99965764264832,0.24831133360472185,34.79073141718621,0.21689960593563157,calm
132.0,SYNTH_027,2.711608311085885,198.86071703956156,0.2519620679325573,34.97253435624175,0.2108774776483241,calm
134.0,SYNTH_027,2.851808067433098,198.72741535649396,0.2552272053753043,35.15434637459882,0.204963696984652,calm
136.0,SYNTH_027,3.000914476433811,198.59985792327535,0.25808601461805664,35.33610737076659,0.1991746418273051,calm
138.0,SYNTH_027,3.046165024122655,198.4781472331857,0.2605213968899718,35.51775726012057,0.19352634463870377,calm
140.0,SYNTH_027,2.9758806006781757,198.36238289234316,0.26252015886005126,35.699235994764784,0.18803444805999658,calm
142.0,SYNTH_027,3.058412591925717,198.2526615705181,0.2640732214417914,35.88048358338181,0.18271416158964587,calm
144.0,SYNTH_027,2.932532516429748,198.1490769533966,0.2651757595377586,36.061440111063995,0.1775802194615781,calm
146.0,SYNTH_027,2.9421762705719052,198.05171969631814,0.2658272693857121,36.24204575911952,0.17264683983955215,calm
148.0,SYNTH_027,3.0479723253909694,197.96067737950912,0.26603156190143973,36.42224082484667,0.16792768544075515,calm
150.0,SYNTH_027,2.9047314658001575,197.87603446483536,0.26579668219666913,36.60196574126965,0.16343582569767617,calm
152.0,SYNTH_027,2.914835718093561,197.79787225409402,0.26513475722806756,36.78116109682967,0.15918370056304862,calm
154.0,SYNTH_027,3.139601061484109,197.72626884886637,0.2640617752504635,36.95976765502454,0.15518308605810127,calm
156.0,SYNTH_027,3.1010031298145737,197.66129911195074,0.2625973023513071,37.13772637399048,0.1514450616595303,calm
158.0,SYNTH_027,3.1443729591912475,197.60303463039457,0.26076414278559545,37.31497842601953,0.1479799796155123,calm
160.0,SYNTH_027,3.163394650600291,197.55154368014448,0.2585879510686228,37.49146521700618,0.1447974362757354,calm
162.0,SYNTH_027,3.4665891152791954,197.50689119233087,0.25609680478315905,37.667128405816854,0.14190624551484915,calm
164.0,SYNTH_027,3.243204327588202,197.46913872120473,0.2533207477919105,37.84190992357563,0.13931441432293468,calm
166.0,SYNTH_027,3.462176771275649,197.4383444137415,0.2502913139988882,38.01575199286004,0.13702912063059636,calm
168.0,SYNTH_027,3.500682114139527,197.41456298092803,0.24704104196802096,38.18859714680059,0.13505669343008692,calm
170.0,SYNTH_027,3.5035413196950245,197.39784567074545,0.24360299058742174,38.36038824807746,0.1334025952475199,calm
172.0,SYNTH_027,3.503288999714999,197.388240242863,0.2400102655760631,38.5310685078084,0.13207140701471065,calm
174.0,SYNTH_027,3.532426808763557,197.38579094505377,0.23629556598792328,38.70058150432141,0.13106681538254378,calm
176.0,SYNTH_027,3.500672773973972,197.3905384913448,0.2324907590062163,38.86887120180597,0.130391602511001,calm
178.0,SYNTH_027,3.6210264110904458,197.40252004191248,0.2286264902726566,39.035881968836804,0.13004763836412556,calm
180.0,SYNTH_027,3.656117507137785,197.4217691847322,0.22473183580402062,39.20155859676393,0.13003587553126217,calm
182.0,SYNTH_027,3.515504675801694,197.44831591899276,0.22083400025370575,39.365846317962905,0.13035634658891435,calm
184.0,SYNTH_027,3.4222679038047703,197.4821866402823,0.216958064923929,39.5286908239394,0.1310081640105257,calm
186.0,SYNTH_027,3.3973214586769935,197.52340412755404,0.21312678756855197,39.690038283281844,0.13198952262443475,calm
188.0,SYNTH_027,3.5206408809082848,197.57198753187814,0.20936045468910755,39.849835359456506,0.13329770461319618,calm
190.0,SYNTH_027,3.4033839659590455,197.62795236698426,0.20567678575580126,40.008029228438886,0.1349290870404234,calm
192.0,SYNTH_027,3.4235086792448652,197.6913105016013,0.20209088761476926,40.16456759617573,0.13687915188430677,calm
194.0,SYNTH_027,3.193010164764532,197.76207015359608,0.19861525630080523,40.31939871587187,0.13914249855002092,calm
196.0,SYNTH_027,3.278404124046334,197.84023588591575,0.19525982258299543,40.47247140509609,0.14171285882636797,calm
198.0,SYNTH_027,3.1181874523640944,197.92580860433415,0.19203203684452272,40.62373506270047,0.14458311424523573,calm
200.0,SYNTH_027,3.188308000995302,198.0187855570049,0.18893698834595904,40.77313968554764,0.14774531579579453,calm
202.0,SYNTH_027,2.9014142299367855,198.11916033581997,0.1859775535458722,40.92063588504023,0.151190705938835,calm
204.0,SYNTH_027,2.854979791259852,198.2269228795742,0.18315456794973833,41.066174903447205,0.15490974286028036,calm
206.0,SYNTH_027,2.660093079612567,198.34205947893372,0.18046701591883124,41.20970863002179,0.15889212689670346,calm
208.0,SYNTH_027,2.6492595019752603,198.46455278320542,0.17791223298126407,41.35118961690527,0.16312682905966436,calm
210.0,SYNTH_027,2.675514321956431,198.59438180890507,0.17548611543034318,41.490571094811926,0.1676021215798737,calm
212.0,SYNTH_027,2.55450051821205,198.73152195011897,0.17318333235084277,41.627806988489425,0.17230561038658934,calm
214.0,SYNTH_027,2.4874235959376154,198.8759449906547,0.1709975356600013,41.762851931949974,0.17722426943229785,calm
216.0,SYNTH_027,2.304136369104079,199.0276191179742,0.16892156426451077,41.89566128346688,0.1823444767676195,calm
218.0,SYNTH_027,1.973062928161542,199.18650893890327,0.1669476389951824,42.026191140331726,0.18765205226653092,calm
220.0,SYNTH_027,2.0560582631001765,199.35257549710886,0.1650675455659072,42.15439835336733,0.19313229689742573,calm
222.0,SYNTH_027,1.9014642446584775,199.52577629233585,0.1632728033931523,42.280240541191475,0.19877003343125493,calm
224.0,SYNTH_027,1.831102661813152,199.7060653013943,0.16155481868882038,42.40367610422691,0.20454964847400914,calm
226.0,SYNTH_027,1.7777431221009745,199.8933930008856,0.15990502078761473,42.52466423845295,0.21045513570713414,calm
228.0,SYNTH_027,1.7763190526419212,200.0877063916578,0.1583149811776208,42.643164948893954,0.2164701402161289,calm
230.0,SYNTH_027,1.805264854685144,200.28894902497677,0.15677651515998972,42.75913906284051,0.22257800378456138,calm
232.0,SYNTH_027,1.48095123500784,200.49706103040103,0.155281766463605,42.8725482427987,0.22876181102806104,calm
234.0,SYNTH_027,1.6594851918704432,200.71197914534616,0.15382327547933752,42.98335499916332,0.23500443624052336,calm
236.0,SYNTH_027,1.282842670488867,200.9336367463244,0.15239403205437488,43.09152270261075,0.2412885908227898,calm
238.0,SYNTH_027,1.277761131113044,201.16196388184358,0.1509875140007929,43.19701559620758,0.24759687116244952,calm
240.0,SYNTH_027,1.4205831825618818,201.39688730694976,0.14959771262656593,43.29979880723065,0.25391180683216424,calm
242.0,SYNTH_027,1.3451716556337137,201.63833051939622,0.14821914669567818,43.399838358695,0.2602159089730339,calm
244.0,SYNTH_027,1.3953115536364842,201.88621379742057,0.1468468662721693,43.497101180585545,0.26649171872900707,calm
246.0,SYNTH_027,1.1615255387566032,202.14045423911202,0.14547644790692044,43.59155512078907,0.2727218555981992,calm
248.0,SYNTH_027,1.4683814811811753,202.40096580334884,0.14410398259234058,43.6831689557227,0.2788890655672156,calm
250.0,SYNTH_027,1.1426314834539653,202.66765935228622,0.14272605784562195,43.77191240065547,0.28497626889516936,calm
252.0,SYNTH_027,1.3693180221751222,202.9404426953729,0.14133973519258147,43.857756119719525,0.29096660741506314,calm
254.0,SYNTH_027,1.384319856860723,203.21922063487565,0.13994252421768558,43.940671735607694,0.2968434912215331,calm
0.0,SYNTH_028,8.022979345500747,4.958868687901088,0.1604398303537745,355.07035009175775,0.85,crosswind
2.0,SYNTH_028,8.332848933490187,4.787163810842287,0.16067203388012413,355.0935189078138,0.8563128740005687,crosswind
4.0,SYNTH_028,8.268081649231895,4.610665469909179,0.16095395420546205,355.1199625034366,0.8626082648519139,crosswind
6.0,SYNTH_028,8.35939670214295,4.429500325736456,0.16128566524458468,355.14967213718245,0.86886873782341,crosswind
8.0,SYNTH_028,8.156002293414755,4.243797343458425,0.16166726424485922,355.18263798795533,0.8750769548875342,crosswind
10.0,SYNTH_028,8.419301237539443,4.05368772902483,0.16209888322167618,355.21884915825365,0.881215722736558,crosswind
12.0,SYNTH_028,8.211035301348698,3.8593048644104897,0.1625807019790449,355.25829367777226,0.887268040398445,crosswind
14.0,SYNTH_028,8.243678300565511,3.6607842417503775,0.16311296282794213,355.3009585073599,0.8932171463200863,crosswind
16.0,SYNTH_028,8.160961417762243,3.458263396432585,0.1636959870993224,355.3468295433291,0.8990465647874784,crosswind
18.0,SYNTH_028,8.354522902464215,3.251881839182829,0.16433019352591446,355.3958916221188,0.9047401515542854,crosswind
20.0,SYNTH_028,8.330885007690204,3.0417809871723307,0.1650161185360299,355.4481285253068,0.9102821385524215,crosswind
22.0,SYNTH_028,8.46559474903501,2.8281040941858464,0.16575443846261512,355.503522984971,0.9156571775608268,crosswind
24.0,SYNTH_028,8.36037823499735,2.610996179881454,0.16654599362080807,355.56205668939793,0.9208503827115023,crosswind
26.0,SYNTH_028,8.523015329504984,2.390603958179213,0.16739181414660945,355.62371028913554,0.925847371715084,crosswind
28.0,SYNTH_028,8.427260823650201,2.1670757648123526,0.1682931474174653,355.68846340339013,0.9306343056917825,crosswind
30.0,SYNTH_028,8.598928350507869,1.9405614840785574,0.1692514867924357,355.7562946267631,0.935197927497383,crosswind
32.0,SYNTH_028,8.473698794575933,1.7112124748257997,0.1702686013154247,355.8271815363274,0.9395255984381587,crosswind
34.0,SYNTH_028,8.504348577608374,1.4791814957104634,0.1713465659203904,355.90110069903926,0.9436053332730233,crosswind
36.0,SYNTH_028,8.454578021550676,1.2446226297637963,0.17248779156381727,355.9780276794852,0.9474258334059797,crosswind
38.0,SYNTH_028,8.411495513475796,1.0076912083051184,0.17369505458891163,356.0579370479589,0.9509765181769476,crosswind
40.0,SYNTH_028,8.566728234805455,0.7685437342377668,0.17497152450056888,356.140802388868,0.9542475541643043,crosswind
42.0,SYNTH_028,8.617964609530404,0.5273378047668302,0.17632078920346417,356.2265963094659,0.9572298824179939,crosswind
44.0,SYNTH_028,8.772705208332901,0.28423203357704097,0.17774687663169172,356.3152904489073,0.9599152435477785,crosswind
46.0,SYNTH_028,8.655595241482676,0.03938597250783005,0.17925427158199284,356.4068554876233,0.9622962005971551,crosswind
48.0,SYNTH_028,8.605092657999815,359.79296003276573,0.18084792645921727,356.50126115701346,0.9643661596395882,crosswind
50.0,SYNTH_028,8.660717597754694,359.545115405712,0.18253326455827873,356.59847624945166,0.9661193880400176,crosswind
52.0,SYNTH_028,8.94682112341629,359.29601398326565,0.18431617444796056,356.6984686286027,0.9675510303310692,crosswind
54.0,SYNTH_028,8.676528123520667,359.04581827795965,0.1862029939952273,356.80120524004514,0.9686571216599981,crosswind
56.0,SYNTH_028,8.70841703277374,358.7946913426914,0.18820048258095295,356.9066521221984,0.9694345987691253,crosswind
58.0,SYNTH_028,8.959017357881725,358.542796690206,0.19031578011570138,357.0147744175494,0.9698813084793575,crosswind
60.0,SYNTH_028,8.97583218160302,358.2902982123526,0.19255635157334322,357.1255363841752,0.9699960136532955,crosswind
62.0,SYNTH_028,9.039877988621422,358.0373600991535,0.19492991592593067,357.2389014075583,0.9697783966214161,crosswind
64.0,SYNTH_028,9.121060397737827,357.78414675772575,0.19744435858918633,357.3548320126902,0.9692290600618406,crosswind
66.0,SYNTH_028,9.00430093645754,357.5308227310961,0.20010762677638527,357.4732898764599,0.9683495253312512,crosswind
68.0,SYNTH_028,8.958566937360205,357.27755261694864,0.2029276075095561,357.5942358403216,0.9671422282515795,crosswind
70.0,SYNTH_028,8.898266969227022,357.0245009863446,0.20591198844872452,357.71762992323994,0.9656105123641346,crosswind
72.0,SYNTH_028,9.209848921647849,356.7718323024569,0.20906810216777788,357.84343133490626,0.9637586196698542,crosswind
74.0,SYNTH_028,9.498593670256984,356.5197108393567,0.21240275502206576,357.97159848922274,0.9615916788813209,crosswind
76.0,SYNTH_028,9.122685812202013,356.26830060089384,0.21592204230787768,358.1020890180493,0.9591156912190818,crosswind
78.0,SYNTH_028,9.269904853885865,356.0177652397104,0.21963115199439426,358.23485978520944,0.9563375137916061,crosswind
80.0,SYNTH_028,9.369486412509294,355.76826797642815,0.22353415989885073,358.36986690074946,0.9532648406049092,crosswind
82.0,SYNTH_028,9.338730392028522,355.5199715190491,0.2276338197572919,358.5070657354475,0.9499061812544357,crosswind
84.0,SYNTH_028,9.269290177167083,355.273037982609,0.23193135219623892,358.64641093556634,0.9462708373582138,crosswind
86.0,SYNTH_028,9.52376520200017,355.027628809124,0.2364262371131702,358.78785643784596,0.9423688767965486,crosswind
88.0,SYNTH_028,9.334485969233157,354.78390468786927,0.24111601440351668,358.9313554847307,0.9382111058295926,crosswind
90.0,SYNTH_028,9.28459201218267,354.54202547602983,0.24599609830648822,359.076860639826,0.9338090391700183,crosswind
92.0,SYNTH_028,9.588991203118027,354.3021501197617,0.2510596108600361,359.2243238035791,0.9291748680936683,crosswind
94.0,SYNTH_028,9.441684460807467,354.06443657570327,0.25629724003704435,359.37369622917976,0.9243214266765034,crosswind
96.0,SYNTH_028,9.479445409932374,353.82904173297544,0.26169712806375395,359.524928538674,0.9192621562513518,crosswind
98.0,SYNTH_028,9.469708619412737,353.5961213357085,0.267244795184593,359.677970739287,0.9140110681828939,crosswind
100.0,SYNTH_028,9.624932134781709,353.3658299061344,0.27292310372689677,359.83277223994963,0.908582705063977,crosswind
102.0,SYNTH_028,9.656103021957053,353.13832066828326,0.27871226673180066,359.98928186802175,0.9029921004407228,crosswind
104.0,SYNTH_028,9.710077777088518,352.91374547231965,0.2845899046573643,0.14744788620862348,0.8972547371779671,crosswind
106.0,SYNTH_028,9.692776503313224,352.69225471955815,0.29053115273668334,0.30721800966366253,0.8913865045803376,crosswind
108.0,SYNTH_028,9.64492028452391,352.4739972881943,0.2965088205040135,0.4685394232720883,0.8854036543877193,crosswind
110.0,SYNTH_028,9.645567110440497,352.25912045978754,0.30249360380890716,0.6313587991101022,0.8793227557669746,crosswind
112.0,SYNTH_028,9.690519701914093,352.0477698465322,0.30845434835135727,0.7956223140733973,0.8731606494245695,crosswind
114.0,SYNTH_028,9.722598774634116,351.84008931935364,0.31435836242465787,0.9612756676694527,0.866934400967184,crosswind
116.0,SYNTH_028,9.826986142440585,351.6362209368635,0.32017177518629625,1.1282640999676423,0.8606612536394755,crosswind
118.0,SYNTH_028,9.909800816201448,351.43630487521034,0.3258599354330588,1.2965324097011437,0.8543585805698829,crosswind
120.0,SYNTH_028,9.728930832115376,351.2404793588597,0.33138784457879,1.46602497251481,0.8480438366567253,crosswind
122.0,SYNTH_028,9.766496401289356,351.04888059233787,0.3367206163661551,1.6366857593529054,0.8417345102278441,crosswind
124.0,SYNTH_028,9.882244122148114,350.8616426929731,0.34182395483002914,1.8084583549805404,0.8354480746076623,crosswind
126.0,SYNTH_028,9.834189188185492,350.6788976246677,0.34666464120915497,1.981285976632888,0.8292019397257971,crosswind
128.0,SYNTH_028,9.952929224415374,350.5007751327332,0.351211019908888,2.155111492785763,0.8230134039012391,crosswind
130.0,SYNTH_028,9.968622352223523,350.3274026798214,0.3554334732790568,2.3298774420416186,0.8168996059356315,crosswind
132.0,SYNTH_028,9.923824680638466,350.1589053829822,0.35930487490721047,2.505526052124474,0.8108774776483241,crosswind
134.0,SYNTH_028,9.975294139081946,349.99540595188034,0.36280101134987996,2.6819992589776818,0.804963696984652,crosswind
136.0,SYNTH_028,9.916279649332992,349.83702462819997,0.3659009627343745,2.859238725958156,0.799174641827305,crosswind
138.0,SYNTH_028,9.973501374974907,349.683879126269,0.36858743345251443,3.037185863120632,0.7935263446387038,crosswind
140.0,SYNTH_028,10.017010907489249,349.5360845749308,0.3708470252170842,3.21578184658573,0.7880344480599966,crosswind
142.0,SYNTH_028,9.922452576388036,349.39375346069244,0.3726704460337831,3.394967637985363,0.7827141615896458,crosswind
144.0,SYNTH_028,9.9878477010595,349.2569955721787,0.37405265011959077,3.5746840039789576,0.7775802194615781,crosswind
146.0,SYNTH_028,9.966774913565256,349.12591794591737,0.37499290542902936,3.7548715358342126,0.7726468398395521,crosswind
148.0,SYNTH_028,10.134642047924238,349.0006248134837,0.3754947871833402,3.935470669065835,0.7679276854407551,crosswind
150.0,SYNTH_028,10.054641655528538,348.8812175500303,0.37556609758078563,4.116421703125674,0.7634358256976762,crosswind
152.0,SYNTH_028,10.193154859411194,348.7677946242278,0.375218713643932,4.297664821137965,0.7591837005630486,crosswind
154.0,SYNTH_028,10.12681397815149,348.6604515496397,0.3744683668768855,4.479140109672891,0.7551830860581012,crosswind
156.0,SYNTH_028,10.53645570653092,348.5592808375572,0.3733343600093304,4.6607875785522,0.7514450616595303,crosswind
158.0,SYNTH_028,10.407524740559218,348.46437195131705,0.3718392275464256,4.8425471806800555,0.7479799796155122,crosswind
160.0,SYNTH_028,10.3831180574891,348.3758112621234,0.37000834808174454,5.024358831892803,0.7447974362757354,crosswind
162.0,SYNTH_028,10.408196749228305,348.2936820063975,0.36786951732967943,5.206162430820979,0.7419062455148491,crosswind
164.0,SYNTH_028,10.379933875993416,348.2180642446743,0.36545249156798415,5.38789787875693,0.7393144143229347,crosswind
166.0,SYNTH_028,10.443957810430895,348.1490348220688,0.3627885116338889,5.569505099521638,0.7370291206305963,crosswind
168.0,SYNTH_028,10.514808185085208,348.0866673303293,0.35990981778193587,5.750924059324092,0.735056693430087,crosswind
170.0,SYNTH_028,10.405714567407102,348.03103207149655,0.3568491655917463,5.932094786606565,0.7334025952475198,crosswind
172.0,SYNTH_028,10.598102735290594,347.9821960231891,0.35363935272227837,6.1129573918694105,0.7320714070147106,crosswind
174.0,SYNTH_028,10.683426443250314,347.9402228055286,0.35031276566743347,6.29345208746872,0.7310668153825437,crosswind
176.0,SYNTH_028,10.731437886857263,347.90517264972414,0.34690095480542005,6.473519207380237,0.730391602511001,crosswind
178.0,SYNTH_028,10.780865503438832,347.8771023683294,0.3434342449866171,6.653099226923146,0.7300476383641256,crosswind
180.0,SYNTH_028,10.839350516979236,347.8560653271884,0.3399413877119882,6.832132782437137,0.7300358755312621,crosswind
182.0,SYNTH_028,10.785596612539798,347.842111419083,0.3364492596595335,7.010560690906157,0.7303563465889144,crosswind
184.0,SYNTH_028,10.881313629498353,347.83528703909565,0.3329826109642052,7.188323969522566,0.7310081640105257,crosswind
186.0,SYNTH_028,10.515315979735595,347.83563506169884,0.32956386529105464,7.36536385518499,0.7319895226244347,crosswind
188.0,SYNTH_028,10.703550163717548,347.84319481958374,0.32621297240396596,7.541621823923666,0.7332977046131962,crosswind
190.0,SYNTH_028,10.64734761244377,347.85800208423746,0.3229473126615269,7.717039610246619,0.7349290870404234,crosswind
192.0,SYNTH_028,10.610202636143276,347.8800890482783,0.3197816517010934,7.891559226400473,0.7368791518843067,crosswind
194.0,SYNTH_028,10.469908402828306,347.9094843095596,0.3167281425300358,8.06512298153946,0.7391424985500209,crosswind
196.0,SYNTH_028,10.519377025385658,347.94621285704744,0.31379637135137656,8.237673500796191,0.741712858826368,crosswind
198.0,SYNTH_028,10.294841203767797,347.99029605848096,0.3109934427248543,8.409153744248066,0.7445831142452357,crosswind
200.0,SYNTH_028,10.295878041277197,348.04175164982087,0.30832409911250136,8.579507025772939,0.7477453157957945,crosswind
202.0,SYNTH_028,10.11090245585281,348.1005937264914,0.3057908694823327,8.748677031787778,0.751190705938835,crosswind
204.0,SYNTH_028,10.19143001784291,348.1668327364199,0.30339424144090416,8.916607839864234,0.7549097428602803,crosswind
206.0,SYNTH_028,10.041445279669794,348.2404754748772,0.30113285132618206,9.083243937214906,0.7588921268967035,crosswind
208.0,SYNTH_028,9.884011691428489,348.3215250811226,0.2990036868026663,9.248530239044118,0.7631268290596643,crosswind
210.0,SYNTH_028,9.754762142414009,348.40998103685337,0.29700229674369494,9.412412106757326,0.7676021215798736,crosswind
212.0,SYNTH_028,9.620185268874277,348.50583916646076,0.2951230035413077,9.57483536602291,0.7723056103865893,crosswind
214.0,SYNTH_028,9.2758226764612,348.60909163909184,0.29335911343023763,9.735746324680601,0.7772242694322978,crosswind
216.0,SYNTH_028,9.658475214265229,348.71972697251664,0.29170312092707107,9.895091790490433,0.7823444767676195,crosswind
0.0,SYNTH_029,6.288584379962747,337.3193310240854,0.423791045059903,340.6288858761125,1.15,changing_wind_current
2.0,SYNTH_029,6.094204056248114,337.2061340693464,0.42322066640675005,340.56697820660384,1.1563128740005686,changing_wind_current
4.0,SYNTH_029,6.358508583097677,337.0869491466767,0.4226979241777649,340.5081888055029,1.1626082648519138,changing_wind_current
6.0,SYNTH_029,6.198355371520805,336.9618746149532,0.42222354911045185,340.4525371067871,1.16886873782341,changing_wind_current
8.0,SYNTH_029,6.362268598950935,336.83101174138227,0.42179829643688976,340.40004150720534,1.1750769548875342,changing_wind_current
10.0,SYNTH_029,6.193392670631344,336.69446465149275,0.4214229567820918,340.3507193601969,1.1812157227365578,changing_wind_current
12.0,SYNTH_029,6.124954818118639,336.5523402777187,0.4210983686469961,340.30458697015445,1.1872680403984448,changing_wind_current
14.0,SYNTH_029,6.2465984712497455,336.4047483065948,0.42082543258913985,340.2616595870348,1.1932171463200862,changing_wind_current
16.0,SYNTH_029,6.128903502853919,336.2518011245928,0.4206051271983615,340.22195140131754,1.1990465647874782,changing_wind_current
18.0,SYNTH_029,6.068657484951759,336.09361376262444,0.42043852694209616,340.1854755393139,1.2047401515542855,changing_wind_current
20.0,SYNTH_029,6.154118020397832,335.93030383923775,0.4203268219239272,340.15224405882805,1.2102821385524214,changing_wind_current
22.0,SYNTH_029,6.195491933982101,335.7619915025369,0.42027133955906143,340.1222679451707,1.2156571775608267,changing_wind_current
24.0,SYNTH_029,6.395527156956875,335.5887993708519,0.42027356812042693,340.0955571075278,1.2208503827115023,changing_wind_current
26.0,SYNTH_029,6.15101718100611,335.41085247218894,0.4203351820484346,340.0721203756852,1.225847371715084,changing_wind_current
28.0,SYNTH_029,6.340288582921588,335.22827818249044,0.4204580688456341,340.0519654971094,1.2306343056917826,changing_wind_current
30.0,SYNTH_029,6.2252160536715415,335.0412061627365,0.4206443572943667,340.0350991343866,1.2351979274973828,changing_wind_current
32.0,SYNTH_029,6.292684695477034,334.8497682949168,0.420896446641318,340.0215268630203,1.2395255984381588,changing_wind_current
34.0,SYNTH_029,6.038506585654536,334.6540986169069,0.4212170362883112,340.01125316958826,1.2436053332730233,changing_wind_current
36.0,SYNTH_029,6.258262079180332,334.45433325627886,0.42160915541504485,340.0042814502591,1.2474258334059798,changing_wind_current
38.0,SYNTH_029,6.362902703298345,334.250610363081,0.42207619183865064,340.00061400967,1.2509765181769474,changing_wind_current
40.0,SYNTH_029,6.354239947797065,334.0430700416185,0.4226219192895319,340.0002520601646,1.2542475541643043,changing_wind_current
42.0,SYNTH_029,6.162854104012851,333.83185428126825,0.42325052215624276,340.0031957213923,1.2572298824179937,changing_wind_current
44.0,SYNTH_029,6.360184057831108,333.61710688636435,0.42396661662823504,340.0094440202688,1.2599152435477783,changing_wind_current
46.0,SYNTH_029,6.426855983058249,333.39897340518615,0.42477526704891,340.01899489129767,1.262296200597155,changing_wind_current
48.0,SYNTH_029,6.419645350171257,333.1776010580855,0.42568199618801333,340.0318451772531,1.264366159639588,changing_wind_current
50.0,SYNTH_029,6.448900427130769,332.9531386647883,0.4266927880580176,340.0479906302237,1.2661193880400174,changing_wind_current
52.0,SYNTH_029,6.4975869594652504,332.7257365709066,0.42781408184023095,340.06742591301673,1.267551030331069,changing_wind_current
54.0,SYNTH_029,6.56944459902181,332.4955465736965,0.4290527554596593,340.09014460092226,1.268657121659998,changing_wind_current
56.0,SYNTH_029,6.613372709574468,332.26272184710007,0.43041609735990133,340.11613918383716,1.2694345987691251,changing_wind_current
58.0,SYNTH_029,6.574905707018461,332.0274168661065,0.43191176508706963,340.1454010687476,1.2698813084793574,changing_wind_current
60.0,SYNTH_029,6.487644257001468,331.78978733047165,0.4335477294008773,340.1779205825697,1.2699960136532953,changing_wind_current
62.0,SYNTH_029,6.468603474026256,331.5499900878326,0.43533220279665447,340.21368697534706,1.269778396621416,changing_wind_current
64.0,SYNTH_029,6.654565319249507,331.30818305625456,0.4372735515479877,340.25268842380444,1.2692290600618406,changing_wind_current
66.0,SYNTH_029,6.626925381469352,331.06452514625056,0.4393801906680927,340.29491203525635,1.2683495253312511,changing_wind_current
68.0,SYNTH_029,6.687563379658413,330.81917618231006,0.441660461539163,340.3403438518685,1.2671422282515794,changing_wind_current
70.0,SYNTH_029,6.729192406022032,330.5722968239762,0.44412249237073304,340.3889688552723,1.2656105123641346,changing_wind_current
72.0,SYNTH_029,6.77616138082977,330.32404848651174,0.4467740421159347,340.4407709715294,1.2637586196698543,changing_wind_current
74.0,SYNTH_029,6.86648683189751,330.07459326119044,0.449622328991057,340.4957330764448,1.2615916788813208,changing_wind_current
76.0,SYNTH_029,6.773888790459304,329.8240938352557,0.4526738452988333,340.5538370012284,1.2591156912190817,changing_wind_current
78.0,SYNTH_029,6.871360826703755,329.57271341158423,0.45593416083632826,340.61506353850007,1.2563375137916062,changing_wind_current
80.0,SYNTH_029,6.922056776120826,329.3206156280953,0.45940771775842565,340.67939244863993,1.2532648406049092,changing_wind_current
82.0,SYNTH_029,6.8853606272332835,329.0679644769457,0.46309762034955315,340.74680246647836,1.2499061812544356,changing_wind_current
84.0,SYNTH_029,6.96405475446736,328.81492422354876,0.46700542370920606,340.81727130832587,1.2462708373582139,changing_wind_current
86.0,SYNTH_029,7.083937999972921,328.561659325459,0.4711309258594079,340.8907756793392,1.2423688767965484,changing_wind_current
88.0,SYNTH_029,6.956755076018303,328.30833435116244,0.4754719682120299,340.9672912812221,1.2382111058295926,changing_wind_current
90.0,SYNTH_029,7.074544716537328,328.0551138988108,0.48002424966849827,341.0467928202576,1.2338090391700183,changing_wind_current
92.0,SYNTH_029,7.037305841516074,327.8021625149422,0.4847811598423949,341.12925401566923,1.2291748680936683,changing_wind_current
94.0,SYNTH_029,7.12529372264859,327.54964461322703,0.4897336369772348,341.21464760830855,1.2243214266765032,changing_wind_current
96.0,SYNTH_029,7.14099171863164,327.2977243932791,0.49487005606060147,341.3029453696664,1.2192621562513517,changing_wind_current
98.0,SYNTH_029,7.246905640109663,327.046565759573,0.5001761523989808,341.39411811120436,1.2140110681828937,changing_wind_current
100.0,SYNTH_029,7.299539627397145,326.79633224050673,0.5056349855069322,341.4881356940034,1.208582705063977,changing_wind_current
102.0,SYNTH_029,7.18445113970824,326.54718690765037,0.5112269475770232,341.58496703872703,1.2029921004407227,changing_wind_current
104.0,SYNTH_029,7.454084264294466,326.29929229522025,0.5169298200367176,341.6845801358952,1.197254737177967,changing_wind_current
106.0,SYNTH_029,7.4288879576936475,326.05281031981826,0.5227188807750928,341.7869420564656,1.1913865045803376,changing_wind_current
108.0,SYNTH_029,7.438721491929746,325.8079022004767,0.5285670635525171,341.89201896271896,1.185403654387719,changing_wind_current
110.0,SYNTH_029,7.4401404700162574,325.56472837904676,0.5344451699133854,341.99977611944485,1.1793227557669745,changing_wind_current
112.0,SYNTH_029,7.324566969855726,325.3234484409717,0.5403221326349863,342.11017790542405,1.1731606494245694,changing_wind_current
114.0,SYNTH_029,7.54333228330824,325.0842210364819,0.5461653283992843,342.2231878252037,1.166934400967184,changing_wind_current
116.0,SYNTH_029,7.769075670846531,324.8472038022529,0.5519409360079888,342.3387685211618,1.1606612536394754,changing_wind_current
118.0,SYNTH_029,7.77485945151833,324.61255328356305,0.5576143351171361,342.45688178585647,1.1543585805698828,changing_wind_current
120.0,SYNTH_029,7.560348518507146,324.3804248569901,0.5631505391896592,342.57748857465594,1.1480438366567254,changing_wind_current
122.0,SYNTH_029,7.51685750951181,324.15097265368576,0.5685146551973151,342.7005490186457,1.141734510227844,changing_wind_current
124.0,SYNTH_029,7.620643516868918,323.9243494832642,0.5736723615896011,342.8260224378079,1.1354480746076623,changing_wind_current
126.0,SYNTH_029,7.708392803599461,323.7007067583441,0.5785903952262964,342.9538673544691,1.129201939725797,changing_wind_current
128.0,SYNTH_029,7.79947076810541,323.4801944197793,0.5832370373764335,343.084041507011,1.123013403901239,changing_wind_current
130.0,SYNTH_029,7.588242954000334,323.26296086261783,0.5875825885476937,343.2165018638415,1.1168996059356315,changing_wind_current
132.0,SYNTH_029,7.9212423610089004,323.04915286282284,0.5915998218464613,343.351204637619,1.110877477648324,changing_wind_current
134.0,SYNTH_029,7.772876888802315,322.838915504794,0.5952644047911035,343.4881052997278,1.104963696984652,changing_wind_current
136.0,SYNTH_029,7.875777337706419,322.63239210972347,0.598555280010935,343.6271585949973,1.099174641827305,changing_wind_current
138.0,SYNTH_029,7.946314639219793,322.42972416482326,0.6014549960521862,343.7683185566624,1.0935263446387038,changing_wind_current
140.0,SYNTH_029,7.932993563020507,322.2310512534576,0.6039499805616685,343.9115385215584,1.0880344480599966,changing_wind_current
142.0,SYNTH_029,8.056838383788403,322.03651098621594,0.6060307494008099,344.05677114554663,1.0827141615896458,changing_wind_current
144.0,SYNTH_029,7.940284295461629,321.84623893295964,0.6076920467208626,344.203968419165,1.077580219461578,changing_wind_current
146.0,SYNTH_029,8.039393277918004,321.660368555877,0.6089329126606353,344.35308168349815,1.0726468398395521,changing_wind_current
148.0,SYNTH_029,8.098805969024294,321.47903114357854,0.6097566770616296,344.5040616462629,1.0679276854407551,changing_wind_current
150.0,SYNTH_029,8.063195515012548,321.30235574626545,0.6101708793786382,344.65685839810277,1.0634358256976761,changing_wind_current
152.0,SYNTH_029,8.474008989342357,321.13046911200433,0.6101871167414974,344.8114214290863,1.0591837005630484,changing_wind_current
154.0,SYNTH_029,8.344672023839241,320.96349562413786,0.6098208238407913,344.9676996454042,1.0551830860581013,changing_wind_current
156.0,SYNTH_029,8.413429261703639,320.8015572398632,0.6090909899141712,345.12564138625936,1.0514450616595301,changing_wind_current
158.0,SYNTH_029,8.2283975052976,320.64477343000914,0.6080198195521451,345.2851944409444,1.0479799796155123,changing_wind_current
160.0,SYNTH_029,8.443192862285501,320.49326112004024,0.6066323452803186,345.4463060661009,1.0447974362757353,changing_wind_current
162.0,SYNTH_029,8.610974980163032,320.3471346323185,0.6049560008742841,345.60892300315453,1.0419062455148491,changing_wind_current
164.0,SYNTH_029,8.710800770639386,320.2065056296498,0.6030201650976031,345.77299149592125,1.0393144143229347,changing_wind_current
166.0,SYNTH_029,8.869013580928018,320.07148306014466,0.600855686006076,345.9384573083768,1.0370291206305962,changing_wind_current
168.0,SYNTH_029,8.7313183234478,319.9421731034183,0.5984943961261926,346.105265742586,1.0350566934300869,changing_wind_current
170.0,SYNTH_029,8.933716112813531,319.81867911815874,0.5959686286957167,346.27336165678383,1.0334025952475199,changing_wind_current
172.0,SYNTH_029,8.905298825953539,319.70110159108754,0.593310744762689,346.4426894836039,1.0320714070147106,changing_wind_current
174.0,SYNTH_029,8.758856703714684,319.5895380873388,0.5905526802974261,346.61319324844703,1.0310668153825437,changing_wind_current
176.0,SYNTH_029,8.995642836543762,319.4840832022808,0.587725521609634,346.78481658798506,1.030391602511001,changing_wind_current
178.0,SYNTH_029,9.071985617351556,319.38482851480376,0.5848591163150769,346.95750276879266,1.0300476383641255,changing_wind_current
180.0,SYNTH_029,8.944738522119442,319.2918625420985,0.5819817259035442,347.1311947061017,1.030035875531262,changing_wind_current
182.0,SYNTH_029,9.062090372342617,319.20527069594516,0.5791197246652845,347.3058349826717,1.0303563465889143,changing_wind_current
184.0,SYNTH_029,8.976006463455889,319.1251352405366,0.5762973483810053,347.4813658677702,1.0310081640105255,changing_wind_current
186.0,SYNTH_029,9.042312413346675,319.05153525185585,0.5735364948148731,347.6577293362568,1.0319895226244347,changing_wind_current
188.0,SYNTH_029,8.874436242508246,318.98454657862766,0.5708565767125241,347.83486708776456,1.0332977046131961,changing_wind_current
190.0,SYNTH_029,8.819125210391679,318.92424180486427,0.5682744267352875,348.01272056597236,1.0349290870404233,changing_wind_current
192.0,SYNTH_029,8.8641562383916,318.8706902140223,0.5658042525913202,348.1912309779615,1.0368791518843066,changing_wind_current
194.0,SYNTH_029,8.784004849935343,318.8239577547907,0.5634576395822732,348.3703393136512,1.0391424985500208,changing_wind_current
196.0,SYNTH_029,8.714907163372379,318.7841070085245,0.5612435968923325,348.54998636530536,1.0417128588263678,changing_wind_current
198.0,SYNTH_029,8.732543963086309,318.7511971583419,0.5591686432202856,348.730112747105,1.0445831142452358,changing_wind_current
200.0,SYNTH_029,8.522195307943147,318.72528395989895,0.5572369268033209,348.91065891477905,1.0477453157957943,changing_wind_current
202.0,SYNTH_029,8.524850317654646,318.70641971385743,0.5554503745057651,349.0915651852882,1.0511907059388348,changing_wind_current
204.0,SYNTH_029,8.576140633579515,318.69465324005824,0.5538088644431214,349.27277175655405,1.0549097428602803,changing_wind_current
206.0,SYNTH_029,8.262939273678976,318.69002985341353,0.552310416572449,349.4542187272282,1.0588921268967033,changing_wind_current
208.0,SYNTH_029,8.208071892208292,318.69259134153043,0.5509513957906189,349.63584611649327,1.0631268290596643,changing_wind_current
210.0,SYNTH_029,8.206067647420543,318.70237594407564,0.5497267223249676,349.81759388389116,1.0676021215798737,changing_wind_current
212.0,SYNTH_029,8.252313262364696,318.71941833389275,0.5486300845563046,349.9994019491704,1.0723056103865893,changing_wind_current
214.0,SYNTH_029,7.876931658537603,318.74374959988,0.5476541498604297,350.18121021214705,1.0772242694322978,changing_wind_current
216.0,SYNTH_029,7.830450117578715,318.77539723163915,0.5467907695687747,350.36295857257153,1.0823444767676194,changing_wind_current
218.0,SYNTH_029,7.702084806131543,318.8143851059002,0.5460311747091984,350.5445869499964,1.087652052266531,changing_wind_current
220.0,SYNTH_029,7.4825274353627,318.86073347473126,0.545366159772894,350.7260353036369,1.0931322968974257,changing_wind_current
0.0,SYNTH_030,1.3673437623166425,211.7450588631355,0.05182053563864066,26.967134305902135,0.25,calm
2.0,SYNTH_030,1.4849134664282746,211.52568649936956,0.05286601342552347,27.0767456347975,0.2563128740005687,calm
4.0,SYNTH_030,1.2748776831356572,211.30313121152992,0.053951254419520624,27.18897614917919,0.2626082648519139,calm
6.0,SYNTH_030,1.5158827019844199,211.07754240348686,0.05507567680806328,27.303788749072773,0.26886873782341003,calm
8.0,SYNTH_030,1.5191817254778166,210.8490709770836,0.05623873077123297,27.421145480945334,0.27507695488753425,calm
10.0,SYNTH_030,1.5263228853199062,210.61786925762013,0.057439910445396425,27.541007550251777,0.28121572273655804,calm
12.0,SYNTH_030,1.5509215033003352,210.38409091863363,0.0586787674644832,27.663335334259095,0.287268040398445,calm
14.0,SYNTH_030,1.70595223223363,210.14789090601383,0.059954926191091364,27.788088395144417,0.2932171463200863,calm
16.0,SYNTH_030,1.539789996193863,209.9094253614893,0.061268100733911084,27.91522549336257,0.2990465647874783,calm
18.0,SYNTH_030,1.4574060330012406,209.66885154552386,0.06261811382517912,28.044704601278553,0.30474015155428547,calm
20.0,SYNTH_030,1.7343236268838325,209.42632775966015,0.06400491760098535,28.176482917060614,0.3102821385524215,calm
22.0,SYNTH_030,1.8163150008676714,209.18201326834924,0.06542861628726537,28.310516878829237,0.3156571775608268,calm
24.0,SYNTH_030,1.6017978257948629,208.9360682203049,0.06688949074435181,28.44676217905733,0.32085038271150235,calm
26.0,SYNTH_030,1.6114169961413243,208.68865356942084,0.06838802476231211,28.585173779216987,0.325847371715084,calm
28.0,SYNTH_030,1.8543799639419098,208.4399309952908,0.06992493292749755,28.725705924667807,0.33063430569178254,calm
30.0,SYNTH_030,1.8032734354532773,208.1900628233699,0.07150118979761386,28.86831215978198,0.335197927497383,calm
32.0,SYNTH_030,1.696745886164518,207.93921194481737,0.07311806002843353,29.012945343301137,0.33952559843815877,calm
34.0,SYNTH_030,1.783699832584478,207.6875417360596,0.07477712899072352,29.15955766391976,0.3436053332730233,calm
36.0,SYNTH_030,1.866235937778265,207.43521597811383,0.07648033330233354,29.308100656090154,0.34742583340597977,calm
38.0,SYNTH_030,1.735506622023087,207.1823987757121,0.07822999057958069,29.458525216043693,0.3509765181769476,calm
40.0,SYNTH_030,1.9587117063721222,206.92925447626493,0.08002882758666188,29.61078161802299,0.3542475541643043,calm
42.0,SYNTH_030,2.1757318924688422,206.67594758870572,0.08188000583514109,29.76481953071975,0.3572298824179939,calm
44.0,SYNTH_030,1.9857221039451713,206.4226427022549,0.08378714356164092,29.920588033912708,0.3599152435477785,calm
46.0,SYNTH_030,2.045094999706127,206.16950440514483,0.08575433289549476,30.07803563530035,0.3622962005971551,calm
48.0,SYNTH_030,2.2667085302470547,205.91669720334482,0.08778615092473131,30.237110287522672,0.3643661596395882,calm
50.0,SYNTH_030,2.014605568884653,205.6643854393271,0.08988766328439007,30.397759405366422,0.36611938804001765,calm
52.0,SYNTH_030,2.3658805034754846,205.41273321091336,0.09206441883227469,30.55992988314821,0.3675510303310692,calm
54.0,SYNTH_030,2.274026769093608,205.16190429024203,0.09432243395056053,30.723568112269575,0.36865712165999803,calm
56.0,SYNTH_030,2.2882953661112606,204.91206204289662,0.09666816502394181,30.888619998938363,0.36943459876912527,calm
58.0,SYNTH_030,2.286779344984919,204.66336934723452,0.09910846770273878,31.055030982050518,0.3698813084793575,calm
60.0,SYNTH_030,2.243474496353223,204.41598851395673,0.10165054166854823,31.22274605122625,0.3699960136532955,calm
62.0,SYNTH_030,2.324024981463939,204.1700812059576,0.10430185978566868,31.391709764994808,0.3697783966214161,calm
64.0,SYNTH_030,2.4041853752660134,203.92580835849455,0.10707008074747962,31.56186626912178,0.3692290600618406,calm
66.0,SYNTH_030,2.4938831309330025,203.6833300997173,0.10996294461539066,31.733159315072708,0.3683495253312512,calm
68.0,SYNTH_030,2.567293573179388,203.4428056715954,0.11298815099913456,31.905532278607215,0.3671422282515795,calm
70.0,SYNTH_030,2.406592143774114,203.20439335128344,0.11615322003899016,32.07892817849719,0.36561051236413467,calm
72.0,SYNTH_030,2.314539394676435,202.96825037296264,0.11946533681838811,32.25328969536306,0.36375861966985423,calm
74.0,SYNTH_030,2.4282961463337487,202.7345328501978,0.12293118035190406,32.428559190621826,0.3615916788813209,calm
76.0,SYNTH_030,2.478492081537917,202.50339569884704,0.1265567388486806,32.604678725540616,0.3591156912190818,calm
78.0,SYNTH_030,2.5475914844145726,202.27499256056353,0.13034711353179076,32.78159008038945,0.35633751379160616,calm
80.0,SYNTH_030,2.814692169509499,202.04947572692595,0.13430631388420972,32.9592347736869,0.35326484060490926,calm
82.0,SYNTH_030,2.8400347814413065,201.82699606423617,0.13843704777371663,33.137554081532286,0.3499061812544357,calm
84.0,SYNTH_030,2.5940488108880717,201.6077029390202,0.14274051046200223,33.316489057017996,0.3462708373582139,calm
86.0,SYNTH_030,2.5323239547300127,201.39174414426998,0.14721617700585443,33.49598054971554,0.34236887679654854,calm
88.0,SYNTH_030,2.6715172379763628,201.17926582646243,0.1518616029881047,33.67596922522884,0.33821110582959263,calm
90.0,SYNTH_030,2.840257844085849,200.970412413391,0.15667223885064954,33.856395584808425,0.33380903917001836,calm
92.0,SYNTH_030,2.669150646750555,200.76532654284648,0.1616412633198616,34.03719998501984,0.32917486809366836,calm
94.0,SYNTH_030,2.6505857173464964,200.56414899218134,0.16675944149650804,34.21832265745997,0.32432142667650343,calm
96.0,SYNTH_030,2.856334824185726,200.36701860879305,0.17201501311121714,34.39970372851464,0.3192621562513518,calm
98.0,SYNTH_030,2.737071121053272,200.17407224156005,0.1773936162097191,34.58128323915097,0.3140110681828939,calm
100.0,SYNTH_030,2.708845826874749,199.98544467326522,0.18287825112140763,34.763001164738085,0.30858270506397706,calm
102.0,SYNTH_030,2.7416697755926553,199.80126855403876,0.18844928897758623,34.94479743488931,0.30299210044072283,calm
104.0,SYNTH_030,2.9145554162785463,199.62167433585498,0.19408452828554762,35.126611953319674,0.2972547371779671,calm
106.0,SYNTH_030,2.7973275592883406,199.44679020811412,0.19975930214134957,35.30838461771189,0.2913865045803377,calm
108.0,SYNTH_030,2.771589242480292,199.2767420343415,0.20544663759442858,35.490055339584295,0.2854036543877193,calm
110.0,SYNTH_030,2.8751195649441876,199.11165329003546,0.21111746748418525,35.671564064154374,0.27932275576697463,calm
112.0,SYNTH_030,3.0900089904387884,198.9516450016939,0.21674089378168077,35.85285079019091,0.2731606494245696,calm
114.0,SYNTH_030,2.8975941309939746,198.79683568705101,0.22228450012331014,36.03385558984861,0.26693440096718407,calm
116.0,SYNTH_030,2.7921643650253367,198.64734129655216,0.22771470985694,36.21451862847846,0.2606612536394755,calm
118.0,SYNTH_030,2.711559994672116,198.50327515609683,0.23299718457687565,36.39478018440714,0.2543585805698829,calm
120.0,SYNTH_030,2.8048151038316678,198.3647479110775,0.23809725684629207,36.57458066867923,0.24804383665672539,calm
122.0,SYNTH_030,2.7408713625491585,198.2318674717422,0.24298038963868912,36.75386064475554,0.2417345102278441,calm
124.0,SYNTH_030,2.7481475177643304,198.1047389599077,0.247612654016214,36.93256084816091,0.23544807460766237,calm
126.0,SYNTH_030,2.8526281434538943,197.9834646570496,0.2519612157417248,37.110622206075334,0.22920193972579717,calm
128.0,SYNTH_030,2.835353908764276,197.86814395379523,0.2559948209276599,37.287985856861525,0.22301340390123914,calm
130.0,SYNTH_030,2.765126498036686,197.75887330084348,0.25968427048599674,37.464593169522885,0.21689960593563157,calm
132.0,SYNTH_030,2.879075375062131,197.6557461613372,0.2630028730798386,37.64038576308503,0.2108774776483241,calm
134.0,SYNTH_030,2.924125544422526,197.55885296471024,0.2659268664995369,37.81530552589477,0.204963696984652,calm
136.0,SYNTH_030,2.7437269371405333,197.46828106203276,0.26843579789615823,37.989294634830095,0.1991746418273051,calm
138.0,SYNTH_030,2.9384437369180474,197.3841146828769,0.27051285409399917,38.16229557441467,0.19352634463870377,calm
140.0,SYNTH_030,2.74850975575777,197.30643489372326,0.27214513425324394,38.334251155830714,0.18803444805999658,calm
142.0,SYNTH_030,2.810305890598201,197.23531955793015,0.27332385843586304,38.50510453582389,0.18271416158964587,calm
144.0,SYNTH_030,2.780085158885058,197.17084329728377,0.27404450710600214,38.67479923549391,0.1775802194615781,calm
146.0,SYNTH_030,2.897090440741063,197.11307745514966,0.2743068882266838,38.84327915896476,0.17264683983955215,calm
148.0,SYNTH_030,2.827556351923198,197.06209006124283,0.27411513034819124,39.010488611928295,0.16792768544075515,calm
150.0,SYNTH_030,2.9565555833484938,197.01794579803416,0.2734776018667032,39.176372320054995,0.16343582569767617,calm
152.0,SYNTH_030,2.9797925095774644,196.98070596880981,0.2724067584094065,39.34087544726609,0.15918370056304862,calm
154.0,SYNTH_030,3.019599519857289,196.95042846739923,0.2709189220194331,39.50394361386057,0.15518308605810127,calm
156.0,SYNTH_030,2.9807110463108,196.9271677495868,0.26903399741785916,39.66552291449155,0.1514450616595303,calm
158.0,SYNTH_030,3.083946811254946,196.91097480622108,0.2667751320622131,39.82555993598562,0.1479799796155123,calm
160.0,SYNTH_030,3.2631016583370607,196.9018971380354,0.2641683279590801,39.98400177499971,0.1447974362757354,calm
162.0,SYNTH_030,3.0485536287856507,196.89997873219144,0.26124201418763277,40.14079605550929,0.14190624551484915,calm
164.0,SYNTH_030,3.0950777432738943,196.90526004055826,0.25802658982517646,40.29589094612223,0.13931441432293468,calm
166.0,SYNTH_030,3.3230041964664103,196.91777795973678,0.2545539474185654,40.44923517721271,0.13702912063059636,calm
168.0,SYNTH_030,3.1889103351740054,196.93756581283998,0.25085698731006656,40.600778057869405,0.13505669343008692,calm
170.0,SYNTH_030,3.2740500742783545,196.96465333303777,0.24696913300631657,40.75046949265233,0.1334025952475199,calm
172.0,SYNTH_030,3.2069074048283253,196.9990666488745,0.2429238573873697,40.89825999815285,0.13207140701471065,calm
174.0,SYNTH_030,3.253276041244317,197.04082827136662,0.23875422891114115,41.04410071935141,0.13106681538254378,calm
176.0,SYNTH_030,3.275505997692063,197.08995708288643,0.23449248610610313,41.18794344576749,0.130391602511001,calm
178.0,SYNTH_030,3.060250155961378,197.1464683278379,0.23016964759743144,41.32974062739648,0.13004763836412556,calm
180.0,SYNTH_030,3.398575344417736,197.2103736051289,0.22581516371911126,41.46944539042836,0.13003587553126217,calm
182.0,SYNTH_030,3.454064811208661,197.28168086244364,0.2214566144699519,41.60701155274263,0.13035634658891435,calm
184.0,SYNTH_030,3.309522896296495,197.36039439231783,0.21711945721940196,41.74239363917478,0.1310081640105257,calm
186.0,SYNTH_030,3.247232870751783,197.44651483001923,0.21282682620340138,41.87554689654896,0.13198952262443475,calm
188.0,SYNTH_030,3.1700479064378984,197.54003915323386,0.20859938451309684,42.006427308472034,0.13329770461319618,calm
190.0,SYNTH_030,3.1417033817483206,197.64096068355843,0.2044552280084438,42.134991609884004,0.1349290870404234,calm
192.0,SYNTH_030,3.1972098600043433,197.7492690897982,0.2004098394182287,42.26119730136016,0.13687915188430677,calm
194.0,SYNTH_030,3.085698960792761,197.86495039306854,0.19647608984597353,42.38500266316011,0.13914249855002092,calm
196.0,SYNTH_030,3.0290613767055583,197.9879869736979,0.1926642840094132,42.50636676901895,0.14171285882636797,calm
198.0,SYNTH_030,2.8188979977167343,198.11835757992844,0.1889822448150562,42.62524949967637,0.14458311424523573,calm
200.0,SYNTH_030,2.794074006779744,198.25603733841038,0.18543543231739698,42.741611556138736,0.14774531579579453,calm
202.0,SYNTH_030,2.6730919226375836,198.4009977664845,0.1820270917368546,42.85541447267021,0.151190705938835,calm
204.0,SYNTH_030,2.674229149804487,198.5532067862471,0.17875842500767536,42.96662062950831,0.15490974286028036,calm
206.0,SYNTH_030,2.5712058396005255,198.7126287403905,0.175628780287717,43.07519326529987,0.15889212689670346,calm
208.0,SYNTH_030,2.3706478660329005,198.87922440981055,0.17263585397253403,43.1810964892532,0.16312682905966436,calm
210.0,SYNTH_030,2.339206060395686,199.0529510329735,0.16977589999916565,43.28429529300251,0.1676021215798737,calm
212.0,SYNTH_030,2.187123822501456,199.23376232703185,0.16704394158047625,43.38475556218056,0.17230561038658934,calm
214.0,SYNTH_030,2.2137796160448935,199.42160851067922,0.16443398095708753,43.48244408769591,0.17722426943229785,calm
216.0,SYNTH_030,2.17855386642981,199.61643632873256,0.16193920326840872,43.57732857671071,0.1823444767676195,calm
218.0,SYNTH_030,2.148537568991006,199.81818907843,0.15955217120468268,43.669377663315835,0.18765205226653092,calm
220.0,SYNTH_030,1.8946727704858346,200.02680663743118,0.1572650076868964,43.75856091889944,0.19313229689742573,calm
222.0,SYNTH_030,1.7431517772041836,200.24222549350583,0.15506956441102523,43.84484886220572,0.19877003343125493,calm
224.0,SYNTH_030,1.6276348483269378,200.46437877589676,0.15295757466966178,43.928212969080555,0.20454964847400914,calm
226.0,SYNTH_030,1.590721999945912,200.69319628834094,0.15092078941239484,44.00862568190067,0.21045513570713414,calm
228.0,SYNTH_030,1.6305617623394044,200.92860454373306,0.14895109601386589,44.08606041868339,0.2164701402161289,calm
230.0,SYNTH_030,1.4747195825975978,201.17052680041377,0.14704061967560353,44.1604915818738,0.22257800378456138,calm
232.0,SYNTH_030,1.6243856437669744,201.41888310006541,0.14518180778772757,44.23189456680651,0.22876181102806104,calm
234.0,SYNTH_030,1.465673376076431,201.67359030719587,0.14336749791533424,44.30024576983925,0.23500443624052336,calm
236.0,SYNTH_030,1.3579829483832369,201.93456215019143,0.1415909703502506,44.36552259615544,0.2412885908227898,calm
238.0,SYNTH_030,1.5812211864884287,202.20170926391847,0.13984598638252477,44.4277034672334,0.24759687116244952,calm
240.0,SYNTH_030,1.4233397619588697,202.47493923385235,0.13812681360004114,44.48676782797955,0.25391180683216424,calm
242.0,SYNTH_030,1.239355133988721,202.7541566417125,0.13642823962311262,44.54269615352326,0.2602159089730339,calm
244.0,SYNTH_030,1.1414891397301006,203.0392631125805,0.1347455757290666,44.59546995567119,0.26649171872900707,calm
246.0,SYNTH_030,1.2678701853366252,203.3301573634784,0.1330746518258099,44.64507178901893,0.2727218555981992,calm
248.0,SYNTH_030,1.287880713212468,203.62673525338283,0.1314118041997075,44.69148525671791,0.2788890655672156,calm
0.0,SYNTH_031,9.875450208064215,4.3912446435062975,0.27860079778168845,14.763844663076767,0.85,crosswind
2.0,SYNTH_031,9.803084350573739,4.728823334703861,0.27895212183638113,14.80150872362142,0.8563128740005687,crosswind
4.0,SYNTH_031,9.79112524649985,5.061637370953179,0.27925661408442076,14.835932705252826,0.8626082648519139,crosswind
6.0,SYNTH_031,9.632384842853012,5.389561910954114,0.2795143300157978,14.86710522845583,0.86886873782341,crosswind
8.0,SYNTH_031,9.87702234827989,5.7124745278734395,0.2797254272779399,14.895015988547971,0.8750769548875342,crosswind
10.0,SYNTH_031,9.695062248591384,6.030255269799568,0.279890177061862,14.919655759085868,0.881215722736558,crosswind
12.0,SYNTH_031,9.712698972852445,6.3427867189761855,0.2800089770091562,14.941016394915223,0.887268040398445,crosswind
14.0,SYNTH_031,9.81462711271965,6.649954049783332,0.2800823657525264,14.959090834863344,0.8932171463200863,crosswind
16.0,SYNTH_031,9.811317863317592,6.951645085439566,0.28011103918691926,14.97387310407336,0.8990465647874784,crosswind
18.0,SYNTH_031,9.754373686006033,7.247750353395475,0.28009586854557544,14.985358315979326,0.9047401515542854,crosswind
20.0,SYNTH_031,9.776689964503484,7.538163139391656,0.28003792032447516,14.993542673921565,0.9102821385524215,crosswind
22.0,SYNTH_031,9.687414821267213,7.822779540155636,0.27993847805871075,14.998423472401738,0.9156571775608268,crosswind
24.0,SYNTH_031,9.736982266008123,8.101498514709306,0.27979906590440246,14.999999097977193,0.9208503827115023,crosswind
26.0,SYNTH_031,9.786146640444493,8.374221934264142,0.2796214739191699,14.998269029794319,0.925847371715084,crosswind
28.0,SYNTH_031,9.794410636782663,8.640854630677438,0.27940778486241247,14.993233839760729,0.9306343056917825,crosswind
30.0,SYNTH_031,9.749053374946712,8.90130444344743,0.27916040225358046,14.984895192356195,0.935197927497383,crosswind
32.0,SYNTH_031,9.693227665249529,9.155482265222588,0.278882079332467,14.97325584408244,0.9395255984381587,crosswind
34.0,SYNTH_031,9.57973099285681,9.403302085803318,0.27857594846104766,14.9583196425519,0.9436053332730233,crosswind
36.0,SYNTH_031,9.563950902377877,9.644681034614564,0.2782455503928051,14.940091525215838,0.9474258334059797,crosswind
38.0,SYNTH_031,9.595775445904314,9.879539421627726,0.27789486271470404,14.918577517732171,0.9509765181769476,crosswind
40.0,SYNTH_031,9.49342634253006,10.107800776712338,0.27752832664161786,14.893784731973563,0.9542475541643043,crosswind
42.0,SYNTH_031,9.649317266848445,10.329391887397264,0.27715087121635934,14.865721363676467,0.9572298824179939,crosswind
44.0,SYNTH_031,9.651017619189886,10.544242835023795,0.2767679338445879,14.834396689731864,0.9599152435477785,crosswind
46.0,SYNTH_031,9.631132653518527,10.75228702927177,0.2763854759775269,14.7998210651186,0.9622962005971551,crosswind
48.0,SYNTH_031,9.469125308068733,10.953461241042419,0.27600999265207465,14.762005919480355,0.9643661596395882,crosswind
50.0,SYNTH_031,9.340848311303985,11.147705633681312,0.27564851451355404,14.720963753347343,0.9661193880400176,crosswind
52.0,SYNTH_031,9.548470569606563,11.334963792526025,0.27530860088748493,14.676708134004034,0.9675510303310692,crosswind
54.0,SYNTH_031,9.487010195313987,11.515182752764247,0.2749983224401052,14.62925369100421,0.9686571216599981,crosswind
56.0,SYNTH_031,9.356459592035893,11.688313025588059,0.2747262319796655,14.578616111334888,0.9694345987691253,crosswind
58.0,SYNTH_031,9.413150660697253,11.854308622631777,0.2745013220082866,14.524812134230684,0.9698813084793575,crosswind
60.0,SYNTH_031,9.447965832527462,12.01312707868152,0.27433296774335947,14.46785954564033,0.9699960136532955,crosswind
62.0,SYNTH_031,9.24031768556618,12.164729472644751,0.2742308544931444,14.407777172347185,0.9697783966214161,crosswind
64.0,SYNTH_031,9.167202375440072,12.309080446769542,0.27420488849719554,14.344584875745682,0.9692290600618406,crosswind
66.0,SYNTH_031,9.415558381149797,12.446148224104832,0.27426509063070403,14.278303545275747,0.9683495253312512,crosswind
68.0,SYNTH_031,9.038168828230743,12.575904624191992,0.2744214727230283,14.208955091517403,0.9671422282515795,crosswind
70.0,SYNTH_031,9.213320722655242,12.698325076980268,0.2746838966525195,14.136562438947788,0.9656105123641346,crosswind
72.0,SYNTH_031,9.161293118836296,12.81338863495995,0.2750619168476345,14.061149518363038,0.9637586196698542,crosswind
74.0,SYNTH_031,8.880556550097445,12.92107798350645,0.2755646073409008,13.982741258967488,0.9615916788813209,crosswind
76.0,SYNTH_031,9.051841478013145,13.021379449430015,0.27620037507735556,13.901363580132843,0.9591156912190818,crosswind
78.0,SYNTH_031,9.172131564159214,13.114283007727977,0.2769767617595646,13.817043382830033,0.9563375137916061,crosswind
80.0,SYNTH_031,9.11260812474676,13.199782286534912,0.27790023710150175,13.72980854073656,0.9532648406049092,crosswind
82.0,SYNTH_031,8.811771128629566,13.277874570269375,0.27897598694523534,13.63968789102233,0.9499061812544357,crosswind
84.0,SYNTH_031,8.922389485110859,13.348560800974838,0.28020770024733715,13.546711224816956,0.9462708373582138,crosswind
86.0,SYNTH_031,8.796874965598695,13.41184557785408,0.2815973594445374,13.45090927736172,0.9423688767965486,crosswind
88.0,SYNTH_031,8.891964825149861,13.467737154998701,0.28314503913796957,13.352313717849459,0.9382111058295926,crosswind
90.0,SYNTH_031,8.831990176615415,13.516247437312813,0.2848487183699901,13.250957138955679,0.9338090391700183,crosswind
92.0,SYNTH_031,8.85487231557727,13.557391974634186,0.28670411198556656,13.146873046064421,0.9291748680936683,crosswind
94.0,SYNTH_031,8.754884605363767,13.591189954056176,0.28870452665203566,13.040095846192411,0.9243214266765034,crosswind
96.0,SYNTH_031,8.51586269398934,13.617664190452444,0.290840747039963,12.930660836615148,0.9192621562513518,crosswind
98.0,SYNTH_031,8.555968373208229,13.636841115211155,0.29310095743102316,12.81860419319871,0.9140110681828939,crosswind
100.0,SYNTH_031,8.536585706199839,13.648750763182704,0.2954707036081424,12.703962958441101,0.908582705063977,crosswind
102.0,SYNTH_031,8.642937317886927,13.653426757848706,0.2979328992959659,12.586775029227164,0.9029921004407228,crosswind
104.0,SYNTH_031,8.697450364118177,13.650906294718027,0.30046788065949087,12.467079144301008,0.8972547371779671,crosswind
106.0,SYNTH_031,8.627090889991374,13.641230122959712,0.3030535114454268,12.344914871460174,0.8913865045803376,crosswind
108.0,SYNTH_031,8.517632188439299,13.624442525280699,0.3056653402811119,12.220322594475723,0.8854036543877193,crosswind
110.0,SYNTH_031,8.63347480128873,13.600591296058496,0.30827681045280825,12.093343499742609,0.8793227557669746,crosswind
112.0,SYNTH_031,8.381518192928178,13.569727717740534,0.31085952119819227,11.964019562664703,0.8731606494245695,crosswind
114.0,SYNTH_031,8.50131155160156,13.531906535519681,0.3133835382015827,11.83239353377903,0.866934400967184,crosswind
116.0,SYNTH_031,8.575194148223995,13.48718593030162,0.31581774961405396,11.69850892462372,0.8606612536394755,crosswind
118.0,SYNTH_031,8.32165495693388,13.435627489974138,0.31813026257645605,11.562409993354446,0.8543585805698829,crosswind
120.0,SYNTH_031,8.304465161521742,13.377296178994698,0.32028883394561686,11.424141730114037,0.8480438366567253,crosswind
122.0,SYNTH_031,8.339786616200957,13.31226030631069,0.3222613277569168,11.283749842160082,0.8417345102278441,crosswind
124.0,SYNTH_031,8.406277842123655,13.240591491627924,0.32401619094269385,11.141280738755547,0.8354480746076623,crosswind
126.0,SYNTH_031,8.393012922117846,13.162364630044408,0.32552293800495347,10.996781515827266,0.8292019397257971,crosswind
128.0,SYNTH_031,8.558625004731299,13.077657855066207,0.3267526347470303,10.850299940397475,0.8230134039012391,crosswind
130.0,SYNTH_031,8.333861250960485,12.986552500025425,0.32767837083005014,10.701884434793511,0.8168996059356315,crosswind
132.0,SYNTH_031,8.38873737684093,12.88913305791641,0.32827571085627794,10.551584060640849,0.8108774776483241,crosswind
134.0,SYNTH_031,8.158991225995038,12.78548713967308,0.32852311390378136,10.399448502644832,0.804963696984652,crosswind
136.0,SYNTH_031,8.472552517545143,12.67570543090568,0.3284023119467261,10.245528052166463,0.799174641827305,crosswind
138.0,SYNTH_031,8.376340519735066,12.55988164711988,0.3278986383844822,10.089873590597556,0.7935263446387038,crosswind
140.0,SYNTH_031,8.417444826380923,12.438112487439355,0.32700129895209523,9.932536572540968,0.7880344480599966,crosswind
142.0,SYNTH_031,8.432828710797496,12.310497586854922,0.32570357856664856,9.773569008801246,0.7827141615896458,crosswind
144.0,SYNTH_031,8.444739489132221,12.177139467024347,0.32400297914217113,9.613023449191445,0.7775802194615781,crosswind
146.0,SYNTH_031,8.533899051051328,12.038143485646344,0.3219012850362882,9.450952965161797,0.7726468398395521,crosswind
148.0,SYNTH_031,8.474858694461231,11.893617784434127,0.31940455452533156,9.287411132255873,0.7679276854407551,crosswind
150.0,SYNTH_031,8.764650921832121,11.743673235714368,0.31652303748779514,9.122452012400178,0.7634358256976762,crosswind
152.0,SYNTH_031,8.551334175257558,11.588423387677835,0.3132710212536475,8.956130136032918,0.7591837005630486,crosswind
154.0,SYNTH_031,8.851330976990962,11.427984408308305,0.30966660829410375,8.788500484077911,0.7551830860581012,crosswind
156.0,SYNTH_031,8.69676947283946,11.262475028018002,0.30573143103031264,8.619618469769575,0.7514450616595303,crosswind
158.0,SYNTH_031,8.844224424583155,11.092016481017936,0.3014903104815926,8.449539920335006,0.7479799796155122,crosswind
160.0,SYNTH_031,8.801689491873422,10.916732445451487,0.29697086671195694,8.278321058539198,0.7447974362757354,crosswind
162.0,SYNTH_031,9.122298390161724,10.73674898232116,0.29220309003287104,8.106018484099543,0.7419062455148491,crosswind
164.0,SYNTH_031,9.08478605211458,10.552194473238956,0.2872188826544087,7.932689154975651,0.7393144143229347,crosswind
166.0,SYNTH_031,9.231624583110182,10.363199557030782,0.28205158092970495,7.758390368540843,0.7370291206305963,crosswind
168.0,SYNTH_031,9.139013113100622,10.169897065225882,0.2767354685022825,7.583179742641353,0.735056693430087,crosswind
170.0,SYNTH_031,9.293303575601167,9.972421956463563,0.27130529054585995,7.407115196549645,0.7334025952475198,crosswind
172.0,SYNTH_031,9.277724910379618,9.7709112498502,0.2657957788945615,7.230254931818084,0.7320714070147106,crosswind
174.0,SYNTH_031,9.59548718696089,9.565503957297949,0.26024119721971223,7.052657413039261,0.7310668153825437,crosswind
176.0,SYNTH_031,9.428961876151188,9.35634101487966,0.2546749145469164,6.874381348519401,0.730391602511001,crosswind
178.0,SYNTH_031,9.666264036698847,9.143565213233785,0.24912901435941168,6.695485670871207,0.7300476383641256,crosswind
180.0,SYNTH_031,9.768533488012018,8.927321127053347,0.2436339453409626,6.516029517532494,0.7300358755312621,crosswind
182.0,SYNTH_031,9.821003738890395,8.707755043694135,0.23821821851695116,6.336072211217225,0.7303563465889144,crosswind
184.0,SYNTH_031,9.824193028897414,8.485014890936725,0.2329081542002217,6.1556732403051875,0.7310081640105257,crosswind
186.0,SYNTH_031,9.896244107973263,8.259250163938873,0.22772768078253783,5.974892239176971,0.7319895226244347,crosswind
188.0,SYNTH_031,9.962635408592508,8.030611851413823,0.2226981860750509,5.793788968500685,0.7332977046131962,crosswind
190.0,SYNTH_031,9.997148926328089,7.799252361071012,0.21783842063033465,5.612423295476861,0.7349290870404234,crosswind
192.0,SYNTH_031,9.74849810658632,7.565325444356063,0.21316445130800032,5.430855174048249,0.7368791518843067,crosswind
194.0,SYNTH_031,9.869403944855167,7.328986120527247,0.20868966230379254,5.249144625080829,0.7391424985500209,crosswind
196.0,SYNTH_031,10.058657984800552,7.090390600106105,0.2044247999702442,5.067351716522771,0.741712858826368,crosswind
198.0,SYNTH_031,9.855326681920122,6.849696207739441,0.20037805703074354,4.8855365435478175,0.7445831142452357,crosswind
200.0,SYNTH_031,9.863895462177716,6.607061304511262,0.19655519123687568,4.703759208689632,0.7477453157957945,crosswind
202.0,SYNTH_031,10.077341719071596,6.362645209743221,0.1929596731433597,4.522079801973754,0.751190705938835,crosswind
204.0,SYNTH_031,9.719147920541205,6.116608122321509,0.18959285747201757,4.340558381053696,0.7549097428602803,crosswind
206.0,SYNTH_031,9.97175352073471,5.869111041589576,0.18645417249684215,4.159254951357665,0.7588921268967035,crosswind
208.0,SYNTH_031,9.9397772072915,5.620315687845505,0.18354132199268614,3.978229446252673,0.7631268290596643,crosswind
210.0,SYNTH_031,9.866899682426812,5.370384422483539,0.18085049453302632,3.7975417072323445,0.7676021215798736,crosswind
212.0,SYNTH_031,9.809354394808427,5.119480167818949,0.17837657527765882,3.617251464135172,0.7723056103865893,crosswind
214.0,SYNTH_031,9.646039316828027,4.867766326635433,0.17611335583731938,3.4374183153996696,0.7772242694322978,crosswind
216.0,SYNTH_031,9.618229644295257,4.615406701496397,0.17405373831664517,3.2581017083629265,0.7823444767676195,crosswind
218.0,SYNTH_031,9.555928825055517,4.362565413857681,0.1721899301972537,3.07936091960915,0.7876520522665309,crosswind
220.0,SYNTH_031,9.542949972035771,4.109406823023221,0.17051362730759986,2.9012550353746565,0.7931322968974257,crosswind
222.0,SYNTH_031,9.571464042636453,3.856095444983623,0.16901618271584334,2.7238429320157245,0.798770033431255,crosswind
0.0,SYNTH_032,6.101796232593476,337.0621664771417,0.422656438722662,340.4397848199057,1.15,changing_wind_current
2.0,SYNTH_032,6.16029456241785,336.9410599414627,0.42218205386605584,340.3880412726673,1.1563128740005686,changing_wind_current
4.0,SYNTH_032,6.214650968362829,336.81409633327013,0.4217561532229145,340.3394751449125,1.1626082648519138,changing_wind_current
6.0,SYNTH_032,6.353303190908951,336.68137785260905,0.4213793884817639,340.29410249111737,1.16886873782341,changing_wind_current
8.0,SYNTH_032,6.052496356455151,336.5430095413199,0.4210524351982046,340.251938310093,1.1750769548875342,changing_wind_current
10.0,SYNTH_032,6.1078124096917366,336.3990992311682,0.4207760037583084,340.2129965400278,1.1812157227365578,changing_wind_current
12.0,SYNTH_032,6.15777532079114,336.24975749059644,0.42055085192710595,340.1772900538794,1.1872680403984448,changing_wind_current
14.0,SYNTH_032,6.09500436395949,336.0950975701243,0.4203777990951632,340.1448306551198,1.1932171463200862,changing_wind_current
16.0,SYNTH_032,6.20122943916473,335.9352353464255,0.42025774232053803,340.1156290738331,1.1990465647874782,changing_wind_current
18.0,SYNTH_032,6.357827519788094,335.7702892651064,0.42019167424062737,340.0896949631687,1.2047401515542855,changing_wind_current
20.0,SYNTH_032,6.064849398434134,335.600380282217,0.42018070289751447,340.06703689615017,1.2102821385524214,changing_wind_current
22.0,SYNTH_032,6.0288775447017064,335.42563180452214,0.4202260734804286,340.0476623628412,1.2156571775608267,changing_wind_current
24.0,SYNTH_032,6.064090115235671,335.2461696285623,0.4203291919389612,340.0315777678698,1.2208503827115023,changing_wind_current
26.0,SYNTH_032,6.212800752872365,335.06212187853436,0.42049165036002606,340.018788428311,1.225847371715084,changing_wind_current
28.0,SYNTH_032,6.351911106899376,334.87361894302296,0.4207152539297375,340.00929857192904,1.2306343056917826,changing_wind_current
30.0,SYNTH_032,6.294224586238436,334.68079341061394,0.42100204921825646,340.00311133578026,1.2351979274973828,changing_wind_current
32.0,SYNTH_032,6.2187170765713775,334.4837800044209,0.4213543534314497,340.00022876517556,1.2395255984381588,changing_wind_current
34.0,SYNTH_032,6.326443220800404,334.28271551555844,0.4217747841686516,340.0006518130046,1.2436053332730233,changing_wind_current
36.0,SYNTH_032,6.377789293284951,334.077738735593,0.422266289112174,340.00438033942066,1.2474258334059798,changing_wind_current
38.0,SYNTH_032,6.502208850269132,333.8689903880076,0.4228321749533887,340.0114131118871,1.2509765181769474,changing_wind_current
40.0,SYNTH_032,6.475751652896077,333.65661305871095,0.42347613473478607,340.0217478055844,1.2542475541643043,changing_wind_current
42.0,SYNTH_032,6.293646465361296,333.4407511256276,0.4242022726607175,340.03538100417904,1.2572298824179937,changing_wind_current
44.0,SYNTH_032,6.357146930536663,333.2215506874036,0.42501512530559454,340.0523082009527,1.2599152435477783,changing_wind_current
46.0,SYNTH_032,6.400384652225241,332.9991594912613,0.4259196780319281,340.07252380029195,1.262296200597155,changing_wind_current
48.0,SYNTH_032,6.426992761433186,332.7737268600415,0.4269213753271929,340.09602111953814,1.264366159639588,changing_wind_current
50.0,SYNTH_032,6.734988513954926,332.5454036184662,0.4280261236841096,340.12279239119647,1.2661193880400174,changing_wind_current
52.0,SYNTH_032,6.544830746384903,332.31434201866057,0.4292402855900309,340.1528287655035,1.267551030331069,changing_wind_current
54.0,SYNTH_032,6.356048549276147,332.08069566496994,0.4305706631644066,340.18612031335283,1.268657121659998,changing_wind_current
56.0,SYNTH_032,6.665788885489819,331.8446194381087,0.4320244699955563,340.22265602957737,1.2694345987691251,changing_wind_current
58.0,SYNTH_032,6.548787462893922,331.6062694186791,0.4336092897856932,340.262423836587,1.2698813084793574,changing_wind_current
60.0,SYNTH_032,6.520514452552523,331.36580281009805,0.4353330205222866,340.3054105883615,1.2699960136532953,changing_wind_current
62.0,SYNTH_032,6.633926007785065,331.12337786096833,0.4372038030594811,340.3516020747958,1.269778396621416,changing_wind_current
64.0,SYNTH_032,6.573922158376904,330.8791537869348,0.43922993321921405,340.40098302639774,1.2692290600618406,changing_wind_current
66.0,SYNTH_032,6.854991750243644,330.63329069206253,0.44141975681009615,340.45353711933546,1.2683495253312511,changing_wind_current
68.0,SYNTH_032,6.813514258602379,330.38594948977624,0.4437815473132499,340.5092469808337,1.2671422282515794,changing_wind_current
70.0,SYNTH_032,6.719922979069693,330.1372918234002,0.44632336639609815,340.5680941949167,1.2656105123641346,changing_wind_current
72.0,SYNTH_032,6.783787940722291,329.8874799863376,0.44905290788293706,340.6300593084958,1.2637586196698543,changing_wind_current
74.0,SYNTH_032,6.86883542474293,329.6366768419292,0.4519773263276588,340.69512183780034,1.2615916788813208,changing_wind_current
76.0,SYNTH_032,6.871532183957619,329.38504574303,0.45510305188900424,340.7632602751486,1.2591156912190817,changing_wind_current
78.0,SYNTH_032,6.953507336197678,329.13275045134435,0.45843559378917653,340.83445209605776,1.2563375137916062,changing_wind_current
80.0,SYNTH_032,7.120939446320406,328.87995505656,0.46197933522677415,340.9086737666901,1.2532648406049092,changing_wind_current
82.0,SYNTH_032,7.139213252531667,328.62682389531864,0.46573732319664013,340.9859007516319,1.2499061812544356,changing_wind_current
84.0,SYNTH_032,6.962497911198165,328.373521470066,0.4697110572221495,341.06610752200476,1.2462708373582139,changing_wind_current
86.0,SYNTH_032,7.151731330567806,328.12021236781897,0.4739002815080355,341.1492675639042,1.2423688767965484,changing_wind_current
88.0,SYNTH_032,7.183736672019495,327.8670611788916,0.47830278545163774,341.2353533871646,1.2382111058295926,changing_wind_current
90.0,SYNTH_032,7.187087104799035,327.6142324156194,0.48291421778506816,341.32433653444656,1.2338090391700183,changing_wind_current
92.0,SYNTH_032,7.26359395937133,327.36189043112176,0.4877279198387632,341.416187590644,1.2291748680936683,changing_wind_current
94.0,SYNTH_032,7.301857467399328,327.11019933814345,0.49273478349867345,341.5108761926077,1.2243214266765032,changing_wind_current
96.0,SYNTH_032,7.271909669328931,326.8593229280144,0.4979231393582392,341.608371039183,1.2192621562513517,changing_wind_current
98.0,SYNTH_032,7.311883609614126,326.6094245897689,0.503278680329462,341.70863990155635,1.2140110681828937,changing_wind_current
100.0,SYNTH_032,7.245878617422149,326.3606672294623,0.5087844255666812,341.81164963390944,1.208582705063977,changing_wind_current
102.0,SYNTH_032,7.418207553812023,326.11321318972745,0.5144207289694542,341.9173661843763,1.2029921004407227,changing_wind_current
104.0,SYNTH_032,7.474042140099673,325.8672241696086,0.5201653357707006,342.02575460629964,1.197254737177967,changing_wind_current
106.0,SYNTH_032,7.351919435766626,325.6228611447131,0.5259934897929648,342.13677906978336,1.1913865045803376,changing_wind_current
108.0,SYNTH_032,7.435761529091703,325.380284287721,0.5318780928859017,342.2504028735365,1.185403654387719,changing_wind_current
110.0,SYNTH_032,7.613535586795695,325.13965288929023,0.5377899168650585,342.3665884570057,1.1793227557669745,changing_wind_current
112.0,SYNTH_032,7.5518116954634,324.9011252793981,0.5436978669850097,342.4852974127918,1.1731606494245694,changing_wind_current
114.0,SYNTH_032,7.510730762270177,324.6648587491566,0.5495692946336055,342.6064904993458,1.166934400967184,changing_wind_current
116.0,SYNTH_032,7.67556126994767,324.43100947314133,0.5553703555676868,342.7301276539411,1.1606612536394754,changing_wind_current
118.0,SYNTH_032,7.537876057517893,324.19973243227105,0.5610664086664785,342.85616800591697,1.1543585805698828,changing_wind_current
120.0,SYNTH_032,7.567051935178321,323.9711813372773,0.5666224489011188,342.9845698901892,1.1480438366567254,changing_wind_current
122.0,SYNTH_032,7.730074062546272,323.74550855280086,0.5720035670516809,343.11529086102325,1.141734510227844,changing_wind_current
124.0,SYNTH_032,7.724687011885448,323.5228650221531,0.5771754276893056,343.2482877060654,1.1354480746076623,changing_wind_current
126.0,SYNTH_032,7.7830112865304635,323.3034001927793,0.5821047561200726,343.38351646062773,1.129201939725797,changing_wind_current
128.0,SYNTH_032,7.888441736188571,323.08726194246,0.5867598243934011,343.52093242222116,1.123013403901239,changing_wind_current
130.0,SYNTH_032,7.879838977746466,322.87459650628836,0.591110926138973,343.660490165333,1.1168996059356315,changing_wind_current
132.0,SYNTH_032,7.907509432107894,322.6655484044584,0.5951308299323991,343.8021435564429,1.110877477648324,changing_wind_current
134.0,SYNTH_032,7.861921336650915,322.46026037089945,0.5987952011121994,343.9458457692737,1.104963696984652,changing_wind_current
136.0,SYNTH_032,7.744368318247282,322.2588732827935,0.6020829824805463,344.0915493002703,1.099174641827305,changing_wind_current
138.0,SYNTH_032,7.72670005219524,322.0615260910089,0.6049767251090914,344.239205984303,1.0935263446387038,changing_wind_current
140.0,SYNTH_032,8.057169649606099,321.8683557514858,0.6074628615205696,344.38876701058956,1.0880344480599966,changing_wind_current
142.0,SYNTH_032,8.025292702004773,321.67949715760585,0.6095319147988548,344.54018293883036,1.0827141615896458,changing_wind_current
144.0,SYNTH_032,8.14034430332676,321.49508307358144,0.6111786386582716,344.69340371555205,1.077580219461578,changing_wind_current
146.0,SYNTH_032,8.123765310162852,321.3152440688955,0.6124020851335221,344.84837869065353,1.0726468398395521,changing_wind_current
148.0,SYNTH_032,8.196558317931363,321.1401084538255,0.6132055982851117,345.0050566341494,1.0679276854407551,changing_wind_current
150.0,SYNTH_032,8.227508399276951,320.96980221608294,0.6135967340983405,345.163385753105,1.0634358256976761,changing_wind_current
152.0,SYNTH_032,8.400082681700745,320.80444895859983,0.6135871085315631,345.3233137087575,1.0591837005630484,changing_wind_current
154.0,SYNTH_032,8.214980930560092,320.6441698384927,0.6131921773865229,345.48478763381775,1.0551830860581013,changing_wind_current
156.0,SYNTH_032,8.570283151525976,320.48908350723406,0.6124309532774395,345.64775414994625,1.0514450616595301,changing_wind_current
158.0,SYNTH_032,8.60801467607802,320.3393060520621,0.6113256664177167,345.8121593853986,1.0479799796155123,changing_wind_current
160.0,SYNTH_032,8.480842626143179,320.1949509386556,0.6099013771812676,345.977948992834,1.0447974362757353,changing_wind_current
162.0,SYNTH_032,8.67047017916161,320.0561289551039,0.6081855493946726,346.1450681672803,1.0419062455148491,changing_wind_current
164.0,SYNTH_032,8.78768582086958,319.92294815719873,0.6062075940506318,346.3134616642513,1.0393144143229347,changing_wind_current
166.0,SYNTH_032,8.871287741920307,319.7955138150761,0.6039983935859269,346.4830738180089,1.0370291206305962,changing_wind_current
168.0,SYNTH_032,8.711741613155406,319.6739283612328,0.6015898170318077,346.65384855996416,1.0350566934300869,changing_wind_current
170.0,SYNTH_032,8.821397909126413,319.5582913399445,0.5990142362247788,346.8257294372122,1.0334025952475199,changing_wind_current
172.0,SYNTH_032,8.824596815859492,319.4486993581101,0.5963040528740957,346.9986596311936,1.0320714070147106,changing_wind_current
174.0,SYNTH_032,8.893221150932662,319.34524603754693,0.593491245640573,347.17258197647686,1.0310668153825437,changing_wind_current
176.0,SYNTH_032,9.024110296575056,319.24802196875925,0.5906069455188506,347.34743897965564,1.030391602511001,changing_wind_current
178.0,SYNTH_032,8.884332585394906,319.15711466620417,0.5876810467675883,347.5231728383544,1.0300476383641255,changing_wind_current
180.0,SYNTH_032,8.887305381061328,319.0726085250765,0.5847418594393587,347.69972546033586,1.030035875531262,changing_wind_current
182.0,SYNTH_032,8.798208733546424,318.9945847796337,0.5818158082674416,347.87703848270473,1.0303563465889143,changing_wind_current
184.0,SYNTH_032,8.970018609391163,318.9231214630821,0.5789271813146478,348.05505329120064,1.0310081640105255,changing_wind_current
186.0,SYNTH_032,9.069988569016825,318.85829336904305,0.5760979304236432,348.2337110395741,1.0319895226244347,changing_wind_current
188.0,SYNTH_032,8.954110583821201,318.8001720146199,0.5733475241708168,348.4129526690393,1.0332977046131961,changing_wind_current
190.0,SYNTH_032,8.725461658726577,318.74882560508206,0.5706928527549308,348.59271892779753,1.0349290870404233,changing_wind_current
192.0,SYNTH_032,8.936004539423875,318.70431900018474,0.5681481830812891,348.7729503906234,1.0368791518843066,changing_wind_current
194.0,SYNTH_032,8.660534251705922,318.66671368214094,0.5657251612600838,348.9535874785093,1.0391424985500208,changing_wind_current
196.0,SYNTH_032,8.702123149521059,318.63606772526094,0.5634328588457976,349.1345704783605,1.0417128588263678,changing_wind_current
198.0,SYNTH_032,8.604534341316377,318.6124357672751,0.561277858418362,349.31583956273437,1.0445831142452358,changing_wind_current
200.0,SYNTH_032,8.48673610774577,318.5958689823527,0.5592643735548103,349.49733480961726,1.0477453157957943,changing_wind_current
202.0,SYNTH_032,8.490368445134708,318.58641505583273,0.5573943978646807,349.6789962222334,1.0511907059388348,changing_wind_current
204.0,SYNTH_032,8.458408959068597,318.58411816067587,0.5556678775595727,349.8607637488776,1.0549097428602803,changing_wind_current
206.0,SYNTH_032,8.536212725628287,318.5890189356516,0.5540829019879409,350.0425773027666,1.0588921268967033,changing_wind_current
208.0,SYNTH_032,8.175004544358835,318.6011544652709,0.5526359066767093,350.22437678190187,1.0631268290596643,changing_wind_current
210.0,SYNTH_032,8.023211154287711,318.6205582614734,0.5513218836642716,350.40610208893776,1.0676021215798737,changing_wind_current
212.0,SYNTH_032,8.007711130084003,318.6472602470789,0.550134594264881,350.5876931510474,1.0723056103865893,changing_wind_current
214.0,SYNTH_032,7.971555375608859,318.6812867410114,0.5490667798506347,350.76908993978145,1.0772242694322978,changing_wind_current
216.0,SYNTH_032,8.036113320427514,318.7226604453025,0.5481103667517138,350.9502324909112,1.0823444767676194,changing_wind_current
218.0,SYNTH_032,7.6114320678563185,318.77140043388135,0.54725666193596,351.1310609242512,1.087652052266531,changing_wind_current
220.0,SYNTH_032,7.4903520064289575,318.82752214315525,0.5464965367137944,351.3115154634537,1.0931322968974257,changing_wind_current
222.0,SYNTH_032,7.364191073123793,318.89103736438744,0.5458205963041164,351.491536455769,1.098770033431255,changing_wind_current
0.0,SYNTH_033,1.1658893716115206,216.97385383098626,0.04232127468582203,25.38392414709903,0.25,calm
2.0,SYNTH_033,1.1753368459848557,216.8501416036458,0.041879367890397555,25.335620245067965,0.2563128740005687,calm
4.0,SYNTH_033,1.2844615949191838,216.72061719988866,0.04148619238222182,25.290511091308474,0.2626082648519139,calm
6.0,SYNTH_033,1.304894117515501,216.58538408429843,0.041142373137242186,25.248611597526708,0.26886873782341003,calm
8.0,SYNTH_033,0.9261885590509057,216.44454854045938,0.04084855881860614,25.209935614413418,0.27507695488753425,calm
10.0,SYNTH_033,1.014101412983734,216.29821961847338,0.040605432762009265,25.17449592706535,0.28121572273655804,calm
12.0,SYNTH_033,1.1147980848713601,216.14650908110985,0.0404137255462639,25.1423042507589,0.287268040398445,calm
14.0,SYNTH_033,1.040259020904591,215.9895313486168,0.04027422926206618,25.113371227077366,0.2932171463200863,calm
16.0,SYNTH_033,1.2095334736659484,215.8274034422191,0.0401878135762372,25.087706420393182,0.2990465647874783,calm
18.0,SYNTH_033,1.181431270775082,215.6602449263328,0.04015544366592882,25.06531831470625,0.30474015155428547,calm
20.0,SYNTH_033,1.3439413090017627,215.48817784952334,0.04017820006638561,25.046214310839357,0.3102821385524215,calm
22.0,SYNTH_033,1.2349129345362206,215.31132668423697,0.04025730043585783,25.030400723991708,0.3156571775608268,calm
24.0,SYNTH_033,1.1952923252519159,215.12981826533573,0.04039412319129046,25.017882781651306,0.32085038271150235,calm
26.0,SYNTH_033,1.256321572569311,214.9437817274652,0.04059023290775705,25.008664621866913,0.325847371715084,calm
28.0,SYNTH_033,1.1535650719132267,214.75334844128716,0.040847407302795506,25.00274929188013,0.33063430569178254,calm
30.0,SYNTH_033,1.393905877229065,214.5586519486077,0.041167665543675534,25.00013874711807,0.335197927497383,calm
32.0,SYNTH_033,1.1888533505125167,214.35982789643356,0.041553297521426294,25.000833850546968,0.33952559843815877,calm
34.0,SYNTH_033,1.414283929127629,214.15701396998844,0.042006893630894444,25.0048343723869,0.3436053332730233,calm
36.0,SYNTH_033,1.3482095747048946,213.9503498247233,0.04253137448246041,25.012138990187733,0.34742583340597977,calm
38.0,SYNTH_033,1.5220709785005824,213.73997701735354,0.043130019850218373,25.022745289266304,0.3509765181769476,calm
40.0,SYNTH_033,1.3942888308484327,213.52603893595716,0.04380649603600732,25.036649763504627,0.3542475541643043,calm
42.0,SYNTH_033,1.6092759663742129,213.30868072916897,0.04456488070198083,25.053847816508927,0.3572298824179939,calm
44.0,SYNTH_033,1.3784224108335976,213.08804923450498,0.04540968410047151,25.074333763129033,0.3599152435477785,calm
46.0,SYNTH_033,1.459067229612258,212.86429290585323,0.04634586551351681,25.098100831337753,0.3622962005971551,calm
48.0,SYNTH_033,1.6100723176174718,212.6375617401661,0.0473788436110116,25.125141164469476,0.3643661596395882,calm
50.0,SYNTH_033,1.6010106039202587,212.40800720339087,0.04851449935206502,25.155445823817345,0.36611938804001765,calm
52.0,SYNTH_033,1.5079856592672387,212.1757821556747,0.04975916999522832,25.189004791588136,0.3675510303310692,calm
54.0,SYNTH_033,1.5991428541904846,211.94104077588145,0.05111963275655389,25.225806974213814,0.36865712165999803,calm
56.0,SYNTH_033,1.629738384197302,211.70393848545686,0.05260307666669563,25.265840206018744,0.36943459876912527,calm
58.0,SYNTH_033,1.7723325178762745,211.46463187168047,0.05421706123597859,25.309091253241284,0.3698813084793575,calm
60.0,SYNTH_033,1.5338056672486144,211.2232786103419,0.05596946064550887,25.35554581840845,0.3699960136532955,calm
62.0,SYNTH_033,1.6974605368447027,210.98003738787918,0.057868392348024524,25.405188545062266,0.3697783966214161,calm
64.0,SYNTH_033,1.6189724379894481,210.73506782301854,0.05992212918811572,25.458003022836067,0.3692290600618406,calm
66.0,SYNTH_033,1.7818030586290003,210.4885303879535,0.06213899443986055,25.51397179287933,0.3683495253312512,calm
68.0,SYNTH_033,1.7903076014952841,210.24058632910257,0.06452723951105793,25.573076353629013,0.3671422282515795,calm
70.0,SYNTH_033,1.773652391403354,209.99139758748473,0.06709490447503404,25.635297166925593,0.36561051236413467,calm
72.0,SYNTH_033,1.7712708119639122,209.74112671875181,0.0698496620588418,25.700613664471796,0.36375861966985423,calm
74.0,SYNTH_033,2.0907538342526304,209.48993681291748,0.07279864623320464,25.76900425463186,0.3615916788813209,calm
76.0,SYNTH_033,1.7656989604312245,209.2379914138221,0.07594826710457095,25.840446329569033,0.3591156912190818,calm
78.0,SYNTH_033,1.7737709311633405,208.98545443837384,0.079304014390095,25.91491627271907,0.35633751379160616,calm
80.0,SYNTH_033,1.9517094200007663,208.7324900956053,0.08287025234649235,25.992389466597125,0.35326484060490926,calm
82.0,SYNTH_033,2.2477003495445627,208.47926280558602,0.0866500096053501,26.07284030093554,0.3499061812544357,calm
84.0,SYNTH_033,1.9775159354909855,208.22593711823063,0.090644767920404,26.15624218114983,0.3462708373582139,calm
86.0,SYNTH_033,2.265368687174998,207.97267763204306,0.09485425433486938,26.242567537130014,0.34236887679654854,calm
88.0,SYNTH_033,2.0304724885126824,207.7196489128367,0.09927624170669799,26.331787832354475,0.33821110582959263,calm
90.0,SYNTH_033,2.018216488639405,207.46701541247054,0.10390636286424429,26.42387357332326,0.33380903917001836,calm
92.0,SYNTH_033,2.0507671387138786,207.21494138764191,0.10873794388279956,26.518794319307688,0.32917486809366836,calm
94.0,SYNTH_033,2.361522824358189,206.96359081877515,0.11376186205423391,26.616518692413194,0.32432142667650343,calm
96.0,SYNTH_033,2.4116906742895385,206.71312732904724,0.11896643405088435,26.717014387951835,0.3192621562513518,calm
98.0,SYNTH_033,2.2874561690706723,206.46371410358933,0.12433733954799017,26.82024818512126,0.3140110681828939,calm
100.0,SYNTH_033,2.272212073272109,206.21551380890494,0.12985758515827384,26.92618595798651,0.30858270506397706,calm
102.0,SYNTH_033,2.379859385180397,205.96868851254405,0.13550751294505847,27.034792686760966,0.30299210044072283,calm
104.0,SYNTH_033,2.400008885809694,205.72339960307303,0.14126485702007419,27.14603246938284,0.2972547371779671,calm
106.0,SYNTH_033,2.2993460349575616,205.47980771038,0.14710485080879848,27.25986853338331,0.2913865045803377,calm
108.0,SYNTH_033,2.506319334043083,205.23807262635447,0.15300038649642803,27.376263248042363,0.2854036543877193,calm
110.0,SYNTH_033,2.5593535321872003,204.99835322598125,0.15892222697454989,27.495178136828354,0.27932275576697463,calm
112.0,SYNTH_033,2.6916886420644697,204.76080738888663,0.16483926932156123,27.616573890117163,0.2731606494245696,calm
114.0,SYNTH_033,2.6064104204038334,204.52559192137667,0.1707188575035909,27.740410378186787,0.26693440096718407,calm
116.0,SYNTH_033,2.569279680218921,204.29286247900484,0.1765271406162728,27.86664666448297,0.2606612536394755,calm
118.0,SYNTH_033,2.6683795961097108,204.06277348970852,0.18222947164357708,27.995241019151564,0.2543585805698829,calm
120.0,SYNTH_033,2.6865448791475774,203.83547807755116,0.187790840432151,28.12615093283319,0.24804383665672539,calm
122.0,SYNTH_033,2.6935113748452566,203.61112798710877,0.19317633341252355,28.259333130715486,0.2417345102278441,calm
124.0,SYNTH_033,2.5875110431777455,203.38987350853748,0.19835161158478903,28.394743586838445,0.23544807460766237,calm
126.0,SYNTH_033,2.732884215194853,203.1718634033589,0.20328339746539253,28.532337538648083,0.22920193972579717,calm
128.0,SYNTH_033,2.746650068356215,202.95724483100108,0.20793996109780835,28.67206950179352,0.22301340390123914,calm
130.0,SYNTH_033,2.841042828267378,202.74616327612978,0.21229159489109992,28.81389328516274,0.21689960593563157,calm
132.0,SYNTH_033,2.760642963023661,202.53876247680745,0.21631106698658314,28.957762006151988,0.2108774776483241,calm
134.0,SYNTH_033,2.8030374729701992,202.33518435351428,0.21997404307516055,29.103628106163665,0.204963696984652,calm
136.0,SYNTH_033,3.0886398544788336,202.1355689390668,0.22325946709777694,29.251443366327777,0.1991746418273051,calm
138.0,SYNTH_033,2.931297099529429,201.94005430946893,0.22614989205031683,29.40115892344164,0.19352634463870377,calm
140.0,SYNTH_033,2.8613103762061667,201.7487765157289,0.2286317531636379,29.552725286122506,0.18803444805999658,calm
142.0,SYNTH_033,2.9850575154975325,201.5618695166765,0.2306955770114159,29.706092351167964,0.18271416158964587,calm
144.0,SYNTH_033,3.063559486931894,201.37946511281308,0.232336121576608,29.86120942011846,0.1775802194615781,calm
146.0,SYNTH_033,3.063690780900263,201.2016928812279,0.23355244393789484,30.01802521601672,0.17264683983955215,calm
148.0,SYNTH_033,3.17815986484963,201.0286801116116,0.2343478939709895,30.176487900358293,0.16792768544075515,calm
150.0,SYNTH_033,3.221323233372925,200.86055174340026,0.23473003424288194,30.33654509022778,0.16343582569767617,calm
152.0,SYNTH_033,3.0369752392593234,200.6974303040789,0.23471048805472614,30.498143875615085,0.15918370056304862,calm
154.0,SYNTH_033,3.3214458392913415,200.53943584867685,0.2343047193061813,30.66123083690575,0.15518308605810127,calm
156.0,SYNTH_033,3.5618975746234667,200.38668590048388,0.23353174945788813,30.82575206253991,0.1514450616595303,calm
158.0,SYNTH_033,3.4229916336692345,200.239295393016,0.23241381831095692,30.991653166833803,0.1479799796155123,calm
160.0,SYNTH_033,3.5672785553438358,200.09737661326096,0.2309759965604657,31.15887930795798,0.1447974362757354,calm
162.0,SYNTH_033,3.7237421510748687,199.96103914622978,0.2292457590791936,31.32737520606635,0.14190624551484915,calm
164.0,SYNTH_033,3.74699347740766,199.8303898208432,0.22725252862205664,31.497085161570038,0.13931441432293468,calm
166.0,SYNTH_033,3.7961041716930515,199.70553265717865,0.22502720009446825,31.667953073549903,0.13702912063059636,calm
168.0,SYNTH_033,3.609110100752128,199.58656881510444,0.22260165569254836,31.839922458301853,0.13505669343008692,calm
170.0,SYNTH_033,3.83528777619283,199.47359654432657,0.22000828110316373,32.01293646800857,0.1334025952475199,calm
172.0,SYNTH_033,3.7795710780239156,199.36671113587192,0.21727949256011825,32.1869379095317,0.13207140701471065,calm
174.0,SYNTH_033,3.8442615069450885,199.26600487503333,0.21444728391110537,32.36186926331814,0.13106681538254378,calm
176.0,SYNTH_033,3.8573092466739802,199.17156699579814,0.21154280198757808,32.53767270241423,0.130391602511001,calm
178.0,SYNTH_033,3.880775003266053,199.08348363678408,0.20859595752201546,32.7142901115816,0.13004763836412556,calm
180.0,SYNTH_033,4.101274328325736,199.0018377987033,0.20563507766436956,32.891663106508275,0.13003587553126217,calm
182.0,SYNTH_033,3.835295336932667,198.9267093033761,0.20268660485490256,33.06973305310874,0.13035634658891435,calm
184.0,SYNTH_033,4.060799836926607,198.85817475431438,0.1997748454585579,33.248441086906595,0.1310081640105257,calm
186.0,SYNTH_033,3.919188471887858,198.79630749889415,0.1969217702003442,33.427728132493314,0.13198952262443475,calm
188.0,SYNTH_033,3.919512571619378,198.74117759213647,0.1941468671037905,33.60753492305679,0.13329770461319618,calm
190.0,SYNTH_033,4.078779597178749,198.6928517621133,0.19146704636372233,33.78780201997315,0.1349290870404234,calm
192.0,SYNTH_033,3.866107406889006,198.65139337699713,0.18889659541410758,33.968469832455284,0.13687915188430677,calm
194.0,SYNTH_033,3.8531918939780967,198.61686241376918,0.1864471814096458,34.149478637251825,0.13914249855002092,calm
196.0,SYNTH_033,3.7164223069179974,198.5893154286023,0.1841278974479942,34.33076859838974,0.14171285882636797,calm
198.0,SYNTH_033,3.739282409943701,198.56880552893324,0.18194534813333832,34.51227978695433,0.14458311424523573,calm
200.0,SYNTH_033,3.5332974545750515,198.55538234723787,0.1799037695300694,34.69395220089987,0.14774531579579453,calm
202.0,SYNTH_033,3.492489247594233,198.54909201652217,0.17800517817983078,34.87572578488446,0.151190705938835,calm
204.0,SYNTH_033,3.3661905486973276,198.54997714754154,0.1762495436523552,35.057540450122474,0.15490974286028036,calm
206.0,SYNTH_033,3.458394344552368,198.5580768077594,0.17463497906119263,35.2393360942481,0.15889212689670346,calm
208.0,SYNTH_033,3.1606197495807233,198.57342650205513,0.17315794408592605,35.421052621183286,0.16312682905966436,calm
210.0,SYNTH_033,3.1728180390305387,198.5960581551919,0.17181345528545527,35.60262996100375,0.1676021215798737,calm
212.0,SYNTH_033,3.1415717948799133,198.62600009605168,0.17059529884237304,35.78400808979618,0.17230561038658934,calm
214.0,SYNTH_033,2.7581826138860603,198.66327704364647,0.16949624132464894,35.96512704950033,0.17722426943229785,calm
216.0,SYNTH_033,2.716945053513465,198.70791009491165,0.16850823456530373,36.14592696772936,0.1823444767676195,calm
218.0,SYNTH_033,2.5784213920018297,198.75991671428835,0.16762261132116751,36.32634807756174,0.18765205226653092,calm
220.0,SYNTH_033,2.5053639082083627,198.81931072509946,0.16683026895674913,36.506330737298434,0.19313229689742573,calm
222.0,SYNTH_033,2.442606662493449,198.88610230272323,0.16612183898886665,36.68581545017858,0.19877003343125493,calm
224.0,SYNTH_033,2.567128034575536,198.9602979695691,0.16548784090427318,36.86474288404734,0.20454964847400914,calm
226.0,SYNTH_033,2.273776689643377,199.04190059185635,0.16491881921083032,37.04305389096922,0.21045513570713414,calm
228.0,SYNTH_033,1.851665553629311,199.1309093781992,0.16440546319034793,37.22068952678064,0.2164701402161289,calm
230.0,SYNTH_033,2.0463802519998326,199.22731987999734,0.1639387092783872,37.39759107057507,0.22257800378456138,calm
232.0,SYNTH_033,1.9912507234252297,199.33112399363276,0.1635098263963197,37.573700044114304,0.22876181102806104,calm
234.0,SYNTH_033,2.115276346989711,199.44230996447135,0.16311048489966248,37.74895823115963,0.23500443624052336,calm
236.0,SYNTH_033,2.052977785975001,199.5608623926674,0.1627328100825921,37.92330769671632,0.2412885908227898,calm
238.0,SYNTH_033,1.727849136172353,199.68676224076827,0.1623694213922256,38.09669080618517,0.24759687116244952,calm
240.0,SYNTH_033,1.8133547237145609,199.81998684311503,0.1620134586602891,38.269050244414736,0.25391180683216424,calm
242.0,SYNTH_033,1.7546410686796323,199.96050991703513,0.16165859675826477,38.44032903464797,0.2602159089730339,calm
244.0,SYNTH_033,1.6992395614031022,200.10830157582066,0.16129905013028123,38.610470557356976,0.26649171872900707,calm
246.0,SYNTH_033,1.4886605031117974,200.263328343487,0.16092956866199193,38.7794185689597,0.2727218555981992,calm
248.0,SYNTH_033,1.4695896651445373,200.42555317130308,0.16054542631004426,38.94711722041239,0.2788890655672156,calm
250.0,SYNTH_033,1.6822657869655835,200.59493545608674,0.16014240385225786,39.1135110756715,0.28497626889516936,calm
252.0,SYNTH_033,1.4005130498098222,200.77143106025443,0.1597167670299835,39.27854513001917,0.29096660741506314,calm
0.0,SYNTH_034,8.633210512416785,359.3587218867241,0.18665257651955525,359.4391411193879,0.85,crosswind
2.0,SYNTH_034,8.690249103309906,359.1187218678812,0.18809571522623114,359.59116552429407,0.8563128740005687,crosswind
4.0,SYNTH_034,8.444651662325878,358.8767275005603,0.1895661855761073,359.74497792439814,0.8626082648519139,crosswind
6.0,SYNTH_034,8.89573179958599,358.6328977877819,0.19106309130506344,359.9005274740264,0.86886873782341,crosswind
8.0,SYNTH_034,8.724464742080706,358.3873926388728,0.19258557854583241,0.05776275325670621,0.8750769548875342,crosswind
10.0,SYNTH_034,8.639741370486286,358.14037279050166,0.19413284803982014,0.21663178491626933,0.881215722736558,crosswind
12.0,SYNTH_034,8.793740850609012,357.89199972730586,0.19570416891787296,0.37708205176370235,0.887268040398445,crosswind
14.0,SYNTH_034,8.775346851640572,357.64243560214976,0.19729889416198243,0.5390605138496491,0.8932171463200863,crosswind
16.0,SYNTH_034,8.635010345015582,357.39184315605206,0.19891647784422894,0.7025136260501856,0.8990465647874784,crosswind
18.0,SYNTH_034,8.77600621214109,357.14038563782356,0.20055649421649677,0.8673873557671516,0.9047401515542854,crosswind
20.0,SYNTH_034,8.839932281114912,356.8882267234535,0.20221865869360764,1.0336272007897,0.9102821385524215,crosswind
22.0,SYNTH_034,8.852281650109996,356.63553043528526,0.20390285073254225,1.2011782073110808,0.9156571775608268,crosswind
24.0,SYNTH_034,9.101505816038523,356.3824610610212,0.2056091385604638,1.3699849880946373,0.9208503827115023,crosswind
26.0,SYNTH_034,9.161562729568825,356.1291830725962,0.20733780564362225,1.5399917407831913,0.925847371715084,crosswind
28.0,SYNTH_034,9.190162483063245,355.87586104496006,0.2090893787174216,1.7111422663455422,0.9306343056917825,crosswind
30.0,SYNTH_034,9.11715895492079,355.6226595748094,0.21086465711482807,1.8833799876541697,0.935197927497383,crosswind
32.0,SYNTH_034,9.25994141736839,355.369743199309,0.2126647430361131,2.056647968187926,0.9395255984381587,crosswind
34.0,SYNTH_034,9.110254028194024,355.1172763148419,0.21449107229838882,2.2308889308534523,0.9436053332730233,crosswind
36.0,SYNTH_034,9.311463242724779,354.8654230958291,0.21634544498977268,2.406045276919296,0.9474258334059797,crosswind
38.0,SYNTH_034,9.264508856184214,354.61434741365963,0.2182300553322173,2.5820591050562345,0.9509765181769476,crosswind
40.0,SYNTH_034,9.381861588454358,354.3642127557696,0.2201475199316461,2.7588722304777047,0.9542475541643043,crosswind
42.0,SYNTH_034,9.328224118804624,354.11518214491065,0.2221009034673597,2.9364262041739426,0.9572298824179939,crosswind
44.0,SYNTH_034,9.350043464312895,353.86741805864864,0.2240937407487687,3.1146623322333835,0.9599152435477785,crosswind
46.0,SYNTH_034,9.433068573143151,353.6210823491308,0.22613005395114522,3.2935216952451007,0.9622962005971551,crosswind
48.0,SYNTH_034,9.441502622734236,353.3763361631623,0.22821436373870857,3.472945167775786,0.9643661596395882,crosswind
50.0,SYNTH_034,9.50918961898335,353.1333398626305,0.23035169289899826,3.652873437914747,0.9661193880400176,crosswind
52.0,SYNTH_034,9.52340096288207,352.89225294531764,0.23254756105360225,3.8332470268806818,0.9675510303310692,crosswind
54.0,SYNTH_034,9.462992733998277,352.65323396613917,0.23480796898362935,4.0140063086834825,0.9686571216599981,crosswind
56.0,SYNTH_034,9.452659576476385,352.41644045884874,0.2371393711205909,4.195091529834789,0.9694345987691253,crosswind
58.0,SYNTH_034,9.468601373648246,352.1820288582467,0.23954863481110247,4.376442829100689,0.9698813084793575,crosswind
60.0,SYNTH_034,9.75495488952017,351.95015442293163,0.24204298507298683,4.5580002572899545,0.9699960136532955,crosswind
62.0,SYNTH_034,9.440549170316807,351.72097115863255,0.24462993372601802,4.739703797071474,0.9697783966214161,crosswind
64.0,SYNTH_034,9.659356428418251,351.4946317421597,0.24731719200650218,4.92149338281409,0.9692290600618406,crosswind
66.0,SYNTH_034,9.66428794028728,351.27128744601197,0.250112566063338,5.103308920442479,0.9683495253312512,crosswind
68.0,SYNTH_034,9.623830124256713,351.05108806367724,0.2530238350843636,5.285090307302448,0.9671422282515795,crosswind
70.0,SYNTH_034,9.586967011870025,350.8341818356635,0.25605861221362286,5.466777452028975,0.9656105123641346,crosswind
72.0,SYNTH_034,9.667936510401228,350.62071537629663,0.25922418888805454,5.648310294410605,0.9637586196698542,crosswind
74.0,SYNTH_034,9.663633697536715,350.41083360132114,0.2625273637386723,5.829628825243542,0.9615916788813209,crosswind
76.0,SYNTH_034,9.63903144659723,350.20467965634003,0.26597425775634703,6.010673106168808,0.9591156912190818,crosswind
78.0,SYNTH_034,9.76283808011457,350.0023948461282,0.2695701180027848,6.191383289486052,0.9563375137916061,crosswind
80.0,SYNTH_034,9.652528379670294,349.80411856485534,0.27331911273745446,6.371699637937397,0.9532648406049092,crosswind
82.0,SYNTH_034,9.658510658187307,349.6099882272523,0.2772241214128851,6.551562544454687,0.9499061812544357,crosswind
84.0,SYNTH_034,9.67847019572869,349.42013920075453,0.2812865235437133,6.730912551863836,0.9462708373582138,crosswind
86.0,SYNTH_034,9.802625837949696,349.23470473865655,0.2855059909574693,6.909690372539483,0.9423688767965486,crosswind
88.0,SYNTH_034,9.803873063892093,349.0538159143111,0.2898802883649047,7.087836908003692,0.9382111058295926,crosswind
90.0,SYNTH_034,9.78065706112178,348.8776015564039,0.29440508752230876,7.265293268462135,0.9338090391700183,crosswind
92.0,SYNTH_034,9.944595451202458,348.70618818533677,0.29907380047626714,7.442000792271189,0.9291748680936683,crosswind
94.0,SYNTH_034,9.775471260409002,348.5396999507519,0.3038774374631278,7.61790106532975,0.9243214266765034,crosswind
96.0,SYNTH_034,9.671581667623649,348.37825857022517,0.3088044949643706,7.792935940389094,0.9192621562513518,crosswind
98.0,SYNTH_034,9.80771896936219,348.22198326916146,0.31384087918226944,7.967047556274593,0.9140110681828939,crosswind
100.0,SYNTH_034,9.85815794419774,348.0709907219201,0.3189698697895656,8.140178357012884,0.908582705063977,crosswind
102.0,SYNTH_034,9.892628965918082,347.9253949942008,0.3241721282196948,8.31227111085806,0.9029921004407228,crosswind
104.0,SYNTH_034,9.816339568935549,347.78530748671665,0.3294257540039005,8.483268929210755,0.8972547371779671,crosswind
106.0,SYNTH_034,9.715269236815994,347.6508368801839,0.33470639173829286,8.653115285423807,0.8913865045803376,crosswind
108.0,SYNTH_034,9.677484163184177,347.5220890816547,0.3399873901941942,8.821754033488176,0.8854036543877193,crosswind
110.0,SYNTH_034,9.736596948510451,347.39916717221973,0.34524001389211223,8.989129426593156,0.8793227557669746,crosswind
112.0,SYNTH_034,9.78388224129251,347.2821713561055,0.3504337061726942,9.155186135554516,0.8731606494245695,crosswind
114.0,SYNTH_034,9.657741972572703,347.17119891119313,0.3555364014517509,9.319869267104682,0.866934400967184,crosswind
116.0,SYNTH_034,9.754810064643703,347.066344140982,0.36051488298006273,9.483124382038735,0.8606612536394755,crosswind
118.0,SYNTH_034,9.68360949131186,346.96769832802187,0.36533518108456875,9.644897513210347,0.8543585805698829,crosswind
120.0,SYNTH_034,9.667691520720393,346.87534968883676,0.36996300558981177,9.805135183371718,0.8480438366567253,crosswind
122.0,SYNTH_034,9.76731210618861,346.78938333036336,0.37436420495144623,9.963784422851447,0.8417345102278441,crosswind
124.0,SYNTH_034,9.68180870296117,346.7098812079246,0.3785052436199028,10.120792787064728,0.8354480746076623,crosswind
126.0,SYNTH_034,9.613042145281526,346.63692208475925,0.38235368833134004,10.276108373849933,0.8292019397257971,crosswind
128.0,SYNTH_034,9.689722267351224,346.5705814931284,0.3858786934292115,10.429679840625846,0.8230134039012391,crosswind
130.0,SYNTH_034,9.711908935942382,346.51093169701693,0.3890514749809968,10.58145642136396,0.8168996059356315,crosswind
132.0,SYNTH_034,9.7074864135016,346.4580416564492,0.3918457633909096,10.731387943370205,0.8108774776483241,crosswind
134.0,SYNTH_034,9.77497676056276,346.4119769934361,0.39423822443176426,10.879424843870456,0.804963696984652,crosswind
136.0,SYNTH_034,9.660717668872001,346.3727999595703,0.39620883912909377,11.025518186394489,0.799174641827305,crosswind
138.0,SYNTH_034,9.640126401026636,346.34056940528615,0.39774123371950487,11.169619676952916,0.7935263446387038,crosswind
140.0,SYNTH_034,9.57985092876483,346.3153407507989,0.39882295195465667,11.311681680001634,0.7880344480599966,crosswind
142.0,SYNTH_034,9.640312548207921,346.29716595873765,0.3994456633042518,11.451657234188739,0.7827141615896458,crosswind
144.0,SYNTH_034,9.636215336962342,346.2860935084862,0.399605302089587,11.58950006787847,0.7775802194615781,crosswind
146.0,SYNTH_034,9.570971213877987,346.28216837224335,0.3993021342097844,11.725164614447232,0.7726468398395521,crosswind
148.0,SYNTH_034,9.865270059380222,346.2854319928153,0.3985407498563751,11.85860602734649,0.7679276854407551,crosswind
150.0,SYNTH_034,9.684977870520607,346.2959222631508,0.3973299823951101,11.989780194927688,0.7634358256976762,crosswind
152.0,SYNTH_034,9.574166829399454,346.31367350762997,0.3956827553715312,12.118643755024225,0.7591837005630486,crosswind
154.0,SYNTH_034,9.687679160874557,346.338716465114,0.3936158613139603,12.245154109285624,0.7551830860581012,crosswind
156.0,SYNTH_034,9.839264643183531,346.37107827376605,0.3911496776114549,12.369269437259257,0.7514450616595303,crosswind
158.0,SYNTH_034,9.763947508804671,346.41078245765095,0.38830782618649057,12.49094871021494,0.7479799796155122,crosswind
160.0,SYNTH_034,9.780347848850353,346.45784891511835,0.3851167849202743,12.610151704707727,0.7447974362757354,crosswind
162.0,SYNTH_034,9.854734870052715,346.5122939089767,0.3816054597878318,12.72683901587457,0.7419062455148491,crosswind
164.0,SYNTH_034,9.843613062243271,346.57413005846274,0.37780472739427684,12.840972070460378,0.7393144143229347,crosswind
166.0,SYNTH_034,9.877710600442642,346.64336633301014,0.3737469580564355,12.952513139569124,0.7370291206305963,crosswind
168.0,SYNTH_034,9.983152413619075,346.7200080478201,0.36946552973871966,13.061425351135895,0.735056693430087,crosswind
170.0,SYNTH_034,10.052602194884958,346.80405686123686,0.3649943430322155,13.167672702115636,0.7334025952475198,crosswind
172.0,SYNTH_034,9.952815967593986,346.89551077392866,0.3603673469743009,13.271220070384693,0.7320714070147106,crosswind
174.0,SYNTH_034,10.218357356348411,346.994364129875,0.35561808486441515,13.372033226351075,0.7310668153825437,crosswind
176.0,SYNTH_034,10.193559393212007,347.10060761916,0.35077926836915624,13.470078844269727,0.730391602511001,crosswind
178.0,SYNTH_034,9.993212326753394,347.21422828256885,0.345882387162218,13.565324513259018,0.7300476383641256,crosswind
180.0,SYNTH_034,9.973666494035106,347.3352095179883,0.3409573601519926,13.65773874801475,0.7300358755312621,crosswind
182.0,SYNTH_034,9.97673404445609,347.4635310886039,0.33603223305510216,13.747290999218267,0.7303563465889144,crosswind
184.0,SYNTH_034,9.999490561479991,347.59916913289373,0.33113292572206143,13.83395166363512,0.7310081640105257,crosswind
186.0,SYNTH_034,10.012599777138012,347.74209617641094,0.32628303125562014,13.917692093900975,0.7319895226244347,crosswind
188.0,SYNTH_034,9.870133471599258,347.8922811453511,0.3215036676249188,13.998484607991568,0.7332977046131962,crosswind
190.0,SYNTH_034,9.998984380352868,348.04968938189666,0.3168133812077869,14.07630249837354,0.7349290870404234,crosswind
192.0,SYNTH_034,9.915781471357278,348.21428266133097,0.3122281005230205,14.151120040833115,0.7368791518843067,crosswind
194.0,SYNTH_034,9.873656453290144,348.3860192109141,0.30776113737240146,14.222912502979753,0.7391424985500209,crosswind
196.0,SYNTH_034,9.803621412780563,348.5648537305106,0.30342323172044516,14.291656152421906,0.741712858826368,crosswind
198.0,SYNTH_034,9.729731354318591,348.7507374149588,0.2992226359136825,14.357328264612244,0.7445831142452357,crosswind
200.0,SYNTH_034,9.649893167233856,348.94361797817106,0.2951652332893323,14.41990713035967,0.7477453157957945,crosswind
202.0,SYNTH_034,9.28483980187211,349.1434396789534,0.2912546858477267,14.47937206300572,0.751190705938835,crosswind
204.0,SYNTH_034,9.337110059460585,349.35014334853065,0.2874926054600086,14.53570340526296,0.7549097428602803,crosswind
206.0,SYNTH_034,9.313713843765745,349.56366641976405,0.28387874304329613,14.58888253571306,0.7588921268967035,crosswind
0.0,SYNTH_035,6.332260576568473,334.9469387316344,0.4204550700090038,340.072890034296,1.15,changing_wind_current
2.0,SYNTH_035,6.215938560690919,334.7750016965848,0.42069088549613703,340.0964422080384,1.1563128740005686,changing_wind_current
4.0,SYNTH_035,6.05767076006475,334.5982772033961,0.4209764023942311,340.12326819499395,1.1626082648519138,changing_wind_current
6.0,SYNTH_035,6.1271141417545465,334.41689202437846,0.4213116916823044,340.15335912731206,1.16886873782341,changing_wind_current
8.0,SYNTH_035,6.350970269335917,334.230975233321,0.4216968476869033,340.1867050578511,1.1750769548875342,changing_wind_current
10.0,SYNTH_035,6.387772011720439,334.0406581417536,0.4221319995199388,340.2232949634666,1.1812157227365578,changing_wind_current
12.0,SYNTH_035,6.490928420338122,333.84607423410483,0.42261732410165215,340.26311674865536,1.1872680403984448,changing_wind_current
14.0,SYNTH_035,6.417861924698998,333.6473591017859,0.4231530608813174,340.30615724955334,1.1932171463200862,changing_wind_current
16.0,SYNTH_035,6.371455988860709,333.44465037623536,0.42373952835258755,340.3524022382878,1.1990465647874782,changing_wind_current
18.0,SYNTH_035,6.3865321074777555,333.2380876609552,0.4243771424376071,340.40183642768034,1.2047401515542855,changing_wind_current
20.0,SYNTH_035,6.285693418461221,333.02781246257393,0.42506643678311506,340.4544434763003,1.2102821385524214,changing_wind_current
22.0,SYNTH_035,6.397104330346183,332.8139681209696,0.4258080849717669,340.5102059938669,1.2156571775608267,changing_wind_current
24.0,SYNTH_035,6.251677296984985,332.59669973848764,0.42660292460193683,340.5691055469979,1.2208503827115023,changing_wind_current
26.0,SYNTH_035,6.2207331277513545,332.37615410828835,0.4274519831286063,340.63112266530294,1.225847371715084,changing_wind_current
28.0,SYNTH_035,6.261349125064638,332.1524796418591,0.4283565052861351,340.69623684782016,1.2306343056917826,changing_wind_current
30.0,SYNTH_035,6.372616072245216,331.92582629572826,0.4293179818305877,340.7644265697929,1.2351979274973828,changing_wind_current
32.0,SYNTH_035,6.486709326014323,331.6963454974152,0.43033817924508766,340.8356692897853,1.2395255984381588,changing_wind_current
34.0,SYNTH_035,6.49748190059619,331.46419007065475,0.43141916994711815,340.90994145713375,1.2436053332730233,changing_wind_current
36.0,SYNTH_035,6.5931532466747464,331.2295141599312,0.4325633624230482,340.9872185197321,1.2474258334059798,changing_wind_current
38.0,SYNTH_035,6.673270671096083,330.99247315436133,0.43377353059434504,341.0674749321476,1.2509765181769474,changing_wind_current
40.0,SYNTH_035,6.693507211972898,330.75322361096187,0.43505284159451735,341.15068416406575,1.2542475541643043,changing_wind_current
42.0,SYNTH_035,6.770372872764773,330.51192317734046,0.43640488100914204,341.23681870906023,1.2572298824179937,changing_wind_current
44.0,SYNTH_035,6.6671119835747845,330.2687305138487,0.43783367450739685,341.32585009368563,1.2599152435477783,changing_wind_current
46.0,SYNTH_035,6.697446026591803,330.02380521523395,0.4393437046771363,341.41774888689014,1.262296200597155,changing_wind_current
48.0,SYNTH_035,6.717140687319114,329.7773077318308,0.4409399217721572,341.51248470974423,1.264366159639588,changing_wind_current
50.0,SYNTH_035,6.810681997915108,329.52939929032925,0.442627746995909,341.61002624548325,1.2661193880400174,changing_wind_current
52.0,SYNTH_035,6.7415280893812355,329.2802418141603,0.4444130668870073,341.7103412498597,1.267551030331069,changing_wind_current
54.0,SYNTH_035,6.968374542491055,329.0299978435367,0.44630221734520253,341.81339656180234,1.268657121659998,changing_wind_current
56.0,SYNTH_035,7.016621951831497,328.77883045518956,0.4483019558487136,341.91915811437775,1.2694345987691251,changing_wind_current
58.0,SYNTH_035,6.859354232051774,328.52690318184,0.4504194204715617,342.0275909460525,1.2698813084793574,changing_wind_current
60.0,SYNTH_035,6.963247527403346,328.27437993144554,0.4526620744186863,342.1386592122498,1.2699960136532953,changing_wind_current
62.0,SYNTH_035,6.820869798483253,328.02142490626136,0.45503763496226385,342.2523261971989,1.269778396621416,changing_wind_current
64.0,SYNTH_035,6.966266997244455,327.76820252175577,0.45755398588858415,342.3685543260722,1.2692290600618406,changing_wind_current
66.0,SYNTH_035,6.9712294502928644,327.5148773254211,0.4602190728532624,342.4873051774062,1.2683495253312511,changing_wind_current
68.0,SYNTH_035,7.154600152249895,327.26161391551886,0.463040781393712,342.6085394958025,1.2671422282515794,changing_wind_current
70.0,SYNTH_035,6.902980857715285,327.00857685979986,0.46602679775959965,342.73221720490466,1.2656105123641346,changing_wind_current
72.0,SYNTH_035,7.076358130372595,326.75593061423984,0.46918445318986124,342.8582974206457,1.2637586196698543,changing_wind_current
74.0,SYNTH_035,7.140349100032274,326.50383944182965,0.4725205527813923,342.9867384647638,1.2615916788813208,changing_wind_current
76.0,SYNTH_035,7.218495929787702,326.25246733146145,0.4760411906495525,343.11749787857923,1.2591156912190817,changing_wind_current
78.0,SYNTH_035,7.350542308280224,326.0019779169494,0.4797515536610816,343.2505324370303,1.2563375137916062,changing_wind_current
80.0,SYNTH_035,7.334663450364946,325.75253439622645,0.48365571661016155,343.3857981629622,1.2532648406049092,changing_wind_current
82.0,SYNTH_035,7.301470206517025,325.5042994507562,0.48775643229000804,343.52325034166415,1.2499061812544356,changing_wind_current
84.0,SYNTH_035,7.350396616828354,325.2574351651995,0.4920549204653057,343.66284353565123,1.2462708373582139,changing_wind_current
86.0,SYNTH_035,7.2608469208558555,325.01210294737575,0.4965506602533931,343.8045315996843,1.2423688767965484,changing_wind_current
88.0,SYNTH_035,7.697625469862015,324.76846344855903,0.5012411908518947,343.9482676960241,1.2382111058295926,changing_wind_current
90.0,SYNTH_035,7.402320617124738,324.5266764841472,0.5061219258851166,344.09400430991485,1.2338090391700183,changing_wind_current
92.0,SYNTH_035,7.467277976190595,324.2869009547437,0.5111859868595114,344.2416932652907,1.2291748680936683,changing_wind_current
94.0,SYNTH_035,7.556447364392922,324.049294767692,0.5164240613003034,344.3912857407013,1.2243214266765032,changing_wind_current
96.0,SYNTH_035,7.6096241638257665,323.81401475909917,0.5218242910702772,344.5427322854511,1.2192621562513517,changing_wind_current
98.0,SYNTH_035,7.508314089681326,323.5812166163897,0.5273721961349059,344.69598283594576,1.2140110681828937,changing_wind_current
100.0,SYNTH_035,7.527728010580004,323.3510548014255,0.5330506386272984,344.8509867322419,1.208582705063977,changing_wind_current
102.0,SYNTH_035,7.469495403578132,323.1236824742319,0.5388398314792504,345.0076927347937,1.2029921004407227,changing_wind_current
104.0,SYNTH_035,7.734692858791008,322.89925141736614,0.5447173951244582,345.1660490413909,1.197254737177967,changing_wind_current
106.0,SYNTH_035,7.523494074266246,322.677911960966,0.5506584648566503,345.3260033042835,1.1913865045803376,changing_wind_current
108.0,SYNTH_035,7.732852652475211,322.45981290851586,0.5566358503556621,345.4875026474858,1.185403654387719,changing_wind_current
110.0,SYNTH_035,7.6555021068593385,322.2451014633664,0.5626202477014535,345.65049368425593,1.1793227557669745,changing_wind_current
112.0,SYNTH_035,7.8482915667404125,322.0339231560447,0.5685805029090644,345.81492253474374,1.1731606494245694,changing_wind_current
114.0,SYNTH_035,7.80433453082157,321.8264217723902,0.5744839246712189,345.9807348438018,1.166934400967184,changing_wind_current
116.0,SYNTH_035,7.773775878733258,321.62273928255223,0.5802966426288907,346.1478757989538,1.1606612536394754,changing_wind_current
118.0,SYNTH_035,7.815700816552505,321.4230157708845,0.5859840061460145,346.31629014851336,1.1543585805698828,changing_wind_current
120.0,SYNTH_035,7.843060662869293,321.2273893667698,0.591511017286782,346.4859222198491,1.1480438366567254,changing_wind_current
122.0,SYNTH_035,7.761081820725268,321.03599617641146,0.596842790526874,346.6567159377881,1.141734510227844,changing_wind_current
124.0,SYNTH_035,7.888757056206158,320.84897021562296,0.6019450307162505,346.82861484315237,1.1354480746076623,changing_wind_current
126.0,SYNTH_035,7.893612866434926,320.6664433436498,0.6067845199901442,347.0015621114231,1.129201939725797,changing_wind_current
128.0,SYNTH_035,7.917282126284226,320.48854519805667,0.6113296037310726,347.17550057152454,1.123013403901239,changing_wind_current
130.0,SYNTH_035,7.831809357750837,320.31540313071156,0.6155506653459019,347.3503727247233,1.1168996059356315,changing_wind_current
132.0,SYNTH_035,7.969402367918192,320.14714214489857,0.6194205795582303,347.5261207636356,1.110877477648324,changing_wind_current
134.0,SYNTH_035,8.00189290453256,319.9838848335903,0.6229151341387233,347.70268659133677,1.104963696984652,changing_wind_current
136.0,SYNTH_035,7.880072825913636,319.8257513189105,0.6260134105059186,347.880011840566,1.099174641827305,changing_wind_current
138.0,SYNTH_035,7.875407042260183,319.6728591928173,0.6286981144189043,348.0580378930211,1.0935263446387038,changing_wind_current
140.0,SYNTH_035,8.052890463247554,319.52532345903535,0.6309558490326568,348.2367058987357,1.0880344480599966,changing_wind_current
142.0,SYNTH_035,8.030066493791072,319.38325647626596,0.6327773238688137,348.41595679553336,1.0827141615896458,changing_wind_current
144.0,SYNTH_035,7.8419846768880985,319.2467679027038,0.6341574947328021,348.59573132855166,1.077580219461578,changing_wind_current
146.0,SYNTH_035,8.119392706962126,319.1159646418872,0.6350956312388043,348.77597006983,1.0726468398395521,changing_wind_current
148.0,SYNTH_035,7.906427007965156,318.99095078990786,0.6355953103375791,348.9566134379549,1.0679276854407551,changing_wind_current
150.0,SYNTH_035,8.236464896763346,318.87182758400786,0.635664336025353,349.13760171775544,1.0634358256976761,changing_wind_current
152.0,SYNTH_035,8.11610987917989,318.7586933525881,0.6353145871896345,349.3188750800436,1.0591837005630484,changing_wind_current
154.0,SYNTH_035,8.324957155881943,318.65164346665296,0.634561797264928,349.50037360139174,1.0551830860581013,changing_wind_current
156.0,SYNTH_035,8.30561703347514,318.550770292715,0.6334252709751967,349.6820372839415,1.0514450616595301,changing_wind_current
158.0,SYNTH_035,8.41099960695547,318.4561631471847,0.6319275448821309,349.86380607523733,1.0479799796155123,changing_wind_current
160.0,SYNTH_035,8.371740721865692,318.3679082522645,0.6300939996964088,350.0456198880779,1.0447974362757353,changing_wind_current
162.0,SYNTH_035,8.543813606258547,318.2860886933723,0.6279524333083735,350.2274186203792,1.0419062455148491,changing_wind_current
164.0,SYNTH_035,8.522203990624844,318.2107843781127,0.6255326042287992,350.40914217504235,1.0393144143229347,changing_wind_current
166.0,SYNTH_035,8.647166004621257,318.1420719968188,0.6228657555831834,350.5907304798198,1.0370291206305962,changing_wind_current
168.0,SYNTH_035,8.637895454202159,318.08002498468153,0.6199841299677138,350.7721235071737,1.0350566934300869,changing_wind_current
170.0,SYNTH_035,8.644843332875247,318.0247134854868,0.6169204853551256,350.9532612941187,1.0334025952475199,changing_wind_current
172.0,SYNTH_035,8.698770977298784,317.9762043169783,0.6137076218470044,351.1340839620443,1.0320714070147106,changing_wind_current
174.0,SYNTH_035,8.753376622540245,317.9345609378622,0.6103779284273998,351.3145317365086,1.0310668153825437,changing_wind_current
176.0,SYNTH_035,8.73696261460103,317.89984341647124,0.6069629580101552,351.4945449669981,1.030391602511001,changing_wind_current
178.0,SYNTH_035,8.742066176574252,317.87210840110174,0.6034930380247033,351.67406414664606,1.0300476383641255,changing_wind_current
180.0,SYNTH_035,8.643243138228447,317.85140909204114,0.5999969225923734,351.85302993190413,1.030035875531262,changing_wind_current
182.0,SYNTH_035,8.805724067039497,317.8377952152969,0.5965014910507054,352.0313831621589,1.0303563465889143,changing_wind_current
184.0,SYNTH_035,8.63918506548255,317.8313129980417,0.5930314962311939,352.2090648792891,1.0310081640105255,changing_wind_current
186.0,SYNTH_035,8.638298514919637,317.8320051457857,0.5896093645302344,352.38601634715513,1.0319895226244347,changing_wind_current
188.0,SYNTH_035,8.639983423426562,317.8399108212887,0.5862550484756274,352.5621790710154,1.0332977046131961,changing_wind_current
190.0,SYNTH_035,8.819791532919607,317.85506562522124,0.5829859312201928,352.737494816863,1.0349290870404233,changing_wind_current
192.0,SYNTH_035,8.509423477055147,317.87750157858454,0.5798167812235544,352.911905630676,1.0368791518843066,changing_wind_current
194.0,SYNTH_035,8.314533150554471,317.9072471068985,0.5767597543410814,353.0853538575754,1.0391424985500208,changing_wind_current
196.0,SYNTH_035,8.673131073374673,317.94432702616496,0.5738244396472021,353.25778216088383,1.0417128588263678,changing_wind_current
198.0,SYNTH_035,8.245539824594776,317.98876253061337,0.571017944594124,353.4291335410796,1.0445831142452358,changing_wind_current
200.0,SYNTH_035,8.299495315520213,318.04057118223466,0.5683450145550499,353.5993513546388,1.0477453157957943,changing_wind_current
202.0,SYNTH_035,8.125894365792343,318.09976690210954,0.5658081814254908,353.76837933276,1.0511907059388348,changing_wind_current
204.0,SYNTH_035,8.04823768342531,318.1663599635339,0.5634079357534346,353.93616159996486,1.0549097428602803,changing_wind_current
206.0,SYNTH_035,8.022124898867958,318.2403569869456,0.561142916829815,354.10264269256913,1.0588921268967033,changing_wind_current
